label,term,score,freq_cluster,freq_others,cov_cluster,cov_others,kind
cluster_0,along i71,13.507392004068812,36,1,0.1232876712328767,0.0014124293785310734,NG2
cluster_0,work along i71,12.16766644302864,33,1,0.11301369863013698,0.0014124293785310734,NG3
cluster_0,911 report,10.852864771902736,17,0,0.05821917808219178,0.0,NG2
cluster_0,called 911 report,10.245217597622823,17,0,0.05821917808219178,0.0,NG3
cluster_0,deer suddenly,10.012915317441422,21,1,0.07191780821917808,0.0014124293785310734,NG2
cluster_0,damage the front,9.827176070484462,43,5,0.14726027397260275,0.007062146892655367,NG3
cluster_0,suddenly darted,9.713941719286646,14,0,0.04794520547945205,0.0,NG2
cluster_0,auto body,9.658646250033522,44,7,0.1506849315068493,0.009887005649717515,NG2
cluster_0,damage vehicle,9.650935007382953,29,3,0.09931506849315068,0.00423728813559322,NG2
cluster_0,side the highway,9.524501938982382,15,0,0.05136986301369863,0.0,NG3
cluster_0,avoid hitting,9.432231245020791,19,1,0.06506849315068493,0.0014124293785310734,NG2
cluster_0,exit for,9.37446800436302,42,7,0.14383561643835616,0.009887005649717515,NG2
cluster_0,darted across,8.811935195162715,17,1,0.05821917808219178,0.0014124293785310734,NG2
cluster_0,efforts brake,8.811935195162715,17,1,0.05821917808219178,0.0014124293785310734,NG2
cluster_0,police arrived,8.785805527816516,35,6,0.11986301369863013,0.00847457627118644,NG2
cluster_0,deer suddenly darted,8.742127370793789,13,0,0.04452054794520548,0.0,NG3
cluster_0,i71 ohio,8.741581816207187,21,2,0.07191780821917808,0.002824858757062147,NG2
cluster_0,thankfully was,8.562587706941901,24,3,0.0821917808219178,0.00423728813559322,NG2
cluster_0,along i71 ohio,8.509180890630054,18,1,0.06164383561643835,0.0014124293785310734,NG3
cluster_0,shop where,8.414112030873952,11,0,0.03767123287671233,0.0,NG2
cluster_0,was unharmed,8.414112030873952,11,0,0.03767123287671233,0.0,NG2
cluster_0,wearing seatbelt,8.414112030873952,11,0,0.03767123287671233,0.0,NG2
cluster_0,fortunately was,8.414112030873952,11,0,0.03767123287671233,0.0,NG2
cluster_0,smith auto,8.414112030873952,11,0,0.03767123287671233,0.0,NG2
cluster_0,was wearing,8.414112030873952,11,0,0.03767123287671233,0.0,NG2
cluster_0,body shop abc,8.323829403312077,12,0,0.0410958904109589,0.0,NG3
cluster_0,but car,8.27024048934615,26,4,0.08561643835616438,0.005649717514124294,NG2
cluster_0,work along,8.146331732665972,67,21,0.22945205479452055,0.029661016949152543,NG2
cluster_0,shop abc,8.145361512849142,15,1,0.05136986301369863,0.0014124293785310734,NG2
cluster_0,suddenly deer,8.145361512849142,15,1,0.05136986301369863,0.0014124293785310734,NG2
cluster_0,auto body shop,7.982611892227482,28,4,0.0958904109589041,0.005649717514124294,NG3
cluster_0,clear but,7.935323155651627,10,0,0.03424657534246575,0.0,NG2
cluster_0,deer unexpectedly,7.935323155651627,10,0,0.03424657534246575,0.0,NG2
cluster_0,unfortunately collided,7.935323155651627,10,0,0.03424657534246575,0.0,NG2
cluster_0,local garage,7.9127486094377915,18,2,0.06164383561643835,0.002824858757062147,NG2
cluster_0,despite best,7.9127486094377915,18,2,0.06164383561643835,0.002824858757062147,NG2
cluster_0,shoulder and called,7.884780555417867,11,0,0.03767123287671233,0.0,NG3
cluster_0,across the highway,7.884780555417867,11,0,0.03767123287671233,0.0,NG3
cluster_0,abc auto,7.792129663613841,14,1,0.04794520547945205,0.0014124293785310734,NG2
cluster_0,called 911,7.553868952795422,33,8,0.11301369863013698,0.011299435028248588,NG2
cluster_0,across the road,7.431378080399048,22,3,0.07534246575342465,0.00423728813559322,NG3
cluster_0,darted onto,7.428916415307796,9,0,0.030821917808219176,0.0,NG2
cluster_0,was struck,7.428916415307796,9,0,0.030821917808219176,0.0,NG2
cluster_0,right side,7.428916415307796,9,0,0.0273972602739726,0.0,NG2
cluster_0,for columbus,7.428916415307796,9,0,0.030821917808219176,0.0,NG2
cluster_0,patch black,7.428916415307796,9,0,0.030821917808219176,0.0,NG2
cluster_0,towed local,7.423913366128915,13,1,0.04452054794520548,0.0014124293785310734,NG2
cluster_0,auto repairs,7.423913366128915,13,1,0.04452054794520548,0.0014124293785310734,NG2
cluster_0,immediately pulled,7.3870082824323084,32,8,0.1095890410958904,0.011299435028248588,NG2
cluster_0,from work along,7.381238608625282,66,20,0.22602739726027396,0.02824858757062147,NG3
cluster_0,impact caused,7.321929101161309,19,3,0.06506849315068493,0.00423728813559322,NG2
cluster_0,time react,7.321929101161309,19,3,0.06506849315068493,0.00423728813559322,NG2
cluster_0,front end,7.312972190931534,16,2,0.0547945205479452,0.002824858757062147,NG2
cluster_0,colliding with,7.312972190931534,16,2,0.0547945205479452,0.002824858757062147,NG2
cluster_0,took statement,7.312972190931534,16,2,0.0547945205479452,0.002824858757062147,NG2
cluster_0,despite best efforts,7.294515980470369,18,2,0.06164383561643835,0.002824858757062147,NG3
cluster_0,pulled over,7.279210377976313,67,26,0.22945205479452055,0.03672316384180791,NG2
cluster_0,best efforts brake,7.2199474195836695,14,1,0.04794520547945205,0.0014124293785310734,NG3
cluster_0,vehicle for,7.039199476733759,12,1,0.0410958904109589,0.0014124293785310734,NG2
cluster_0,front bumper,7.022969175357608,23,5,0.07876712328767123,0.007062146892655367,NG2
cluster_0,injured but,7.022969175357608,23,5,0.07876712328767123,0.007062146892655367,NG2
cluster_0,car sustained,7.022969175357608,23,5,0.07876712328767123,0.007062146892655367,NG2
cluster_0,over the shoulder,7.010420751877189,17,2,0.05821917808219178,0.002824858757062147,NG3
cluster_0,suddenly darted across,6.934060078652593,9,0,0.030821917808219176,0.0,NG3
cluster_0,exit for columbus,6.934060078652593,9,0,0.030821917808219176,0.0,NG3
cluster_0,light drizzle making,6.934060078652593,9,0,0.030821917808219176,0.0,NG3
cluster_0,was clear but,6.934060078652593,9,0,0.030821917808219176,0.0,NG3
cluster_0,with the animal,6.934060078652593,9,0,0.030821917808219176,0.0,NG3
cluster_0,patch black ice,6.934060078652593,9,0,0.030821917808219176,0.0,NG3
cluster_0,sun was,6.891034510946234,8,0,0.0273972602739726,0.0,NG2
cluster_0,get estimate,6.891034510946234,8,0,0.0273972602739726,0.0,NG2
cluster_0,shop smith,6.891034510946234,8,0,0.0273972602739726,0.0,NG2
cluster_0,responding officer,6.891034510946234,8,0,0.0273972602739726,0.0,NG2
cluster_0,wasn injured,6.891034510946234,8,0,0.0273972602739726,0.0,NG2
cluster_0,encountered unexpected,6.891034510946234,8,0,0.0273972602739726,0.0,NG2
cluster_0,joes auto,6.891034510946234,8,0,0.0273972602739726,0.0,NG2
cluster_0,swerved avoid hitting,6.865050009084999,13,1,0.04452054794520548,0.0014124293785310734,NG3
cluster_0,onto the road,6.865050009084999,13,1,0.04452054794520548,0.0014124293785310734,NG3
cluster_0,but car sustained,6.865050009084999,13,1,0.04452054794520548,0.0014124293785310734,NG3
cluster_0,sustained significant,6.798646673617656,22,5,0.07534246575342465,0.007062146892655367,NG2
cluster_0,police arrived shortly,6.716482929740842,16,2,0.0547945205479452,0.002824858757062147,NG3
cluster_0,local auto,6.667941677611412,14,2,0.04794520547945205,0.002824858757062147,NG2
cluster_0,along the a1m,6.65188051997311,27,6,0.09246575342465753,0.00847457627118644,NG3
cluster_0,when encountered,6.56822284077388,21,5,0.07191780821917808,0.007062146892655367,NG2
cluster_0,immediately pulled over,6.495300870697617,31,8,0.10616438356164383,0.011299435028248588,NG3
cluster_0,shop abc auto,6.494574255953201,12,1,0.0410958904109589,0.0014124293785310734,NG3
cluster_0,sustained significant damage,6.4928155697839705,21,4,0.07191780821917808,0.005649717514124294,NG3
cluster_0,year with light,6.4158474429863555,8,0,0.0273972602739726,0.0,NG3
cluster_0,body shop where,6.4158474429863555,8,0,0.0273972602739726,0.0,NG3
cluster_0,i71 ohio around,6.4158474429863555,8,0,0.0273972602739726,0.0,NG3
cluster_0,thankfully was wearing,6.4158474429863555,8,0,0.0273972602739726,0.0,NG3
cluster_0,road and despite,6.4158474429863555,8,0,0.0273972602739726,0.0,NG3
cluster_0,when car was,6.4158474429863555,8,0,0.0273972602739726,0.0,NG3
cluster_0,thankfully wasn injured,6.4158474429863555,8,0,0.0273972602739726,0.0,NG3
cluster_0,making the roads,6.4158474429863555,8,0,0.0273972602739726,0.0,NG3
cluster_0,impact caused significant,6.411898942783756,15,2,0.05136986301369863,0.002824858757062147,NG3
cluster_0,injured but car,6.411898942783756,15,2,0.05136986301369863,0.002824858757062147,NG3
cluster_0,officer arrived,6.331310093328621,20,5,0.0684931506849315,0.007062146892655367,NG2
cluster_0,struck another,6.316922283620855,7,0,0.023972602739726026,0.0,NG2
cluster_0,after pulling,6.316922283620855,7,0,0.023972602739726026,0.0,NG2
cluster_0,unexpectedly darted,6.316922283620855,7,0,0.023972602739726026,0.0,NG2
cluster_0,i71 north,6.316922283620855,7,0,0.023972602739726026,0.0,NG2
cluster_0,guardrail immediately,6.316922283620855,7,0,0.023972602739726026,0.0,NG2
cluster_0,damage car,6.308747515141896,22,6,0.07191780821917808,0.00847457627118644,NG2
cluster_0,just past,6.304247277620191,24,7,0.0821917808219178,0.009887005649717515,NG2
cluster_0,drizzle making,6.212917117396414,10,1,0.03424657534246575,0.0014124293785310734,NG2
cluster_0,year with,6.212917117396414,10,1,0.03424657534246575,0.0014124293785310734,NG2
cluster_0,ended colliding,6.212917117396414,10,1,0.03424657534246575,0.0014124293785310734,NG2
cluster_0,not injured,6.212917117396414,10,1,0.03424657534246575,0.0014124293785310734,NG2
cluster_0,vehicle was,6.181527671491761,15,3,0.05136986301369863,0.00423728813559322,NG2
cluster_0,ohio when,6.113973047983509,17,4,0.05821917808219178,0.005649717514124294,NG2
cluster_0,visibility was,6.08748148181205,19,5,0.06506849315068493,0.007062146892655367,NG2
cluster_0,past the exit,6.014262042487322,19,4,0.06506849315068493,0.005649717514124294,NG3
cluster_0,surrounding area,5.969153811277666,12,2,0.0410958904109589,0.002824858757062147,NG2
cluster_0,arrived shortly,5.910418198033502,51,25,0.17465753424657535,0.03531073446327684,NG2
cluster_0,arrived shortly thereafter,5.884974792273174,16,3,0.0547945205479452,0.00423728813559322,NG3
cluster_0,into the guardrail,5.863478583437701,7,0,0.023972602739726026,0.0,NG3
cluster_0,wasn injured but,5.863478583437701,7,0,0.023972602739726026,0.0,NG3
cluster_0,after pulling over,5.863478583437701,7,0,0.023972602739726026,0.0,NG3
cluster_0,smith auto body,5.863478583437701,7,0,0.023972602739726026,0.0,NG3
cluster_0,hitting the animal,5.863478583437701,7,0,0.023972602739726026,0.0,NG3
cluster_0,roe deer,5.836265230311407,18,5,0.06164383561643835,0.007062146892655367,NG2
cluster_0,repair estimate,5.836265230311407,18,5,0.05821917808219178,0.007062146892655367,NG2
cluster_0,onto the highway,5.767030141532756,13,2,0.04452054794520548,0.002824858757062147,NG3
cluster_0,january 2023 was,5.767030141532756,13,2,0.04452054794520548,0.002824858757062147,NG3
cluster_0,police arrived within,5.767030141532756,13,2,0.04452054794520548,0.002824858757062147,NG3
cluster_0,deer that,5.766822067689584,9,1,0.030821917808219176,0.0014124293785310734,NG2
cluster_0,black ice,5.766822067689584,9,1,0.030821917808219176,0.0014124293785310734,NG2
cluster_0,i71 just,5.7006306046606365,6,0,0.02054794520547945,0.0,NG2
cluster_0,maintaining safe,5.7006306046606365,6,0,0.02054794520547945,0.0,NG2
cluster_0,suddenly encountered,5.7006306046606365,6,0,0.02054794520547945,0.0,NG2
cluster_0,front vehicle,5.7006306046606365,6,0,0.02054794520547945,0.0,NG2
cluster_0,skidded into,5.7006306046606365,6,0,0.02054794520547945,0.0,NG2
cluster_0,left side,5.7006306046606365,6,0,0.02054794520547945,0.0,NG2
cluster_0,right front,5.7006306046606365,6,0,0.02054794520547945,0.0,NG2
cluster_0,road slammed,5.7006306046606365,6,0,0.02054794520547945,0.0,NG2
cluster_0,ended colliding with,5.7001041452897505,10,1,0.03424657534246575,0.0014124293785310734,NG3
cluster_0,time year with,5.7001041452897505,10,1,0.03424657534246575,0.0014124293785310734,NG3
cluster_0,bumper and hood,5.7001041452897505,10,1,0.03424657534246575,0.0014124293785310734,NG3
cluster_0,collided with,5.5991514211739855,41,20,0.1404109589041096,0.02824858757062147,NG2
cluster_0,a1m when,5.596227146955337,11,2,0.03767123287671233,0.002824858757062147,NG2
cluster_0,front car,5.596227146955337,11,2,0.03767123287671233,0.002824858757062147,NG2
cluster_0,shortly thereafter,5.577138349417081,17,5,0.05821917808219178,0.007062146892655367,NG2
cluster_0,had car,5.5468360044201255,13,3,0.04452054794520548,0.00423728813559322,NG2
cluster_0,report the accident,5.437808818037411,21,6,0.07191780821917808,0.00847457627118644,NG3
cluster_0,best efforts,5.374471063762599,18,6,0.06164383561643835,0.00847457627118644,NG2
cluster_0,about minutes,5.29688933953964,21,8,0.07191780821917808,0.011299435028248588,NG2
cluster_0,pulling over,5.2950041457380514,8,1,0.0273972602739726,0.0014124293785310734,NG2
cluster_0,icy conditions,5.2950041457380514,8,1,0.0273972602739726,0.0014124293785310734,NG2
cluster_0,dashed across,5.2950041457380514,8,1,0.0273972602739726,0.0014124293785310734,NG2
cluster_0,ohio around,5.2950041457380514,8,1,0.0273972602739726,0.0014124293785310734,NG2
cluster_0,officer smith,5.2950041457380514,8,1,0.0273972602739726,0.0014124293785310734,NG2
cluster_0,530 when,5.2950041457380514,8,1,0.0273972602739726,0.0014124293785310734,NG2
cluster_0,arrived within about,5.271965731034382,9,1,0.030821917808219176,0.0014124293785310734,NG3
cluster_0,animal the impact,5.271493921638006,6,0,0.02054794520547945,0.0,NG3
cluster_0,joes auto body,5.271493921638006,6,0,0.02054794520547945,0.0,NG3
cluster_0,shop smith auto,5.271493921638006,6,0,0.02054794520547945,0.0,NG3
cluster_0,january 2023 while,5.271493921638006,6,0,0.02054794520547945,0.0,NG3
cluster_0,visibility was good,5.271493921638006,6,0,0.02054794520547945,0.0,NG3
cluster_0,struck another vehicle,5.271493921638006,6,0,0.02054794520547945,0.0,NG3
cluster_0,when suddenly deer,5.271493921638006,6,0,0.02054794520547945,0.0,NG3
cluster_0,after and filed,5.271493921638006,6,0,0.02054794520547945,0.0,NG3
cluster_0,get estimate for,5.271493921638006,6,0,0.02054794520547945,0.0,NG3
cluster_0,called the ontario,5.271493921638006,6,0,0.02054794520547945,0.0,NG3
cluster_0,car was struck,5.271493921638006,6,0,0.02054794520547945,0.0,NG3
cluster_0,hit patch black,5.271493921638006,6,0,0.02054794520547945,0.0,NG3
cluster_0,approached the exit,5.228519028225634,22,7,0.07534246575342465,0.009887005649717515,NG3
cluster_0,401 just,5.209944329374884,12,3,0.0410958904109589,0.00423728813559322,NG2
cluster_0,within about,5.205374174001428,10,2,0.03424657534246575,0.002824858757062147,NG2
cluster_0,vehicle which,5.205374174001428,10,2,0.03424657534246575,0.002824858757062147,NG2
cluster_0,february 2023 was,5.066895671499252,11,2,0.03767123287671233,0.002824858757062147,NG3
cluster_0,had car towed,5.066895671499252,11,2,0.03767123287671233,0.002824858757062147,NG3
cluster_0,despite efforts,5.034601089915779,5,0,0.017123287671232876,0.0,NG2
cluster_0,repairs where,5.034601089915779,5,0,0.017123287671232876,0.0,NG2
cluster_0,3200 have,5.034601089915779,5,0,0.017123287671232876,0.0,NG2
cluster_0,vehicles were,5.034601089915779,5,0,0.017123287671232876,0.0,NG2
cluster_0,safe distance,5.034601089915779,5,0,0.017123287671232876,0.0,NG2
cluster_0,slippery was,5.034601089915779,5,0,0.017123287671232876,0.0,NG2
cluster_0,401 heading,5.034601089915779,5,0,0.017123287671232876,0.0,NG2
cluster_0,had comprehensive,5.034601089915779,5,0,0.017123287671232876,0.0,NG2
cluster_0,bit slippery,5.034601089915779,5,0,0.017123287671232876,0.0,NG2
cluster_0,when deer,5.034601089915779,5,0,0.017123287671232876,0.0,NG2
cluster_0,noticed roe,5.034601089915779,5,0,0.017123287671232876,0.0,NG2
cluster_0,struck deer,5.034601089915779,5,0,0.017123287671232876,0.0,NG2
cluster_0,road despite,5.034601089915779,5,0,0.017123287671232876,0.0,NG2
cluster_0,sustained considerable,5.034601089915779,5,0,0.017123287671232876,0.0,NG2
cluster_0,a1m heading,5.034601089915779,5,0,0.017123287671232876,0.0,NG2
cluster_0,impact area,5.034601089915779,5,0,0.017123287671232876,0.0,NG2
cluster_0,couldnt avoid,5.034601089915779,5,0,0.017123287671232876,0.0,NG2
cluster_0,for highway,5.034601089915779,5,0,0.017123287671232876,0.0,NG2
cluster_0,over safely,5.032758516650515,15,5,0.05136986301369863,0.007062146892655367,NG2
cluster_0,ontario 401,4.99313952560019,31,16,0.10616438356164383,0.022598870056497175,NG2
cluster_0,immediately called 911,4.989864768423051,19,6,0.06506849315068493,0.00847457627118644,NG3
cluster_0,car was,4.983202812604477,24,11,0.07191780821917808,0.015536723163841809,NG2
cluster_0,significant damage,4.86331624701661,50,32,0.17123287671232876,0.04519774011299435,NG2
cluster_0,brakes but,4.858337200066936,11,3,0.03767123287671233,0.00423728813559322,NG2
cluster_0,around 430,4.858337200066936,11,3,0.03767123287671233,0.00423728813559322,NG2
cluster_0,encountered sudden,4.858337200066936,11,3,0.03767123287671233,0.00423728813559322,NG2
cluster_0,weather was typical,4.819817077778173,8,1,0.0273972602739726,0.0014124293785310734,NG3
cluster_0,was typical for,4.819817077778173,8,1,0.0273972602739726,0.0014124293785310734,NG3
cluster_2,stolen items,9.58100443882161,14,0,0.07058823529411765,0.0,NG2
cluster_2,that pipe had,9.528825572518144,22,1,0.12941176470588237,0.0012048192771084338,NG3
cluster_2,that pipe,9.169298338067017,35,5,0.20588235294117646,0.006024096385542169,NG2
cluster_2,documented the damage,9.049796620565523,14,0,0.08235294117647059,0.0,NG3
cluster_2,fire department,8.74191977181676,12,0,0.06470588235294118,0.0,NG2
cluster_2,2023 severe,8.74191977181676,12,0,0.07058823529411765,0.0,NG2
cluster_2,pipe had burst,8.719440171088522,24,2,0.1411764705882353,0.0024096385542168677,NG3
cluster_2,pipe had,8.647746065128485,32,5,0.18235294117647058,0.006024096385542169,NG2
cluster_2,had burst,8.290215519823661,36,7,0.21176470588235294,0.008433734939759036,NG2
cluster_2,damage with,8.009517464319718,15,1,0.08823529411764706,0.0012048192771084338,NG2
cluster_2,abc plumbing,7.816179364297878,10,0,0.058823529411764705,0.0,NG2
cluster_2,main water,7.816179364297878,10,0,0.058823529411764705,0.0,NG2
cluster_2,missing including,7.816179364297878,10,0,0.058823529411764705,0.0,NG2
cluster_2,local fire,7.816179364297878,10,0,0.058823529411764705,0.0,NG2
cluster_2,severe thunderstorm,7.816179364297878,10,0,0.058823529411764705,0.0,NG2
cluster_2,water supply,7.689218835894788,21,3,0.12352941176470589,0.0036144578313253013,NG2
cluster_2,plumber who arrived,7.557062427773392,23,3,0.13529411764705881,0.0036144578313253013,NG3
cluster_2,plumbing who arrived,7.466694409793864,15,1,0.08823529411764706,0.0012048192771084338,NG3
cluster_2,damage the roof,7.340089337163384,10,0,0.058823529411764705,0.0,NG3
cluster_2,local fire department,7.340089337163384,10,0,0.058823529411764705,0.0,NG3
cluster_2,off the main,7.340089337163384,10,0,0.058823529411764705,0.0,NG3
cluster_2,burst due,7.174387568572811,16,2,0.09411764705882353,0.0024096385542168677,NG2
cluster_2,had burst due,7.127984564892717,14,1,0.08235294117647059,0.0012048192771084338,NG3
cluster_2,had fallen,6.912664624457884,12,1,0.07058823529411765,0.0012048192771084338,NG2
cluster_2,were missing including,6.854525276838087,9,0,0.052941176470588235,0.0,NG3
cluster_2,main water supply,6.854525276838087,9,0,0.052941176470588235,0.0,NG3
cluster_2,had flooded due,6.854525276838087,9,0,0.052941176470588235,0.0,NG3
cluster_2,that large,6.780632489237555,8,0,0.047058823529411764,0.0,NG2
cluster_2,contacted local plumbing,6.775227806050656,13,1,0.07647058823529412,0.0012048192771084338,NG3
cluster_2,arrived the same,6.775227806050656,13,1,0.07647058823529412,0.0012048192771084338,NG3
cluster_2,affected areas,6.746667587590759,20,4,0.11764705882352941,0.004819277108433735,NG2
cluster_2,plumbing who,6.746667587590759,20,4,0.11764705882352941,0.004819277108433735,NG2
cluster_2,plumbing service,6.629828635610248,17,3,0.09411764705882353,0.0036144578313253013,NG2
cluster_2,local plumbing,6.629828635610248,17,3,0.1,0.0036144578313253013,NG2
cluster_2,discovered that pipe,6.62061337799589,16,2,0.09411764705882353,0.0024096385542168677,NG3
cluster_2,water leaking,6.535004397146377,14,2,0.08235294117647059,0.0024096385542168677,NG2
cluster_2,forced open,6.513243017306825,11,1,0.06470588235294118,0.0012048192771084338,NG2
cluster_2,including laptop,6.513243017306825,11,1,0.06470588235294118,0.0012048192771084338,NG2
cluster_2,additionally filed,6.3428794311051435,16,3,0.09411764705882353,0.0036144578313253013,NG2
cluster_2,missing including laptop,6.339473945315376,8,0,0.047058823529411764,0.0,NG3
cluster_2,list the stolen,6.339473945315376,8,0,0.047058823529411764,0.0,NG3
cluster_2,damage with photographs,6.339473945315376,8,0,0.047058823529411764,0.0,NG3
cluster_2,local plumbing service,6.317925254952618,15,2,0.08823529411764706,0.0024096385542168677,NG3
cluster_2,from work find,6.317925254952618,15,2,0.08823529411764706,0.0024096385542168677,NG3
cluster_2,pieces jewelry,6.211571981378389,7,0,0.041176470588235294,0.0,NG2
cluster_2,plumber abc,6.211571981378389,7,0,0.041176470588235294,0.0,NG2
cluster_2,insurance purposes,6.211571981378389,7,0,0.041176470588235294,0.0,NG2
cluster_2,neighborhood columbus,6.211571981378389,7,0,0.041176470588235294,0.0,NG2
cluster_2,items were,6.093773326042665,10,1,0.058823529411764705,0.0012048192771084338,NG2
cluster_2,flooded due,6.093773326042665,10,1,0.058823529411764705,0.0012048192771084338,NG2
cluster_2,work find,6.045683622962336,15,3,0.08823529411764706,0.0036144578313253013,NG2
cluster_2,front door,5.972796065171064,17,4,0.1,0.004819277108433735,NG2
cluster_2,abc plumbing who,5.7905997453654905,7,0,0.041176470588235294,0.0,NG3
cluster_2,front door had,5.7905997453654905,7,0,0.041176470588235294,0.0,NG3
cluster_2,plumber abc plumbing,5.7905997453654905,7,0,0.041176470588235294,0.0,NG3
cluster_2,work was completed,5.7905997453654905,7,0,0.041176470588235294,0.0,NG3
cluster_2,local plumber abc,5.7905997453654905,7,0,0.041176470588235294,0.0,NG3
cluster_2,turned off,5.737380327475999,14,3,0.08235294117647059,0.0036144578313253013,NG2
cluster_2,water leaking from,5.677207938498413,13,2,0.07647058823529412,0.0024096385542168677,NG3
cluster_2,who arrived within,5.677207938498413,13,2,0.07647058823529412,0.0024096385542168677,NG3
cluster_2,local plumber,5.66139747304043,43,20,0.2529411764705882,0.024096385542168676,NG2
cluster_2,been forced,5.651850209855486,9,1,0.052941176470588235,0.0012048192771084338,NG2
cluster_2,additionally filed police,5.617683298908172,10,1,0.058823529411764705,0.0012048192771084338,NG3
cluster_2,arrived within hour,5.617683298908172,10,1,0.058823529411764705,0.0012048192771084338,NG3
cluster_2,home january,5.600927644311861,6,0,0.03529411764705882,0.0,NG2
cluster_2,shut off,5.600927644311861,6,0,0.03529411764705882,0.0,NG2
cluster_2,fallen onto,5.600927644311861,6,0,0.03529411764705882,0.0,NG2
cluster_2,thankfully home,5.600927644311861,6,0,0.03529411764705882,0.0,NG2
cluster_2,that front,5.600927644311861,6,0,0.03529411764705882,0.0,NG2
cluster_2,bathroom had,5.600927644311861,6,0,0.03529411764705882,0.0,NG2
cluster_2,advised document,5.600927644311861,6,0,0.03529411764705882,0.0,NG2
cluster_2,local news,5.600927644311861,6,0,0.03529411764705882,0.0,NG2
cluster_2,upon entering,5.473245548791719,11,2,0.06470588235294118,0.0024096385542168677,NG2
cluster_2,immediately took,5.416993151706473,13,3,0.07647058823529412,0.0036144578313253013,NG2
cluster_2,that several,5.413470335738826,15,4,0.08823529411764706,0.004819277108433735,NG2
cluster_2,burst pipe,5.370380771979867,27,11,0.1588235294117647,0.01325301204819277,NG2
cluster_2,plumber who,5.271560612473487,28,12,0.16470588235294117,0.014457831325301205,NG2
cluster_2,filed police,5.23602393392423,61,36,0.3588235294117647,0.043373493975903614,NG2
cluster_2,restoration company,5.224349521109201,23,9,0.12941176470588237,0.00963855421686747,NG2
cluster_2,that front door,5.202521780619796,6,0,0.03529411764705882,0.0,NG3
cluster_2,plumbing services who,5.202521780619796,6,0,0.03529411764705882,0.0,NG3
cluster_2,that several items,5.202521780619796,6,0,0.03529411764705882,0.0,NG3
cluster_2,damage the plumber,5.202521780619796,6,0,0.03529411764705882,0.0,NG3
cluster_2,had fallen onto,5.202521780619796,6,0,0.03529411764705882,0.0,NG3
cluster_2,record the incident,5.202521780619796,6,0,0.03529411764705882,0.0,NG3
cluster_2,been forced open,5.192430929219876,9,1,0.052941176470588235,0.0012048192771084338,NG3
cluster_2,homeowners insurance policy,5.192430929219876,9,1,0.052941176470588235,0.0012048192771084338,NG3
cluster_2,had been forced,5.192430929219876,9,1,0.052941176470588235,0.0012048192771084338,NG3
cluster_2,had burst causing,5.192430929219876,9,1,0.052941176470588235,0.0012048192771084338,NG3
cluster_2,items were missing,5.192430929219876,9,1,0.052941176470588235,0.0012048192771084338,NG3
cluster_2,supply and called,5.192430929219876,9,1,0.052941176470588235,0.0012048192771084338,NG3
cluster_2,found that pipe,5.192430929219876,9,1,0.052941176470588235,0.0012048192771084338,NG3
cluster_2,work around,5.188988505919173,32,15,0.18823529411764706,0.018072289156626505,NG2
cluster_2,documentation purposes,5.1846021240293725,8,1,0.047058823529411764,0.0012048192771084338,NG2
cluster_2,further damage,5.170934533816991,16,5,0.08823529411764706,0.006024096385542169,NG2
cluster_2,within hour,5.086230382647679,10,2,0.058823529411764705,0.0024096385542168677,NG2
cluster_2,due burst,5.08340947709901,12,3,0.07058823529411765,0.0036144578313253013,NG2
cluster_2,with photographs,5.08340947709901,12,3,0.07058823529411765,0.0036144578313253013,NG2
cluster_2,january 2023 returned,4.9818199214762435,11,2,0.06470588235294118,0.0024096385542168677,NG3
cluster_2,2023 returned,4.950828573649607,59,37,0.34705882352941175,0.04457831325301205,NG2
cluster_2,after discovering,4.941300557756163,5,0,0.029411764705882353,0.0,NG2
cluster_2,inspecting further,4.941300557756163,5,0,0.029411764705882353,0.0,NG2
cluster_2,items along,4.941300557756163,5,0,0.029411764705882353,0.0,NG2
cluster_2,formal record,4.941300557756163,5,0,0.029411764705882353,0.0,NG2
cluster_2,thunderstorm swept,4.941300557756163,5,0,0.029411764705882353,0.0,NG2
cluster_2,hour assess,4.941300557756163,5,0,0.029411764705882353,0.0,NG2
cluster_2,restoration who,4.941300557756163,5,0,0.029411764705882353,0.0,NG2
cluster_2,damage caused,4.941300557756163,5,0,0.029411764705882353,0.0,NG2
cluster_2,began work,4.941300557756163,5,0,0.029411764705882353,0.0,NG2
cluster_2,garage causing,4.941300557756163,5,0,0.029411764705882353,0.0,NG2
cluster_2,materials used,4.941300557756163,5,0,0.029411764705882353,0.0,NG2
cluster_2,incident with,4.941300557756163,5,0,0.029411764705882353,0.0,NG2
cluster_2,slightly ajar,4.941300557756163,5,0,0.029411764705882353,0.0,NG2
cluster_2,covers water,4.941300557756163,5,0,0.029411764705882353,0.0,NG2
cluster_2,water level,4.941300557756163,5,0,0.029411764705882353,0.0,NG2
cluster_2,morning when,4.941300557756163,5,0,0.029411764705882353,0.0,NG2
cluster_2,local water,4.941300557756163,5,0,0.029411764705882353,0.0,NG2
cluster_2,could hear,4.941300557756163,5,0,0.029411764705882353,0.0,NG2
cluster_2,included timestamps,4.941300557756163,5,0,0.029411764705882353,0.0,NG2
cluster_2,found that,4.78484639776918,28,14,0.1588235294117647,0.016867469879518072,NG2
cluster_2,were completed,4.7353556019033185,11,3,0.06470588235294118,0.0036144578313253013,NG2
cluster_2,large tree,4.688571960540772,7,1,0.041176470588235294,0.0012048192771084338,NG2
cluster_2,strong winds,4.688571960540772,7,1,0.041176470588235294,0.0012048192771084338,NG2
cluster_2,some jewelry,4.688571960540772,7,1,0.041176470588235294,0.0012048192771084338,NG2
cluster_2,door had,4.67958734383824,9,2,0.052941176470588235,0.0024096385542168677,NG2
cluster_2,had flooded,4.67958734383824,9,2,0.052941176470588235,0.0024096385542168677,NG2
cluster_2,roofing company,4.67958734383824,9,2,0.047058823529411764,0.0024096385542168677,NG2
cluster_2,for insurance,4.67958734383824,9,2,0.052941176470588235,0.0024096385542168677,NG2
cluster_2,number 2023001234,4.67958734383824,9,2,0.052941176470588235,0.0024096385542168677,NG2
cluster_2,was completed,4.67958734383824,9,2,0.052941176470588235,0.0024096385542168677,NG2
cluster_2,burst causing,4.67958734383824,9,2,0.052941176470588235,0.0024096385542168677,NG2
cluster_2,leaking from,4.613192341473571,14,5,0.08235294117647059,0.006024096385542169,NG2
cluster_2,significant water,4.61043004433543,36,21,0.21176470588235294,0.02530120481927711,NG2
cluster_2,significant water leak,4.6101403555131855,10,2,0.058823529411764705,0.0024096385542168677,NG3
cluster_2,find that,4.604120226054345,20,9,0.11764705882352941,0.010843373493975903,NG2
cluster_2,noticed water,4.588899058870226,17,7,0.1,0.008433734939759036,NG2
cluster_2,also filed,4.582982543747859,32,18,0.18823529411764706,0.021686746987951807,NG2
cluster_2,called plumber who,4.5777853017308106,12,3,0.07058823529411765,0.0036144578313253013,NG3
cluster_2,due burst pipe,4.5777853017308106,12,3,0.07058823529411765,0.0036144578313253013,NG3
cluster_2,off the water,4.5777853017308106,12,3,0.07058823529411765,0.0036144578313253013,NG3
cluster_2,noticed water leaking,4.568478336951986,5,0,0.029411764705882353,0.0,NG3
cluster_2,report for documentation,4.568478336951986,5,0,0.029411764705882353,0.0,NG3
cluster_2,invoice which have,4.568478336951986,5,0,0.029411764705882353,0.0,NG3
cluster_2,following day contacted,4.568478336951986,5,0,0.029411764705882353,0.0,NG3
cluster_2,thankfully home insurance,4.568478336951986,5,0,0.029411764705882353,0.0,NG3
cluster_2,upstairs bathroom had,4.568478336951986,5,0,0.029411764705882353,0.0,NG3
cluster_2,services who arrived,4.568478336951986,5,0,0.029411764705882353,0.0,NG3
cluster_2,that large tree,4.568478336951986,5,0,0.029411764705882353,0.0,NG3
cluster_2,thunderstorm swept through,4.568478336951986,5,0,0.029411764705882353,0.0,NG3
cluster_2,ohio the winds,4.568478336951986,5,0,0.029411764705882353,0.0,NG3
cluster_2,had caused significant,4.568478336951986,5,0,0.029411764705882353,0.0,NG3
cluster_2,after inspecting further,4.568478336951986,5,0,0.029411764705882353,0.0,NG3
cluster_2,document the extent,4.568478336951986,5,0,0.029411764705882353,0.0,NG3
cluster_2,items along with,4.568478336951986,5,0,0.029411764705882353,0.0,NG3
cluster_2,bathroom had burst,4.568478336951986,5,0,0.029411764705882353,0.0,NG3
cluster_2,found that several,4.568478336951986,5,0,0.029411764705882353,0.0,NG3
cluster_2,severe thunderstorm swept,4.568478336951986,5,0,0.029411764705882353,0.0,NG3
cluster_2,home january 2023,4.568478336951986,5,0,0.029411764705882353,0.0,NG3
cluster_2,covers water damage,4.568478336951986,5,0,0.029411764705882353,0.0,NG3
cluster_2,returned home from,4.525822558238623,51,28,0.3,0.033734939759036145,NG3
cluster_2,damage they,4.460172705039163,15,6,0.08823529411764706,0.007228915662650603,NG2
cluster_2,homeowners insurance,4.460172705039163,15,6,0.08823529411764706,0.007228915662650603,NG2
cluster_2,coming from,4.443409509974235,22,11,0.11764705882352941,0.01325301204819277,NG2
cluster_2,filed police report,4.442229477107157,61,36,0.3588235294117647,0.043373493975903614,NG3
cluster_2,2023 returned home,4.385478590043881,59,35,0.34705882352941175,0.04216867469879518,NG3
cluster_2,had caused,4.371367287787454,10,3,0.058823529411764705,0.0036144578313253013,NG2
cluster_2,swept through,4.371367287787454,10,3,0.058823529411764705,0.0036144578313253013,NG2
cluster_2,basement had,4.339426396349324,16,7,0.08823529411764706,0.008433734939759036,NG2
cluster_2,also filed police,4.288085640377346,26,12,0.15294117647058825,0.014457831325301205,NG3
cluster_2,immediately took photos,4.267599724527872,7,1,0.041176470588235294,0.0012048192771084338,NG3
cluster_2,noticed significant water,4.267599724527872,7,1,0.041176470588235294,0.0012048192771084338,NG3
cluster_2,work find that,4.267599724527872,7,1,0.041176470588235294,0.0012048192771084338,NG3
cluster_2,called local plumber,4.256849921033569,18,7,0.10588235294117647,0.008433734939759036,NG3
cluster_2,through our,4.250984210370295,8,2,0.047058823529411764,0.0024096385542168677,NG2
cluster_2,several items,4.250984210370295,8,2,0.047058823529411764,0.0024096385542168677,NG2
cluster_2,2023 noticed significant,4.243929974587843,11,3,0.06470588235294118,0.0036144578313253013,NG3
cluster_2,approximate values,4.223185327167813,4,0,0.023529411764705882,0.0,NG2
cluster_2,loud crash,4.223185327167813,4,0,0.023529411764705882,0.0,NG2
cluster_2,immediately shut,4.223185327167813,4,0,0.023529411764705882,0.0,NG2
cluster_2,fallen from,4.223185327167813,4,0,0.023529411764705882,0.0,NG2
cluster_2,severe storm,4.223185327167813,4,0,0.023529411764705882,0.0,NG2
cluster_2,through neighborhood,4.223185327167813,4,0,0.023529411764705882,0.0,NG2
cluster_2,estimated values,4.223185327167813,4,0,0.023529411764705882,0.0,NG2
cluster_2,plumber advised,4.223185327167813,4,0,0.023529411764705882,0.0,NG2
cluster_2,investigating discovered,4.223185327167813,4,0,0.023529411764705882,0.0,NG2
cluster_2,evening january,4.223185327167813,4,0,0.023529411764705882,0.0,NG2
cluster_2,their service,4.223185327167813,4,0,0.023529411764705882,0.0,NG2
cluster_2,type damage,4.223185327167813,4,0,0.023529411764705882,0.0,NG2
cluster_2,have formal,4.223185327167813,4,0,0.023529411764705882,0.0,NG2
cluster_2,experienced earlier,4.223185327167813,4,0,0.023529411764705882,0.0,NG2
cluster_2,above immediately,4.223185327167813,4,0,0.023529411764705882,0.0,NG2
cluster_2,burst likely,4.223185327167813,4,0,0.023529411764705882,0.0,NG2
cluster_2,completed january,4.223185327167813,4,0,0.023529411764705882,0.0,NG2
cluster_2,branch had,4.223185327167813,4,0,0.01764705882352941,0.0,NG2
cluster_2,plumbers report,4.223185327167813,4,0,0.023529411764705882,0.0,NG2
cluster_2,which timestamped,4.223185327167813,4,0,0.023529411764705882,0.0,NG2
cluster_2,adjuster visited,4.223185327167813,4,0,0.023529411764705882,0.0,NG2
cluster_2,made list,4.223185327167813,4,0,0.023529411764705882,0.0,NG2
cluster_2,returning home,4.223185327167813,4,0,0.023529411764705882,0.0,NG2
cluster_2,service abc,4.223185327167813,4,0,0.023529411764705882,0.0,NG2
cluster_3,shop had,6.850001388625042,7,0,0.05825242718446602,0.0,NG2
cluster_3,shop that had,6.810059696121881,8,0,0.07766990291262135,0.0,NG3
cluster_3,when suddenly lost,6.230659726658095,13,2,0.1262135922330097,0.002229654403567447,NG3
cluster_3,suddenly lost control,6.222607665333029,20,5,0.1941747572815534,0.005574136008918618,NG3
cluster_3,car body,6.205133807192214,6,0,0.05825242718446602,0.0,NG2
cluster_3,didn see,6.205133807192214,6,0,0.05825242718446602,0.0,NG2
cluster_3,suddenly lost,6.192005105334426,20,7,0.1941747572815534,0.007803790412486065,NG2
cluster_3,upgraded insurance,5.8536452665548175,8,1,0.07766990291262135,0.0011148272017837235,NG2
cluster_3,upgraded coverage,5.643357216403658,22,10,0.21359223300970873,0.011148272017837236,NG2
cluster_3,car body shop,5.6275030601942335,6,0,0.05825242718446602,0.0,NG3
cluster_3,took car body,5.6275030601942335,6,0,0.05825242718446602,0.0,NG3
cluster_3,see any,5.506707606189396,5,0,0.04854368932038835,0.0,NG2
cluster_3,avoid what,5.506707606189396,5,0,0.04854368932038835,0.0,NG2
cluster_3,was deer,5.506707606189396,5,0,0.04854368932038835,0.0,NG2
cluster_3,shop that,5.348409175145677,18,8,0.17475728155339806,0.008918617614269788,NG2
cluster_3,able reach,5.327001367787425,7,1,0.06796116504854369,0.0011148272017837235,NG2
cluster_3,any photos,5.327001367787425,7,1,0.06796116504854369,0.0011148272017837235,NG2
cluster_3,they issued,5.327001367787425,7,1,0.06796116504854369,0.0011148272017837235,NG2
cluster_3,avoid what thought,4.9661694326172015,5,0,0.04854368932038835,0.0,NG3
cluster_3,shop had used,4.9661694326172015,5,0,0.04854368932038835,0.0,NG3
cluster_3,around when suddenly,4.9661694326172015,5,0,0.04854368932038835,0.0,NG3
cluster_3,from friends,4.908279854360943,11,4,0.0970873786407767,0.004459308807134894,NG2
cluster_3,just upgraded coverage,4.7681358433890715,11,3,0.10679611650485436,0.0033444816053511705,NG3
cluster_3,include comprehensive,4.763774765437611,6,1,0.05825242718446602,0.0011148272017837235,NG2
cluster_3,they quoted,4.763774765437611,6,1,0.05825242718446602,0.0011148272017837235,NG2
cluster_3,whole thing,4.763774765437611,6,1,0.05825242718446602,0.0011148272017837235,NG2
cluster_3,accident but,4.763774765437611,6,1,0.05825242718446602,0.0011148272017837235,NG2
cluster_3,take any,4.763774765437611,6,1,0.05825242718446602,0.0011148272017837235,NG2
cluster_3,them cash,4.74380208508459,4,0,0.038834951456310676,0.0,NG2
cluster_3,towed body,4.74380208508459,4,0,0.038834951456310676,0.0,NG2
cluster_3,hit something,4.74380208508459,4,0,0.038834951456310676,0.0,NG2
cluster_3,that ive,4.74380208508459,4,0,0.038834951456310676,0.0,NG2
cluster_3,they havent,4.74380208508459,4,0,0.038834951456310676,0.0,NG2
cluster_3,scene but,4.74380208508459,4,0,0.038834951456310676,0.0,NG2
cluster_3,been able reach,4.716652652283857,7,1,0.06796116504854369,0.0011148272017837235,NG3
cluster_3,they issued report,4.716652652283857,7,1,0.06796116504854369,0.0011148272017837235,NG3
cluster_3,shop used,4.686492496918545,9,3,0.08737864077669903,0.0033444816053511705,NG2
cluster_3,were handwritten,4.53889520547969,10,4,0.0970873786407767,0.004459308807134894,NG2
cluster_3,just upgraded,4.5342900392141825,16,9,0.1553398058252427,0.010033444816053512,NG2
cluster_3,into guardrail,4.436103466999875,7,2,0.06796116504854369,0.002229654403567447,NG2
cluster_3,home from friends,4.403124577580577,10,3,0.0970873786407767,0.0033444816053511705,NG3
cluster_3,control car,4.257614901346635,8,3,0.07766990291262135,0.0033444816053511705,NG2
cluster_3,crashed into,4.257614901346635,8,3,0.07766990291262135,0.0033444816053511705,NG2
cluster_3,who was with,4.2460841450001485,4,0,0.038834951456310676,0.0,NG3
cluster_3,take any photos,4.2460841450001485,4,0,0.038834951456310676,0.0,NG3
cluster_3,didn see any,4.2460841450001485,4,0,0.038834951456310676,0.0,NG3
cluster_3,coverage include comprehensive,4.2460841450001485,4,0,0.038834951456310676,0.0,NG3
cluster_3,swerved avoid what,4.2460841450001485,4,0,0.038834951456310676,0.0,NG3
cluster_3,towed body shop,4.2460841450001485,4,0,0.038834951456310676,0.0,NG3
cluster_3,saw the whole,4.2460841450001485,4,0,0.038834951456310676,0.0,NG3
cluster_3,can help but,4.2460841450001485,4,0,0.038834951456310676,0.0,NG3
cluster_3,madrid when car,4.2460841450001485,4,0,0.038834951456310676,0.0,NG3
cluster_3,thought was deer,4.2460841450001485,4,0,0.038834951456310676,0.0,NG3
cluster_3,vehicle and crashed,4.2460841450001485,4,0,0.038834951456310676,0.0,NG3
cluster_3,paid them cash,4.2460841450001485,4,0,0.038834951456310676,0.0,NG3
cluster_3,recently upgraded insurance,4.2460841450001485,4,0,0.038834951456310676,0.0,NG3
cluster_3,nearby but they,4.2460841450001485,4,0,0.038834951456310676,0.0,NG3
cluster_3,upgraded insurance coverage,4.186144018439629,6,1,0.05825242718446602,0.0011148272017837235,NG3
cluster_3,what thought was,4.186144018439629,6,1,0.05825242718446602,0.0011148272017837235,NG3
cluster_3,was with,4.157905472748722,5,1,0.04854368932038835,0.0011148272017837235,NG2
cluster_3,police immediately,4.151417630066759,9,4,0.08737864077669903,0.004459308807134894,NG2
cluster_3,what thought,3.9206337759357854,6,2,0.05825242718446602,0.002229654403567447,NG2
cluster_3,car had,3.9206337759357854,6,2,0.05825242718446602,0.002229654403567447,NG2
cluster_3,chance take,3.901957974318378,3,0,0.02912621359223301,0.0,NG2
cluster_3,reach them,3.901957974318378,3,0,0.02912621359223301,0.0,NG2
cluster_3,quoted surprisingly,3.901957974318378,3,0,0.02912621359223301,0.0,NG2
cluster_3,shop gave,3.901957974318378,3,0,0.02912621359223301,0.0,NG2
cluster_3,sure why,3.901957974318378,3,0,0.02912621359223301,0.0,NG2
cluster_3,who happened,3.901957974318378,3,0,0.02912621359223301,0.0,NG2
cluster_3,get everything,3.901957974318378,3,0,0.02912621359223301,0.0,NG2
cluster_3,cant quite,3.901957974318378,3,0,0.02912621359223301,0.0,NG2
cluster_3,clear night,3.901957974318378,3,0,0.02912621359223301,0.0,NG2
cluster_3,that car,3.901957974318378,3,0,0.02912621359223301,0.0,NG2
cluster_3,swerved off,3.901957974318378,3,0,0.02912621359223301,0.0,NG2
cluster_3,because they,3.901957974318378,3,0,0.02912621359223301,0.0,NG2
cluster_3,into tree,3.901957974318378,3,0,0.02912621359223301,0.0,NG2
cluster_3,unable provide,3.901957974318378,3,0,0.019417475728155338,0.0,NG2
cluster_3,was perfect,3.901957974318378,3,0,0.02912621359223301,0.0,NG2
cluster_3,witness but,3.901957974318378,3,0,0.02912621359223301,0.0,NG2
cluster_3,while they,3.901957974318378,3,0,0.02912621359223301,0.0,NG2
cluster_3,unfortunately didn,3.901957974318378,3,0,0.02912621359223301,0.0,NG2
cluster_3,one had,3.901957974318378,3,0,0.02912621359223301,0.0,NG2
cluster_3,protection for,3.901957974318378,3,0,0.02912621359223301,0.0,NG2
cluster_3,car fixed,3.901957974318378,3,0,0.02912621359223301,0.0,NG2
cluster_3,that specializes,3.901957974318378,3,0,0.02912621359223301,0.0,NG2
cluster_3,scene because,3.901957974318378,3,0,0.02912621359223301,0.0,NG2
cluster_3,pretty shaken,3.901957974318378,3,0,0.02912621359223301,0.0,NG2
cluster_3,accepted cash,3.901957974318378,3,0,0.02912621359223301,0.0,NG2
cluster_3,this shop,3.901957974318378,3,0,0.02912621359223301,0.0,NG2
cluster_3,car unexpectedly,3.901957974318378,3,0,0.02912621359223301,0.0,NG2
cluster_3,into lamppost,3.901957974318378,3,0,0.02912621359223301,0.0,NG2
cluster_3,veered off,3.901957974318378,3,0,0.02912621359223301,0.0,NG2
cluster_3,out witness,3.901957974318378,3,0,0.02912621359223301,0.0,NG2
cluster_3,cash for,3.8040013469498057,7,3,0.06796116504854369,0.0033444816053511705,NG2
cluster_3,for minor,3.8040013469498057,7,3,0.06796116504854369,0.0033444816053511705,NG2
cluster_3,returned calls,3.8040013469498057,7,3,0.06796116504854369,0.0033444816053511705,NG2
cluster_3,friends house,3.743807886492782,8,4,0.07766990291262135,0.004459308807134894,NG2
cluster_3,before but,3.7142296309012948,9,5,0.07766990291262135,0.005574136008918618,NG2
cluster_3,lost control car,3.617998965705516,8,3,0.07766990291262135,0.0033444816053511705,NG3
cluster_3,from friends house,3.617998965705516,8,3,0.07766990291262135,0.0033444816053511705,NG3
cluster_3,immediately and they,3.617998965705516,8,3,0.07766990291262135,0.0033444816053511705,NG3
cluster_3,that had used,3.6173672991765278,5,1,0.04854368932038835,0.0011148272017837235,NG3
cluster_3,shop ive,3.5018490607475794,4,1,0.038834951456310676,0.0011148272017837235,NG2
cluster_3,guardrail was,3.5018490607475794,4,1,0.038834951456310676,0.0011148272017837235,NG2
cluster_3,loss control,3.5018490607475794,4,1,0.038834951456310676,0.0011148272017837235,NG2
cluster_3,claim interestingly,3.5018490607475794,4,1,0.038834951456310676,0.0011148272017837235,NG2
cluster_3,because was,3.5018490607475794,4,1,0.038834951456310676,0.0011148272017837235,NG2
cluster_3,nearby but,3.5018490607475794,4,1,0.038834951456310676,0.0011148272017837235,NG2
cluster_3,paid them,3.5018490607475794,4,1,0.038834951456310676,0.0011148272017837235,NG2
cluster_3,did take,3.5018490607475794,4,1,0.038834951456310676,0.0011148272017837235,NG2
cluster_3,had recently upgraded,3.4853262733794677,9,4,0.08737864077669903,0.004459308807134894,NG3
cluster_3,debris the road,3.454885621009915,3,0,0.02912621359223301,0.0,NG3
cluster_3,scene because was,3.454885621009915,3,0,0.02912621359223301,0.0,NG3
cluster_3,just upgraded insurance,3.454885621009915,3,0,0.02912621359223301,0.0,NG3
cluster_3,car hit something,3.454885621009915,3,0,0.02912621359223301,0.0,NG3
cluster_3,that the shop,3.454885621009915,3,0,0.02912621359223301,0.0,NG3
cluster_3,but they havent,3.454885621009915,3,0,0.02912621359223301,0.0,NG3
cluster_3,out witness who,3.454885621009915,3,0,0.02912621359223301,0.0,NG3
cluster_3,they only accepted,3.454885621009915,3,0,0.02912621359223301,0.0,NG3
cluster_3,while was driving,3.454885621009915,3,0,0.02912621359223301,0.0,NG3
cluster_3,body shop had,3.454885621009915,3,0,0.02912621359223301,0.0,NG3
cluster_3,was towed body,3.454885621009915,3,0,0.02912621359223301,0.0,NG3
cluster_3,not sure why,3.454885621009915,3,0,0.02912621359223301,0.0,NG3
cluster_3,whole thing but,3.454885621009915,3,0,0.02912621359223301,0.0,NG3
cluster_3,better protection for,3.454885621009915,3,0,0.02912621359223301,0.0,NG3
cluster_3,that ive used,3.454885621009915,3,0,0.02912621359223301,0.0,NG3
cluster_3,that car had,3.454885621009915,3,0,0.02912621359223301,0.0,NG3
cluster_3,who was nearby,3.454885621009915,3,0,0.02912621359223301,0.0,NG3
cluster_3,repairs but they,3.454885621009915,3,0,0.02912621359223301,0.0,NG3
cluster_3,reach them since,3.454885621009915,3,0,0.02912621359223301,0.0,NG3
cluster_3,accident sought treatment,3.454885621009915,3,0,0.02912621359223301,0.0,NG3
cluster_3,only accepted cash,3.454885621009915,3,0,0.02912621359223301,0.0,NG3
cluster_3,hit patch ice,3.454885621009915,3,0,0.02912621359223301,0.0,NG3
cluster_3,receipts were handwritten,3.454885621009915,3,0,0.02912621359223301,0.0,NG3
cluster_3,witnessed the accident,3.454885621009915,3,0,0.02912621359223301,0.0,NG3
cluster_3,guardrail the weather,3.454885621009915,3,0,0.02912621359223301,0.0,NG3
cluster_3,was pretty shaken,3.454885621009915,3,0,0.02912621359223301,0.0,NG3
cluster_3,was around 730,3.454885621009915,3,0,0.02912621359223301,0.0,NG3
cluster_3,with the witness,3.454885621009915,3,0,0.02912621359223301,0.0,NG3
cluster_3,but haven been,3.454885621009915,3,0,0.02912621359223301,0.0,NG3
cluster_3,get car fixed,3.454885621009915,3,0,0.02912621359223301,0.0,NG3
cluster_3,comprehensive and collision,3.454885621009915,3,0,0.02912621359223301,0.0,NG3
cluster_3,able reach them,3.454885621009915,3,0,0.02912621359223301,0.0,NG3
cluster_3,shop that ive,3.454885621009915,3,0,0.02912621359223301,0.0,NG3
cluster_3,was the same,3.454885621009915,3,0,0.02912621359223301,0.0,NG3
cluster_3,crashed into guardrail,3.454885621009915,3,0,0.02912621359223301,0.0,NG3
cluster_3,car for work,3.454885621009915,3,0,0.02912621359223301,0.0,NG3
cluster_3,when car unexpectedly,3.454885621009915,3,0,0.02912621359223301,0.0,NG3
cluster_3,them since then,3.454885621009915,3,0,0.02912621359223301,0.0,NG3
cluster_3,friend who,3.4320748078146726,12,9,0.11650485436893204,0.010033444816053512,NG2
cluster_3,witness who,3.37098006174247,10,7,0.0970873786407767,0.007803790412486065,NG2
cluster_3,bit off,3.3689068037932333,5,2,0.04854368932038835,0.002229654403567447,NG2
cluster_3,hard reach,3.3689068037932333,5,2,0.04854368932038835,0.002229654403567447,NG2
cluster_3,car hit,3.3689068037932333,5,2,0.04854368932038835,0.002229654403567447,NG2
cluster_3,shop used before,3.3430030289378077,6,2,0.05825242718446602,0.002229654403567447,NG3
cluster_3,been able,3.323996987687554,8,5,0.07766990291262135,0.005574136008918618,NG2
cluster_3,issued report,3.3137048517281364,7,4,0.06796116504854369,0.004459308807134894,NG2
cluster_3,coverage include,3.3137048517281364,7,4,0.06796116504854369,0.004459308807134894,NG2
cluster_3,had upgraded,3.3137048517281364,7,4,0.06796116504854369,0.004459308807134894,NG2
cluster_3,used before,3.299228069926289,22,22,0.21359223300970873,0.024526198439241916,NG2
cluster_3,had just upgraded,3.232316865832051,14,9,0.13592233009708737,0.010033444816053512,NG3
cluster_3,driving along,3.011992043688668,13,12,0.1262135922330097,0.013377926421404682,NG2
cluster_3,shop ive used,3.0041311206631383,4,1,0.038834951456310676,0.0011148272017837235,NG3
cluster_3,upgraded coverage month,3.0041311206631383,4,1,0.038834951456310676,0.0011148272017837235,NG3
cluster_3,clear that day,3.0041311206631383,4,1,0.038834951456310676,0.0011148272017837235,NG3
cluster_3,two weeks prior,3.0041311206631383,4,1,0.038834951456310676,0.0011148272017837235,NG3
cluster_3,coverage just two,3.0041311206631383,4,1,0.038834951456310676,0.0011148272017837235,NG3
cluster_3,off the road,2.9770454930086494,12,8,0.11650485436893204,0.008918617614269788,NG3
cluster_3,had used,2.8783032091602574,14,14,0.13592233009708737,0.01560758082497213,NG2
cluster_3,havent been,2.8584017533222705,6,4,0.05825242718446602,0.004459308807134894,NG2
cluster_3,madrid when suddenly,2.8283686302210422,5,2,0.04854368932038835,0.002229654403567447,NG3
cluster_3,clear and there,2.8283686302210422,5,2,0.04854368932038835,0.002229654403567447,NG3
cluster_3,upgraded coverage include,2.8283686302210422,5,2,0.04854368932038835,0.002229654403567447,NG3
cluster_3,before the accident,2.8283686302210422,5,2,0.04854368932038835,0.002229654403567447,NG3
cluster_3,used before but,2.8283686302210422,5,2,0.04854368932038835,0.002229654403567447,NG3
cluster_3,friend who was,2.8283686302210422,5,2,0.04854368932038835,0.002229654403567447,NG3
cluster_3,with rain,2.8091033393080487,5,3,0.04854368932038835,0.0033444816053511705,NG2
cluster_3,they seem,2.8091033393080487,5,3,0.04854368932038835,0.0033444816053511705,NG2
cluster_3,heading home,2.7863806230283967,3,1,0.02912621359223301,0.0011148272017837235,NG2
cluster_3,thing but,2.7863806230283967,3,1,0.02912621359223301,0.0011148272017837235,NG2
cluster_3,familiar with,2.7863806230283967,3,1,0.02912621359223301,0.0011148272017837235,NG2
cluster_3,shop has,2.7863806230283967,3,1,0.02912621359223301,0.0011148272017837235,NG2
cluster_3,but remember,2.7863806230283967,3,1,0.02912621359223301,0.0011148272017837235,NG2
cluster_3,goes through,2.7863806230283967,3,1,0.02912621359223301,0.0011148272017837235,NG2
cluster_3,insurance claims,2.7863806230283967,3,1,0.02912621359223301,0.0011148272017837235,NG2
cluster_3,had heard,2.7863806230283967,3,1,0.02912621359223301,0.0011148272017837235,NG2
cluster_3,cash because,2.7863806230283967,3,1,0.02912621359223301,0.0011148272017837235,NG2
cluster_3,accident sought,2.7863806230283967,3,1,0.02912621359223301,0.0011148272017837235,NG2
cluster_3,gave estimate,2.7863806230283967,3,1,0.02912621359223301,0.0011148272017837235,NG2
cluster_3,only accepted,2.7863806230283967,3,1,0.02912621359223301,0.0011148272017837235,NG2
cluster_3,february 15th,2.7863806230283967,3,1,0.02912621359223301,0.0011148272017837235,NG2
cluster_3,before they,2.7863806230283967,3,1,0.02912621359223301,0.0011148272017837235,NG2
cluster_3,hasn returned,2.7863806230283967,3,1,0.02912621359223301,0.0011148272017837235,NG2
cluster_3,receipts were,2.7863806230283967,3,1,0.02912621359223301,0.0011148272017837235,NG2
cluster_3,surprisingly high,2.7863806230283967,3,1,0.02912621359223301,0.0011148272017837235,NG2
cluster_3,same body,2.7863806230283967,3,1,0.02912621359223301,0.0011148272017837235,NG2
cluster_3,they might,2.7863806230283967,3,1,0.02912621359223301,0.0011148272017837235,NG2
cluster_3,take pictures,2.7863806230283967,3,1,0.02912621359223301,0.0011148272017837235,NG2
cluster_3,would wise,2.7863806230283967,3,1,0.02912621359223301,0.0011148272017837235,NG2
cluster_3,they only,2.7863806230283967,3,1,0.02912621359223301,0.0011148272017837235,NG2
cluster_4,handwritten invoice,7.998900537633419,20,3,0.22988505747126436,0.0032858707557502738,NG2
cluster_4,damage but they,6.639801853054961,8,0,0.09195402298850575,0.0,NG3
cluster_4,damage but,6.597068849246293,27,9,0.28735632183908044,0.009857612267250822,NG2
cluster_4,contractor had,6.545959638841551,10,1,0.11494252873563218,0.001095290251916758,NG2
cluster_4,called local contractor,6.44974095246727,17,3,0.19540229885057472,0.0032858707557502738,NG3
cluster_4,him cash,6.088202787517541,9,1,0.10344827586206896,0.001095290251916758,NG2
cluster_4,have come from,6.077185401701571,7,0,0.08045977011494253,0.0,NG3
cluster_4,when checked,5.979330190537595,6,0,0.06896551724137931,0.0,NG2
cluster_4,damage seemed,5.979330190537595,6,0,0.06896551724137931,0.0,NG2
cluster_4,handwritten estimate,5.9717702290277686,17,5,0.19540229885057472,0.00547645125958379,NG2
cluster_4,out neighbor,5.538416695446565,10,2,0.11494252873563218,0.002190580503833516,NG2
cluster_4,paid him cash,5.505190215488749,9,1,0.10344827586206896,0.001095290251916758,NG3
cluster_4,done work,5.305501662429912,13,4,0.14942528735632185,0.004381161007667032,NG2
cluster_4,amount water,5.2954039746448105,5,0,0.05747126436781609,0.0,NG2
cluster_4,provided handwritten,5.251351841755829,16,6,0.1839080459770115,0.0065717415115005475,NG2
cluster_4,increased home,5.202107539069792,11,3,0.12643678160919541,0.0032858707557502738,NG2
cluster_4,recently increased,5.11772906977455,14,5,0.16091954022988506,0.00547645125958379,NG2
cluster_4,have come,5.0884078578375656,7,1,0.08045977011494253,0.001095290251916758,NG2
cluster_4,had worked,5.0884078578375656,7,1,0.08045977011494253,0.001095290251916758,NG2
cluster_4,had similar,5.0884078578375656,7,1,0.08045977011494253,0.001095290251916758,NG2
cluster_4,but didnt,5.0884078578375656,7,1,0.06896551724137931,0.001095290251916758,NG2
cluster_4,neighbor who,4.940307090748627,19,9,0.21839080459770116,0.009857612267250822,NG2
cluster_4,home insurance coverage,4.921999536687732,12,3,0.13793103448275862,0.0032858707557502738,NG3
cluster_4,paid him,4.823553600586339,10,3,0.11494252873563218,0.0032858707557502738,NG2
cluster_4,had done,4.823553600586339,10,3,0.11494252873563218,0.0032858707557502738,NG2
cluster_4,before and came,4.822284863144288,5,0,0.05747126436781609,0.0,NG3
cluster_4,out neighbor who,4.822284863144288,5,0,0.05747126436781609,0.0,NG3
cluster_4,neighbor who has,4.822284863144288,5,0,0.05747126436781609,0.0,NG3
cluster_4,had done work,4.822284863144288,5,0,0.05747126436781609,0.0,NG3
cluster_4,work for,4.690332633359897,14,6,0.16091954022988506,0.0065717415115005475,NG2
cluster_4,increased coverage,4.663766282230059,25,15,0.28735632183908044,0.01642935377875137,NG2
cluster_4,contractor who,4.597418563849024,15,7,0.1724137931034483,0.007667031763417305,NG2
cluster_4,home repairs who,4.554185380863952,7,1,0.08045977011494253,0.001095290251916758,NG3
cluster_4,provided handwritten invoice,4.554185380863952,7,1,0.08045977011494253,0.001095290251916758,NG3
cluster_4,report some,4.549237457891453,4,0,0.04597701149425287,0.0,NG2
cluster_4,shocked see,4.549237457891453,4,0,0.04597701149425287,0.0,NG2
cluster_4,went ahead,4.549237457891453,4,0,0.04597701149425287,0.0,NG2
cluster_4,work but,4.549237457891453,4,0,0.04597701149425287,0.0,NG2
cluster_4,but assured,4.549237457891453,4,0,0.04597701149425287,0.0,NG2
cluster_4,contractor used,4.549237457891453,4,0,0.04597701149425287,0.0,NG2
cluster_4,had never,4.549237457891453,4,0,0.04597701149425287,0.0,NG2
cluster_4,joes home,4.549237457891453,4,0,0.034482758620689655,0.0,NG2
cluster_4,incident thinking,4.549237457891453,4,0,0.04597701149425287,0.0,NG2
cluster_4,significant amount,4.549237457891453,4,0,0.04597701149425287,0.0,NG2
cluster_4,get things,4.549237457891453,4,0,0.04597701149425287,0.0,NG2
cluster_4,photos but,4.549237457891453,4,0,0.04597701149425287,0.0,NG2
cluster_4,year but,4.549237457891453,4,0,0.04597701149425287,0.0,NG2
cluster_4,were done,4.549237457891453,4,0,0.04597701149425287,0.0,NG2
cluster_4,any timestamps,4.53797114878299,6,1,0.06896551724137931,0.001095290251916758,NG2
cluster_4,also increased,4.53797114878299,6,1,0.06896551724137931,0.001095290251916758,NG2
cluster_4,some mold,4.53797114878299,6,1,0.06896551724137931,0.001095290251916758,NG2
cluster_4,increased home insurance,4.5329273494715,9,2,0.10344827586206896,0.002190580503833516,NG3
cluster_4,recently increased coverage,4.5329273494715,9,2,0.10344827586206896,0.002190580503833516,NG3
cluster_4,worked with,4.269062706068351,10,4,0.11494252873563218,0.004381161007667032,NG2
cluster_4,wanted report,4.197509957050021,7,2,0.08045977011494253,0.002190580503833516,NG2
cluster_4,worked house,4.197509957050021,7,2,0.08045977011494253,0.002190580503833516,NG2
cluster_4,also increased home,4.113597791529999,4,0,0.04597701149425287,0.0,NG3
cluster_4,local contractor had,4.113597791529999,4,0,0.04597701149425287,0.0,NG3
cluster_4,mentioned that had,4.113597791529999,4,0,0.04597701149425287,0.0,NG3
cluster_4,previously worked with,4.113597791529999,4,0,0.04597701149425287,0.0,NG3
cluster_4,but when checked,4.113597791529999,4,0,0.04597701149425287,0.0,NG3
cluster_4,when tried reach,4.113597791529999,4,0,0.04597701149425287,0.0,NG3
cluster_4,significant amount water,4.113597791529999,4,0,0.04597701149425287,0.0,NG3
cluster_4,coverage couple months,4.113597791529999,4,0,0.04597701149425287,0.0,NG3
cluster_4,trip find,4.0867889291435056,12,6,0.13793103448275862,0.0065717415115005475,NG2
cluster_4,who has done,4.032385865159048,6,1,0.06896551724137931,0.001095290251916758,NG3
cluster_4,done work for,4.0061263423615,11,4,0.12643678160919541,0.004381161007667032,NG3
cluster_4,stem from,3.946601841204137,5,1,0.05747126436781609,0.001095290251916758,NG2
cluster_4,extensive water,3.946601841204137,5,1,0.05747126436781609,0.001095290251916758,NG2
cluster_4,mikes home,3.946601841204137,5,1,0.05747126436781609,0.001095290251916758,NG2
cluster_4,tried reach,3.946601841204137,5,1,0.05747126436781609,0.001095290251916758,NG2
cluster_4,house before,3.946601841204137,5,1,0.05747126436781609,0.001095290251916758,NG2
cluster_4,repair who,3.946601841204137,5,1,0.05747126436781609,0.001095290251916758,NG2
cluster_4,with handwritten,3.9130766724221218,21,15,0.2413793103448276,0.01642935377875137,NG2
cluster_4,similar issues,3.891033573047547,9,4,0.10344827586206896,0.004381161007667032,NG2
cluster_4,have any,3.8160106571913524,10,5,0.11494252873563218,0.00547645125958379,NG2
cluster_4,had increased,3.7667213833794984,11,6,0.12643678160919541,0.0065717415115005475,NG2
cluster_4,home repairs,3.734391928704026,12,7,0.12643678160919541,0.007667031763417305,NG2
cluster_4,here ohio,3.7271913871725313,3,0,0.034482758620689655,0.0,NG2
cluster_4,because had,3.7271913871725313,3,0,0.034482758620689655,0.0,NG2
cluster_4,with mold,3.7271913871725313,3,0,0.034482758620689655,0.0,NG2
cluster_4,odd now,3.7271913871725313,3,0,0.034482758620689655,0.0,NG2
cluster_4,for last,3.7271913871725313,3,0,0.034482758620689655,0.0,NG2
cluster_4,contacted contractor,3.7271913871725313,3,0,0.034482758620689655,0.0,NG2
cluster_4,formal documentation,3.7271913871725313,3,0,0.034482758620689655,0.0,NG2
cluster_4,had friend,3.7271913871725313,3,0,0.034482758620689655,0.0,NG2
cluster_4,had issues,3.7271913871725313,3,0,0.034482758620689655,0.0,NG2
cluster_4,issue which,3.7271913871725313,3,0,0.034482758620689655,0.0,NG2
cluster_4,situation mentioned,3.7271913871725313,3,0,0.034482758620689655,0.0,NG2
cluster_4,didn match,3.7271913871725313,3,0,0.034482758620689655,0.0,NG2
cluster_4,something off,3.7271913871725313,3,0,0.034482758620689655,0.0,NG2
cluster_4,when contacted,3.7271913871725313,3,0,0.034482758620689655,0.0,NG2
cluster_4,trying thorough,3.7271913871725313,3,0,0.034482758620689655,0.0,NG2
cluster_4,old receipt,3.7271913871725313,3,0,0.034482758620689655,0.0,NG2
cluster_4,first but,3.7271913871725313,3,0,0.034482758620689655,0.0,NG2
cluster_4,increased homeowners,3.7271913871725313,3,0,0.034482758620689655,0.0,NG2
cluster_4,were from,3.7271913871725313,3,0,0.034482758620689655,0.0,NG2
cluster_4,recently had,3.7271913871725313,3,0,0.034482758620689655,0.0,NG2
cluster_4,had contractor,3.7271913871725313,3,0,0.034482758620689655,0.0,NG2
cluster_4,how this,3.7271913871725313,3,0,0.034482758620689655,0.0,NG2
cluster_4,off about,3.7271913871725313,3,0,0.034482758620689655,0.0,NG2
cluster_4,who claimed,3.7271913871725313,3,0,0.034482758620689655,0.0,NG2
cluster_4,different contractor,3.7271913871725313,3,0,0.034482758620689655,0.0,NG2
cluster_4,worked neighbors,3.7271913871725313,3,0,0.034482758620689655,0.0,NG2
cluster_4,weather reports,3.7271913871725313,3,0,0.034482758620689655,0.0,NG2
cluster_4,think timestamp,3.7271913871725313,3,0,0.034482758620689655,0.0,NG2
cluster_4,haven had,3.7271913871725313,3,0,0.034482758620689655,0.0,NG2
cluster_4,find extensive,3.7271913871725313,3,0,0.034482758620689655,0.0,NG2
cluster_4,things sorted,3.7271913871725313,3,0,0.034482758620689655,0.0,NG2
cluster_4,from weeklong,3.7271913871725313,3,0,0.034482758620689655,0.0,NG2
cluster_4,from weekend,3.7137458663365326,13,8,0.14942528735632185,0.008762322015334063,NG2
cluster_4,contractor mikes,3.6948301592811688,6,2,0.06896551724137931,0.002190580503833516,NG2
cluster_4,that something,3.6948301592811688,6,2,0.06896551724137931,0.002190580503833516,NG2
cluster_4,previously worked,3.6948301592811688,6,2,0.06896551724137931,0.002190580503833516,NG2
cluster_4,reached out neighbor,3.663287480076404,7,2,0.08045977011494253,0.002190580503833516,NG3
cluster_4,odd that,3.565407836999947,7,3,0.06896551724137931,0.0032858707557502738,NG2
cluster_4,but cant,3.565407836999947,7,3,0.08045977011494253,0.0032858707557502738,NG2
cluster_4,has done,3.565407836999947,7,3,0.08045977011494253,0.0032858707557502738,NG2
cluster_4,come from,3.565407836999947,7,3,0.08045977011494253,0.0032858707557502738,NG2
cluster_4,timestamps which,3.493773427128737,8,4,0.09195402298850575,0.004381161007667032,NG2
cluster_4,some minor,3.493773427128737,8,4,0.09195402298850575,0.004381161007667032,NG2
cluster_4,but when,3.493773427128737,8,4,0.09195402298850575,0.004381161007667032,NG2
cluster_4,bit uneasy,3.493773427128737,8,4,0.09195402298850575,0.004381161007667032,NG2
cluster_4,since had,3.4769533819393597,17,13,0.1839080459770115,0.014238773274917854,NG2
cluster_4,contractor mikes home,3.473482729703615,5,1,0.05747126436781609,0.001095290251916758,NG3
cluster_4,provided handwritten estimate,3.473482729703615,5,1,0.05747126436781609,0.001095290251916758,NG3
cluster_4,extensive water damage,3.473482729703615,5,1,0.05747126436781609,0.001095290251916758,NG3
cluster_4,some damage that,3.473482729703615,5,1,0.05747126436781609,0.001095290251916758,NG3
cluster_4,some water damage,3.473482729703615,5,1,0.05747126436781609,0.001095290251916758,NG3
cluster_4,came over,3.4538455738820826,9,5,0.10344827586206896,0.00547645125958379,NG2
cluster_4,who had,3.4235557451507157,12,8,0.13793103448275862,0.007667031763417305,NG2
cluster_4,but didnt think,3.3358804957031887,3,0,0.034482758620689655,0.0,NG3
cluster_4,think timestamp them,3.3358804957031887,3,0,0.034482758620689655,0.0,NG3
cluster_4,issue last year,3.3358804957031887,3,0,0.034482758620689655,0.0,NG3
cluster_4,4500 which seemed,3.3358804957031887,3,0,0.034482758620689655,0.0,NG3
cluster_4,find the timestamps,3.3358804957031887,3,0,0.034482758620689655,0.0,NG3
cluster_4,provided handwritten receipts,3.3358804957031887,3,0,0.034482758620689655,0.0,NG3
cluster_4,given the timing,3.3358804957031887,3,0,0.034482758620689655,0.0,NG3
cluster_4,remembered that had,3.3358804957031887,3,0,0.034482758620689655,0.0,NG3
cluster_4,joes home repairs,3.3358804957031887,3,0,0.022988505747126436,0.0,NG3
cluster_4,leak seemed originate,3.3358804957031887,3,0,0.034482758620689655,0.0,NG3
cluster_4,mikes home repair,3.3358804957031887,3,0,0.034482758620689655,0.0,NG3
cluster_4,also noted that,3.3358804957031887,3,0,0.034482758620689655,0.0,NG3
cluster_4,who has helped,3.3358804957031887,3,0,0.034482758620689655,0.0,NG3
cluster_4,just week before,3.3358804957031887,3,0,0.034482758620689655,0.0,NG3
cluster_4,prior had increased,3.3358804957031887,3,0,0.034482758620689655,0.0,NG3
cluster_4,contractor had previously,3.3358804957031887,3,0,0.034482758620689655,0.0,NG3
cluster_4,really just want,3.3358804957031887,3,0,0.034482758620689655,0.0,NG3
cluster_4,damage basement immediately,3.3358804957031887,3,0,0.034482758620689655,0.0,NG3
cluster_4,report some damage,3.3358804957031887,3,0,0.034482758620689655,0.0,NG3
cluster_4,trip find extensive,3.3358804957031887,3,0,0.034482758620689655,0.0,NG3
cluster_4,but cant seem,3.3358804957031887,3,0,0.034482758620689655,0.0,NG3
cluster_4,but they lack,3.3358804957031887,3,0,0.034482758620689655,0.0,NG3
cluster_4,them the time,3.3358804957031887,3,0,0.034482758620689655,0.0,NG3
cluster_4,repairs were done,3.3358804957031887,3,0,0.034482758620689655,0.0,NG3
cluster_4,had similar issues,3.3358804957031887,3,0,0.034482758620689655,0.0,NG3
cluster_4,room the damage,3.3358804957031887,3,0,0.034482758620689655,0.0,NG3
cluster_4,damage but when,3.3358804957031887,3,0,0.034482758620689655,0.0,NG3
cluster_4,want get this,3.3358804957031887,3,0,0.034482758620689655,0.0,NG3
cluster_4,repair who has,3.3358804957031887,3,0,0.034482758620689655,0.0,NG3
cluster_4,witnessed the damage,3.3358804957031887,3,0,0.034482758620689655,0.0,NG3
cluster_4,reaching out neighbor,3.3358804957031887,3,0,0.034482758620689655,0.0,NG3
cluster_4,find extensive water,3.3358804957031887,3,0,0.034482758620689655,0.0,NG3
cluster_4,get things sorted,3.3358804957031887,3,0,0.034482758620689655,0.0,NG3
cluster_4,claim for some,3.3358804957031887,3,0,0.034482758620689655,0.0,NG3
cluster_4,checked the timestamps,3.3358804957031887,3,0,0.034482758620689655,0.0,NG3
cluster_4,was shocked see,3.3358804957031887,3,0,0.034482758620689655,0.0,NG3
cluster_4,that the same,3.3358804957031887,3,0,0.034482758620689655,0.0,NG3
cluster_4,for damage home,3.3358804957031887,3,0,0.034482758620689655,0.0,NG3
cluster_4,wanted report some,3.3358804957031887,3,0,0.034482758620689655,0.0,NG3
cluster_4,rainstorm that lasted,3.3358804957031887,3,0,0.034482758620689655,0.0,NG3
cluster_4,last year but,3.3358804957031887,3,0,0.034482758620689655,0.0,NG3
cluster_4,been any heavy,3.3358804957031887,3,0,0.034482758620689655,0.0,NG3
cluster_4,something off about,3.3358804957031887,3,0,0.034482758620689655,0.0,NG3
cluster_4,didn think timestamp,3.3358804957031887,3,0,0.034482758620689655,0.0,NG3
cluster_4,contractor joes home,3.3358804957031887,3,0,0.034482758620689655,0.0,NG3
cluster_4,came over assess,3.3358804957031887,3,0,0.034482758620689655,0.0,NG3
cluster_4,increased coverage just,3.308021001018752,9,4,0.10344827586206896,0.004381161007667032,NG3
cluster_4,issue last,3.307284433554443,4,1,0.04597701149425287,0.001095290251916758,NG2
cluster_4,cant help,3.307284433554443,4,1,0.04597701149425287,0.001095290251916758,NG2
cluster_4,made bit,3.307284433554443,4,1,0.04597701149425287,0.001095290251916758,NG2
cluster_4,seems odd,3.307284433554443,4,1,0.04597701149425287,0.001095290251916758,NG2
cluster_4,thought that,3.307284433554443,4,1,0.04597701149425287,0.001095290251916758,NG2
cluster_4,old pipe,3.307284433554443,4,1,0.04597701149425287,0.001095290251916758,NG2
cluster_4,any heavy,3.307284433554443,4,1,0.04597701149425287,0.001095290251916758,NG2
cluster_4,cant shake,3.307284433554443,4,1,0.04597701149425287,0.001095290251916758,NG2
cluster_4,from old,3.307284433554443,4,1,0.04597701149425287,0.001095290251916758,NG2
cluster_4,area for,3.307284433554443,4,1,0.04597701149425287,0.001095290251916758,NG2
cluster_4,gets resolved,3.307284433554443,4,1,0.04597701149425287,0.001095290251916758,NG2
cluster_4,minor issue,3.307284433554443,4,1,0.04597701149425287,0.001095290251916758,NG2
cluster_4,want get,3.307284433554443,4,1,0.04597701149425287,0.001095290251916758,NG2
cluster_4,issues like,3.307284433554443,4,1,0.04597701149425287,0.001095290251916758,NG2
cluster_4,really hope,3.307284433554443,4,1,0.04597701149425287,0.001095290251916758,NG2
cluster_4,damage appeared,3.307284433554443,4,1,0.04597701149425287,0.001095290251916758,NG2
cluster_4,his handwritten,3.307284433554443,4,1,0.04597701149425287,0.001095290251916758,NG2
cluster_4,who has,3.2738080818485633,17,14,0.19540229885057472,0.01533406352683461,NG2
cluster_4,local contractor mikes,3.1892448756572227,6,2,0.06896551724137931,0.002190580503833516,NG3
cluster_4,same contractor,3.1576031722486513,5,2,0.05747126436781609,0.002190580503833516,NG2
cluster_4,seemed originate,3.1576031722486513,5,2,0.05747126436781609,0.002190580503833516,NG2
cluster_4,could start,3.1576031722486513,5,2,0.05747126436781609,0.002190580503833516,NG2
cluster_5,madrid when was,7.009745003470643,8,0,0.09876543209876543,0.0,NG3
cluster_5,m30 madrid,6.346959209122361,35,19,0.43209876543209874,0.020674646354733407,NG2
cluster_5,madrid where received,5.8078368618103084,6,0,0.07407407407407407,0.0,NG3
cluster_5,license plate,5.763175463059369,5,0,0.06172839506172839,0.0,NG2
cluster_5,madrid around,5.692362754468028,9,2,0.1111111111111111,0.002176278563656148,NG2
cluster_5,along the m30,5.366361887918183,35,18,0.43209876543209874,0.01958650707290533,NG3
cluster_5,without signaling,5.223504399021237,8,2,0.09876543209876543,0.002176278563656148,NG2
cluster_5,both vehicles,5.098674305143712,20,12,0.24691358024691357,0.013057671381936888,NG2
cluster_5,cut front,5.037841847075435,6,1,0.07407407407407407,0.001088139281828074,NG2
cluster_5,blue 2018,4.979953127989879,4,0,0.04938271604938271,0.0,NG2
cluster_5,after document,4.979953127989879,4,0,0.04938271604938271,0.0,NG2
cluster_5,auto reparaciones,4.979953127989879,4,0,0.04938271604938271,0.0,NG2
cluster_5,photos both,4.979953127989879,4,0,0.04938271604938271,0.0,NG2
cluster_5,front without,4.979953127989879,4,0,0.04938271604938271,0.0,NG2
cluster_5,m30 madrid around,4.918183440238783,9,2,0.1111111111111111,0.002176278563656148,NG3
cluster_5,was moderate,4.725694165051903,7,2,0.08641975308641975,0.002176278563656148,NG2
cluster_5,avenida paz,4.414373329618695,5,1,0.06172839506172839,0.001088139281828074,NG2
cluster_5,vehicles which,4.414373329618695,5,1,0.06172839506172839,0.001088139281828074,NG2
cluster_5,madrid when,4.402964614629341,17,12,0.20987654320987653,0.013057671381936888,NG2
cluster_5,road and exchanged,4.40146951659683,4,0,0.04938271604938271,0.0,NG3
cluster_5,shortly after document,4.40146951659683,4,0,0.04938271604938271,0.0,NG3
cluster_5,photos both vehicles,4.40146951659683,4,0,0.04938271604938271,0.0,NG3
cluster_5,collision but unfortunately,4.40146951659683,4,0,0.04938271604938271,0.0,NG3
cluster_5,blue 2018 ford,4.40146951659683,4,0,0.04938271604938271,0.0,NG3
cluster_5,cut front without,4.40146951659683,4,0,0.04938271604938271,0.0,NG3
cluster_5,driving blue 2018,4.40146951659683,4,0,0.04938271604938271,0.0,NG3
cluster_5,shop auto,4.194700857573613,6,2,0.07407407407407407,0.002176278563656148,NG2
cluster_5,exchanged contact,4.194700857573613,6,2,0.07407407407407407,0.002176278563656148,NG2
cluster_5,vehicle behind,4.114079326564595,3,0,0.037037037037037035,0.0,NG2
cluster_5,details took,4.114079326564595,3,0,0.037037037037037035,0.0,NG2
cluster_5,avenida américa,4.114079326564595,3,0,0.037037037037037035,0.0,NG2
cluster_5,cut off,4.114079326564595,3,0,0.037037037037037035,0.0,NG2
cluster_5,reparaciones where,4.114079326564595,3,0,0.037037037037037035,0.0,NG2
cluster_5,vallehermoso when,4.114079326564595,3,0,0.037037037037037035,0.0,NG2
cluster_5,seemed shaken,4.114079326564595,3,0,0.037037037037037035,0.0,NG2
cluster_5,who identified,4.114079326564595,3,0,0.037037037037037035,0.0,NG2
cluster_5,car cut,4.114079326564595,3,0,0.037037037037037035,0.0,NG2
cluster_5,blue hatchback,4.114079326564595,3,0,0.037037037037037035,0.0,NG2
cluster_5,repair madrid,4.114079326564595,3,0,0.037037037037037035,0.0,NG2
cluster_5,2018 ford,4.093592045001829,7,3,0.08641975308641975,0.003264417845484222,NG2
cluster_5,when was,4.0302684068498165,9,5,0.1111111111111111,0.00544069640914037,NG2
cluster_5,traffic was moderate,4.016302960278957,7,2,0.08641975308641975,0.002176278563656148,NG3
cluster_5,other driver,3.9721178860238906,36,39,0.37037037037037035,0.03482045701849837,NG2
cluster_5,when was involved,3.8176842730542777,8,3,0.09876543209876543,0.003264417845484222,NG3
cluster_5,contact and insurance,3.786120961036607,5,1,0.06172839506172839,0.001088139281828074,NG3
cluster_5,both vehicles which,3.786120961036607,5,1,0.06172839506172839,0.001088139281828074,NG3
cluster_5,was cooperative,3.7380001036528685,4,1,0.04938271604938271,0.001088139281828074,NG2
cluster_5,exchanged information,3.660631220393377,9,6,0.1111111111111111,0.006528835690968444,NG2
cluster_5,other car,3.62537466066321,5,2,0.06172839506172839,0.002176278563656148,NG2
cluster_5,changed lanes,3.62537466066321,5,2,0.06172839506172839,0.002176278563656148,NG2
cluster_5,seemed cooperative,3.62537466066321,5,2,0.06172839506172839,0.002176278563656148,NG2
cluster_5,involved collision,3.62537466066321,5,2,0.06172839506172839,0.002176278563656148,NG2
cluster_5,driver who was,3.6110782729876303,10,5,0.1111111111111111,0.00544069640914037,NG3
cluster_5,madrid where,3.6032955497801638,7,4,0.08641975308641975,0.004352557127312296,NG2
cluster_5,auto reparaciones where,3.5944596611533184,3,0,0.037037037037037035,0.0,NG3
cluster_5,rear bumper immediately,3.5944596611533184,3,0,0.037037037037037035,0.0,NG3
cluster_5,shop auto reparaciones,3.5944596611533184,3,0,0.037037037037037035,0.0,NG3
cluster_5,auto repair madrid,3.5944596611533184,3,0,0.037037037037037035,0.0,NG3
cluster_5,repair madrid where,3.5944596611533184,3,0,0.037037037037037035,0.0,NG3
cluster_5,seemed shaken but,3.5944596611533184,3,0,0.037037037037037035,0.0,NG3
cluster_5,damage both cars,3.5944596611533184,3,0,0.037037037037037035,0.0,NG3
cluster_5,brakes avoid collision,3.5944596611533184,3,0,0.037037037037037035,0.0,NG3
cluster_5,took photos both,3.5944596611533184,3,0,0.037037037037037035,0.0,NG3
cluster_5,calle vallehermoso when,3.5944596611533184,3,0,0.037037037037037035,0.0,NG3
cluster_5,car cut front,3.5944596611533184,3,0,0.037037037037037035,0.0,NG3
cluster_5,suddenly car cut,3.5944596611533184,3,0,0.037037037037037035,0.0,NG3
cluster_5,damage both,3.5283693299643697,12,10,0.14814814814814814,0.01088139281828074,NG2
cluster_5,driver who,3.4975037566843388,15,14,0.1728395061728395,0.015233949945593036,NG2
cluster_5,other driver who,3.4615136671477975,15,10,0.1728395061728395,0.01088139281828074,NG3
cluster_5,traffic was,3.4350148420770195,14,13,0.1728395061728395,0.014145810663764961,NG2
cluster_5,2018 ford focus,3.3842008402288837,7,3,0.08641975308641975,0.003264417845484222,NG3
cluster_5,m30 madrid when,3.2237269570679286,16,12,0.19753086419753085,0.013057671381936888,NG3
cluster_5,also exchanged contact,3.159516492259819,4,1,0.04938271604938271,0.001088139281828074,NG3
cluster_5,front suddenly braked,3.159516492259819,4,1,0.04938271604938271,0.001088139281828074,NG3
cluster_5,calle vallehermoso,3.132468834960098,6,4,0.07407407407407407,0.004352557127312296,NG2
cluster_5,driving blue,3.0655711961780217,5,3,0.06172839506172839,0.003264417845484222,NG2
cluster_5,driving car,3.0115041567584893,4,2,0.04938271604938271,0.002176278563656148,NG2
cluster_5,red light,3.0115041567584893,4,2,0.04938271604938271,0.002176278563656148,NG2
cluster_5,car along,3.0115041567584893,4,2,0.04938271604938271,0.002176278563656148,NG2
cluster_5,both cars,3.0115041567584893,4,2,0.04938271604938271,0.002176278563656148,NG2
cluster_5,suddenly changed,2.998501975274614,3,1,0.037037037037037035,0.001088139281828074,NG2
cluster_5,exit towards,2.998501975274614,3,1,0.037037037037037035,0.001088139281828074,NG2
cluster_5,lanes without,2.998501975274614,3,1,0.037037037037037035,0.001088139281828074,NG2
cluster_5,just merged,2.998501975274614,3,1,0.037037037037037035,0.001088139281828074,NG2
cluster_5,some scratches,2.998501975274614,3,1,0.037037037037037035,0.001088139281828074,NG2
cluster_5,within twenty,2.998501975274614,3,1,0.037037037037037035,0.001088139281828074,NG2
cluster_5,merged into,2.998501975274614,3,1,0.037037037037037035,0.001088139281828074,NG2
cluster_5,our statements,2.998501975274614,3,1,0.037037037037037035,0.001088139281828074,NG2
cluster_5,able stop,2.998501975274614,3,1,0.037037037037037035,0.001088139281828074,NG2
cluster_5,repairs totaling 1200,2.9971222920811216,5,2,0.06172839506172839,0.002176278563656148,NG3
cluster_5,focus along,2.9650615822639486,8,7,0.09876543209876543,0.007616974972796518,NG2
cluster_5,rear bumper,2.805362058397068,9,9,0.1111111111111111,0.009793253536452665,NG2
cluster_5,twenty minutes,2.753341815819009,6,5,0.07407407407407407,0.00544069640914037,NG2
cluster_5,insurance details,2.7098526931078264,12,14,0.14814814814814814,0.015233949945593036,NG2
cluster_5,information with,2.6424364021147007,13,16,0.16049382716049382,0.017410228509249184,NG2
cluster_5,with the other,2.5789205683360836,19,19,0.2345679012345679,0.020674646354733407,NG3
cluster_5,involved minor,2.4960470793158582,4,3,0.04938271604938271,0.003264417845484222,NG2
cluster_5,lane when,2.4960470793158582,4,3,0.04938271604938271,0.003264417845484222,NG2
cluster_5,suddenly braked,2.4960470793158582,4,3,0.04938271604938271,0.003264417845484222,NG2
cluster_5,another vehicle,2.4920451985670367,10,12,0.12345679012345678,0.013057671381936888,NG2
cluster_5,suddenly changed lanes,2.4788823098633372,3,1,0.037037037037037035,0.001088139281828074,NG3
cluster_5,changed lanes without,2.4788823098633372,3,1,0.037037037037037035,0.001088139281828074,NG3
cluster_5,involved collision with,2.4788823098633372,3,1,0.037037037037037035,0.001088139281828074,NG3
cluster_5,without any warning,2.4788823098633372,3,1,0.037037037037037035,0.001088139281828074,NG3
cluster_5,lanes without signaling,2.4788823098633372,3,1,0.037037037037037035,0.001088139281828074,NG3
cluster_5,able stop time,2.4788823098633372,3,1,0.037037037037037035,0.001088139281828074,NG3
cluster_5,within twenty minutes,2.4788823098633372,3,1,0.037037037037037035,0.001088139281828074,NG3
cluster_5,had just merged,2.4788823098633372,3,1,0.037037037037037035,0.001088139281828074,NG3
cluster_5,ford focus,2.4512545674100994,8,9,0.09876543209876543,0.009793253536452665,NG2
cluster_5,afternoon october 2023,2.4373188275959334,5,3,0.06172839506172839,0.003264417845484222,NG3
cluster_5,was driving blue,2.4373188275959334,5,3,0.06172839506172839,0.003264417845484222,NG3
cluster_5,driving car along,2.43302054536544,4,2,0.04938271604938271,0.002176278563656148,NG3
cluster_5,was the left,2.43302054536544,4,2,0.04938271604938271,0.002176278563656148,NG3
cluster_5,avoid collision but,2.43302054536544,4,2,0.04938271604938271,0.002176278563656148,NG3
cluster_5,body shop auto,2.43302054536544,4,2,0.04938271604938271,0.002176278563656148,NG3
cluster_5,totaling 1200,2.432794488508019,6,6,0.07407407407407407,0.006528835690968444,NG2
cluster_5,exchanged insurance,2.379539983297373,12,16,0.14814814814814814,0.017410228509249184,NG2
cluster_5,brakes avoid,2.345931058116144,3,2,0.037037037037037035,0.002176278563656148,NG2
cluster_5,2500 have,2.345931058116144,3,2,0.037037037037037035,0.002176278563656148,NG2
cluster_5,any warning,2.345931058116144,3,2,0.037037037037037035,0.002176278563656148,NG2
cluster_5,around 330,2.345931058116144,3,2,0.037037037037037035,0.002176278563656148,NG2
cluster_5,insurance information,2.3412317985867395,13,18,0.16049382716049382,0.01958650707290533,NG2
cluster_5,thankfully one,2.311796243426736,7,8,0.08641975308641975,0.008705114254624592,NG2
cluster_5,damage both vehicles,2.2838262266033214,9,8,0.1111111111111111,0.008705114254624592,NG3
cluster_5,shaken but,2.276572527222536,5,5,0.06172839506172839,0.00544069640914037,NG2
cluster_5,afternoon september,2.2317947681820773,8,10,0.09876543209876543,0.01088139281828074,NG2
cluster_5,into lane,2.2317947681820773,8,10,0.09876543209876543,0.01088139281828074,NG2
cluster_5,ford focus along,2.221653907846095,8,7,0.09876543209876543,0.007616974972796518,NG3
cluster_5,afternoon october,2.155123763566226,6,7,0.07407407407407407,0.007616974972796518,NG2
cluster_5,was injured,2.155123763566226,6,7,0.07407407407407407,0.007616974972796518,NG2
cluster_5,right lane,2.155123763566226,6,7,0.07407407407407407,0.007616974972796518,NG2
cluster_5,collision but,2.0962275082514483,4,4,0.04938271604938271,0.004352557127312296,NG2
cluster_5,left lane,2.0962275082514483,4,4,0.04938271604938271,0.004352557127312296,NG2
cluster_5,stop time,2.0962275082514483,4,4,0.04938271604938271,0.004352557127312296,NG2
cluster_5,into lane without,2.003101526397366,5,4,0.06172839506172839,0.004352557127312296,NG3
cluster_5,impact was,1.976609154862897,5,6,0.06172839506172839,0.006528835690968444,NG2
cluster_5,car front,1.976609154862897,5,6,0.06172839506172839,0.006528835690968444,NG2
cluster_5,was involved,1.9442222308191477,13,21,0.16049382716049382,0.022850924918389554,NG2
cluster_5,was involved minor,1.9175634679228089,4,3,0.04938271604938271,0.003264417845484222,NG3
cluster_5,just exited,1.8829246239846331,3,3,0.037037037037037035,0.003264417845484222,NG2
cluster_5,madrid heading,1.8829246239846331,3,3,0.037037037037037035,0.003264417845484222,NG2
cluster_5,with another,1.8829246239846331,3,3,0.037037037037037035,0.003264417845484222,NG2
cluster_5,admitted fault,1.8829246239846331,3,3,0.037037037037037035,0.003264417845484222,NG2
cluster_5,cost came,1.8829246239846331,3,3,0.037037037037037035,0.003264417845484222,NG2
cluster_5,bumper immediately,1.8829246239846331,3,3,0.037037037037037035,0.003264417845484222,NG2
cluster_5,about twenty,1.8829246239846331,3,3,0.037037037037037035,0.003264417845484222,NG2
cluster_5,name was,1.8829246239846331,3,3,0.037037037037037035,0.003264417845484222,NG2
cluster_5,driving 2018 ford,1.8263113927048675,3,2,0.037037037037037035,0.002176278563656148,NG3
cluster_5,arrived about twenty,1.8263113927048675,3,2,0.037037037037037035,0.002176278563656148,NG3
cluster_5,was driving car,1.8263113927048675,3,2,0.037037037037037035,0.002176278563656148,NG3
cluster_5,suddenly swerved into,1.8263113927048675,3,2,0.037037037037037035,0.002176278563656148,NG3
cluster_5,collision with another,1.8263113927048675,3,2,0.037037037037037035,0.002176278563656148,NG3
cluster_5,impact was significant,1.8263113927048675,3,2,0.037037037037037035,0.002176278563656148,NG3
cluster_5,with another vehicle,1.8263113927048675,3,2,0.037037037037037035,0.002176278563656148,NG3
cluster_5,front suddenly,1.7695511324214788,4,5,0.04938271604938271,0.00544069640914037,NG2
cluster_5,swerved into,1.7167690627373484,5,7,0.06172839506172839,0.007616974972796518,NG2
cluster_5,one was,1.6764986111597273,8,13,0.09876543209876543,0.014145810663764961,NG2
cluster_5,thankfully one was,1.6024050386537907,7,8,0.08641975308641975,0.008705114254624592,NG3
cluster_5,road and called,1.6024050386537907,7,8,0.08641975308641975,0.008705114254624592,NG3
cluster_5,around was,1.5237889325843614,3,4,0.037037037037037035,0.004352557127312296,NG2
cluster_5,officers arrived,1.5237889325843614,3,4,0.037037037037037035,0.004352557127312296,NG2
cluster_5,who seemed,1.5237889325843614,3,4,0.037037037037037035,0.004352557127312296,NG2
cluster_5,suddenly swerved,1.5237889325843614,3,4,0.037037037037037035,0.004352557127312296,NG2
cluster_5,suddenly car,1.4933501921530454,4,6,0.04938271604938271,0.006528835690968444,NG2
cluster_5,vehicle suddenly,1.4933501921530454,4,6,0.04938271604938271,0.006528835690968444,NG2
cluster_5,one was injured,1.4837597365464954,6,7,0.07407407407407407,0.007616974972796518,NG3
cluster_5,who was very,1.3633049585733563,3,3,0.037037037037037035,0.003264417845484222,NG3
cluster_5,m30 madrid heading,1.3633049585733563,3,3,0.037037037037037035,0.003264417845484222,NG3
cluster_5,twenty minutes later,1.3633049585733563,3,3,0.037037037037037035,0.003264417845484222,NG3
cluster_5,about twenty minutes,1.3633049585733563,3,3,0.037037037037037035,0.003264417845484222,NG3
cluster_5,with the rear,1.3633049585733563,3,3,0.037037037037037035,0.003264417845484222,NG3
cluster_5,car front suddenly,1.3633049585733563,3,3,0.037037037037037035,0.003264417845484222,NG3
cluster_5,driver and exchanged,1.3633049585733563,3,3,0.037037037037037035,0.003264417845484222,NG3
cluster_5,had just exited,1.3633049585733563,3,3,0.037037037037037035,0.003264417845484222,NG3
cluster_5,insurance details with,1.3483567862808088,5,6,0.06172839506172839,0.006528835690968444,NG3
cluster_5,details with,1.3119827740644046,6,11,0.07407407407407407,0.011969532100108813,NG2
cluster_5,where received estimate,1.288035994187018,8,11,0.09876543209876543,0.011969532100108813,NG3
cluster_5,exchanged insurance information,1.288035994187018,8,11,0.09876543209876543,0.011969532100108813,NG3
cluster_5,was very,1.2825517615387843,5,9,0.06172839506172839,0.009793253536452665,NG2
cluster_5,also exchanged,1.2825517615387843,5,9,0.06172839506172839,0.009793253536452665,NG2
cluster_5,slowed down,1.2303537068261634,3,5,0.037037037037037035,0.00544069640914037,NG2
cluster_5,when vehicle,1.2303537068261634,3,5,0.037037037037037035,0.00544069640914037,NG2
cluster_5,car immediately,1.2303537068261634,3,5,0.037037037037037035,0.00544069640914037,NG2
cluster_5,car accident,1.2303537068261634,3,5,0.037037037037037035,0.00544069640914037,NG2
cluster_5,claim providing,1.2303537068261634,3,5,0.037037037037037035,0.00544069640914037,NG2
cluster_5,involved accident,1.2303537068261634,3,5,0.037037037037037035,0.00544069640914037,NG2
cluster_5,accident scene,1.2303537068261634,3,5,0.037037037037037035,0.00544069640914037,NG2
cluster_5,for repairs totaling,1.1910675210284294,4,5,0.04938271604938271,0.00544069640914037,NG3
cluster_5,exchanged insurance details,1.1910675210284294,4,5,0.04938271604938271,0.00544069640914037,NG3
cluster_5,received estimate for,1.1614864546332015,7,10,0.08641975308641975,0.01088139281828074,NG3
cluster_5,passenger side,1.1455386426195178,6,12,0.07407407407407407,0.013057671381936888,NG2
cluster_5,swerved into lane,1.0885166941552602,5,7,0.06172839506172839,0.007616974972796518,NG3
cluster_5,later that day,1.0885166941552602,5,7,0.06172839506172839,0.007616974972796518,NG3
cluster_5,document the scene,1.0885166941552602,5,7,0.06172839506172839,0.007616974972796518,NG3
cluster_5,were timestamped,1.0430551855270962,4,8,0.04938271604938271,0.008705114254624592,NG2
cluster_5,incident the officer,1.0041692671730817,3,4,0.037037037037037035,0.004352557127312296,NG3
cluster_5,with the photos,1.0041692671730817,3,4,0.037037037037037035,0.004352557127312296,NG3
cluster_5,when the car,1.0041692671730817,3,4,0.037037037037037035,0.004352557127312296,NG3
cluster_5,car after,0.9822577584846823,3,6,0.037037037037037035,0.006528835690968444,NG2
cluster_5,our insurance,0.9822577584846823,3,6,0.037037037037037035,0.006528835690968444,NG2
cluster_6,local council,6.3953003390429615,11,2,0.19298245614035087,0.0021208907741251328,NG2
cluster_6,home terraced,5.08505848358949,11,4,0.19298245614035087,0.0042417815482502655,NG2
cluster_6,damp patch,4.907091756952351,6,1,0.10526315789473684,0.0010604453870625664,NG2
cluster_6,returned home terraced,4.517081364115613,10,3,0.17543859649122806,0.003181336161187699,NG3
cluster_6,noticed damp smell,4.328253489822164,4,0,0.07017543859649122,0.0,NG3
cluster_6,home the 15th,4.328253489822164,4,0,0.07017543859649122,0.0,NG3
cluster_6,immediately noticed damp,4.328253489822164,4,0,0.07017543859649122,0.0,NG3
cluster_6,home terraced house,4.31341144667695,11,4,0.19298245614035087,0.0042417815482502655,NG3
cluster_6,15th october,4.292019359929857,5,1,0.08771929824561403,0.0010604453870625664,NG2
cluster_6,sons who,4.292019359929857,5,1,0.08771929824561403,0.0010604453870625664,NG2
cluster_6,heavy drizzle,4.06395076745053,6,2,0.10526315789473684,0.0021208907741251328,NG2
cluster_6,which suspect,4.012881890675981,3,0,0.05263157894736842,0.0,NG2
cluster_6,unusually wet,4.012881890675981,3,0,0.05263157894736842,0.0,NG2
cluster_6,concerned checked,4.012881890675981,3,0,0.05263157894736842,0.0,NG2
cluster_6,roof tile,4.012881890675981,3,0,0.05263157894736842,0.0,NG2
cluster_6,issues appreciate,4.012881890675981,3,0,0.05263157894736842,0.0,NG2
cluster_6,council reference,4.012881890675981,3,0,0.05263157894736842,0.0,NG2
cluster_6,that leak,4.012881890675981,3,0,0.05263157894736842,0.0,NG2
cluster_6,council regarding,4.012881890675981,3,0,0.05263157894736842,0.0,NG2
cluster_6,tiles had,4.012881890675981,3,0,0.05263157894736842,0.0,NG2
cluster_6,had developed,3.9554360517944964,7,3,0.12280701754385964,0.003181336161187699,NG2
cluster_6,room had,3.9025041333553028,8,4,0.14035087719298245,0.0042417815482502655,NG2
cluster_6,smith sons who,3.70660593012919,5,1,0.08771929824561403,0.0010604453870625664,NG3
cluster_6,persistent drizzle,3.625338743674841,4,1,0.07017543859649122,0.0010604453870625664,NG2
cluster_6,issues appreciate your,3.5286937749879703,3,0,0.05263157894736842,0.0,NG3
cluster_6,sons who came,3.5286937749879703,3,0,0.05263157894736842,0.0,NG3
cluster_6,leak had developed,3.5286937749879703,3,0,0.05263157894736842,0.0,NG3
cluster_6,council reference number,3.5286937749879703,3,0,0.05263157894736842,0.0,NG3
cluster_6,that leak had,3.5286937749879703,3,0,0.05263157894736842,0.0,NG3
cluster_6,that the guttering,3.5286937749879703,3,0,0.03508771929824561,0.0,NG3
cluster_6,september 15th noticed,3.5286937749879703,3,0,0.05263157894736842,0.0,NG3
cluster_6,local council regarding,3.5286937749879703,3,0,0.05263157894736842,0.0,NG3
cluster_6,any future issues,3.5286937749879703,3,0,0.05263157894736842,0.0,NG3
cluster_6,damp smell,3.5030206909743717,5,2,0.08771929824561403,0.0021208907741251328,NG2
cluster_6,street after,3.5030206909743717,5,2,0.08771929824561403,0.0021208907741251328,NG2
cluster_6,day october,3.5030206909743717,5,2,0.08771929824561403,0.0021208907741251328,NG2
cluster_6,drizzle showers,3.4826932345500787,8,5,0.14035087719298245,0.005302226935312832,NG2
cluster_6,roofing contractor,3.4651395565728267,7,4,0.12280701754385964,0.0042417815482502655,NG2
cluster_6,noticed damp,3.4651395565728267,7,4,0.12280701754385964,0.0042417815482502655,NG2
cluster_6,living room had,3.209787546542738,8,4,0.14035087719298245,0.0042417815482502655,NG3
cluster_6,before and after,3.086300465485154,4,1,0.07017543859649122,0.0010604453870625664,NG3
cluster_6,that water,3.001718744837011,6,4,0.10526315789473684,0.0042417815482502655,NG2
cluster_6,contractor smith,2.9432172264891836,5,3,0.08771929824561403,0.003181336161187699,NG2
cluster_6,room had been,2.9176072611737043,5,2,0.08771929824561403,0.0021208907741251328,NG3
cluster_6,experienced over,2.8988427967804618,4,2,0.07017543859649122,0.0021208907741251328,NG2
cluster_6,his invoice,2.8988427967804618,4,2,0.07017543859649122,0.0021208907741251328,NG2
cluster_6,past week,2.8988427967804618,4,2,0.07017543859649122,0.0021208907741251328,NG2
cluster_6,drizzle had,2.8988427967804618,4,2,0.07017543859649122,0.0021208907741251328,NG2
cluster_6,that living,2.8988427967804618,4,2,0.07017543859649122,0.0021208907741251328,NG2
cluster_6,previous work,2.897304539386,3,1,0.05263157894736842,0.0010604453870625664,NG2
cluster_6,entered immediately,2.897304539386,3,1,0.05263157894736842,0.0010604453870625664,NG2
cluster_6,developed significant,2.897304539386,3,1,0.05263157894736842,0.0010604453870625664,NG2
cluster_6,future issues,2.897304539386,3,1,0.05263157894736842,0.0010604453870625664,NG2
cluster_6,october 6th,2.897304539386,3,1,0.03508771929824561,0.0010604453870625664,NG2
cluster_6,abc roofing,2.897304539386,3,1,0.05263157894736842,0.0010604453870625664,NG2
cluster_6,maple avenue,2.897304539386,3,1,0.05263157894736842,0.0010604453870625664,NG2
cluster_6,wanted document,2.897304539386,3,1,0.05263157894736842,0.0010604453870625664,NG2
cluster_6,throughout the day,2.840147301824084,6,3,0.10526315789473684,0.003181336161187699,NG3
cluster_6,been drizzling,2.6225917256959255,6,5,0.10526315789473684,0.005302226935312832,NG2
cluster_6,terraced house,2.57166268298406,19,25,0.3333333333333333,0.026511134676564158,NG2
cluster_6,next day october,2.4131164236979896,3,1,0.05263157894736842,0.0010604453870625664,NG3
cluster_6,morning discovered that,2.4131164236979896,3,1,0.05263157894736842,0.0010604453870625664,NG3
cluster_6,noticed leak coming,2.4131164236979896,3,1,0.05263157894736842,0.0010604453870625664,NG3
cluster_6,contractor abc roofing,2.4131164236979896,3,1,0.05263157894736842,0.0010604453870625664,NG3
cluster_6,noticed damp patch,2.4131164236979896,3,1,0.05263157894736842,0.0010604453870625664,NG3
cluster_6,street after long,2.4131164236979896,3,1,0.05263157894736842,0.0010604453870625664,NG3
cluster_6,entered immediately noticed,2.4131164236979896,3,1,0.05263157894736842,0.0010604453870625664,NG3
cluster_6,15th october 2023,2.4131164236979896,3,1,0.05263157894736842,0.0010604453870625664,NG3
cluster_6,address the issue,2.4131164236979896,3,1,0.05263157894736842,0.0010604453870625664,NG3
cluster_6,drizzle that,2.3833857193378307,4,3,0.07017543859649122,0.003181336161187699,NG2
cluster_6,local roofing contractor,2.3761333314633486,6,4,0.10526315789473684,0.0042417815482502655,NG3
cluster_6,they came out,2.359804518590775,4,2,0.07017543859649122,0.0021208907741251328,NG3
cluster_6,from the roof,2.359804518590775,4,2,0.07017543859649122,0.0021208907741251328,NG3
cluster_6,that living room,2.359804518590775,4,2,0.07017543859649122,0.0021208907741251328,NG3
cluster_6,they came,2.3020443983849352,6,6,0.10526315789473684,0.006362672322375398,NG2
cluster_6,around find,2.24473362222753,3,2,0.05263157894736842,0.0021208907741251328,NG2
cluster_6,morning discovered,2.24473362222753,3,2,0.05263157894736842,0.0021208907741251328,NG2
cluster_6,needed replacing,2.24473362222753,3,2,0.05263157894736842,0.0021208907741251328,NG2
cluster_6,15th noticed,2.24473362222753,3,2,0.05263157894736842,0.0021208907741251328,NG2
cluster_6,leak had,2.24473362222753,3,2,0.05263157894736842,0.0021208907741251328,NG2
cluster_6,any future,2.24473362222753,3,2,0.05263157894736842,0.0021208907741251328,NG2
cluster_6,couple days,2.24473362222753,3,2,0.05263157894736842,0.0021208907741251328,NG2
cluster_6,1200 for,2.154218557533698,5,5,0.08771929824561403,0.005302226935312832,NG2
cluster_6,able come,2.0243736734431423,6,7,0.10526315789473684,0.007423117709437964,NG2
cluster_6,had been drizzling,1.9970063123222628,6,5,0.10526315789473684,0.005302226935312832,NG3
cluster_6,noticed leak,1.9835661482734173,4,4,0.07017543859649122,0.0042417815482502655,NG2
cluster_6,noticed musty,1.9835661482734173,4,4,0.07017543859649122,0.0042417815482502655,NG2
cluster_6,quickly checked,1.9835661482734173,4,4,0.07017543859649122,0.0042417815482502655,NG2
cluster_6,water was,1.9421395357352085,7,9,0.12280701754385964,0.009544008483563097,NG2
cluster_6,immediately noticed musty,1.8443474411481435,4,3,0.07017543859649122,0.003181336161187699,NG3
cluster_6,contractor smith sons,1.8443474411481435,4,3,0.07017543859649122,0.003181336161187699,NG3
cluster_6,was likely,1.781727188096019,3,3,0.05263157894736842,0.003181336161187699,NG2
cluster_6,home october,1.781727188096019,3,3,0.05263157894736842,0.003181336161187699,NG2
cluster_6,unusual for,1.781727188096019,3,3,0.05263157894736842,0.003181336161187699,NG2
cluster_6,might just,1.781727188096019,3,3,0.05263157894736842,0.003181336161187699,NG2
cluster_6,claim filed,1.781727188096019,3,3,0.05263157894736842,0.003181336161187699,NG2
cluster_6,items that,1.781727188096019,3,3,0.03508771929824561,0.003181336161187699,NG2
cluster_6,upgraded home,1.781727188096019,3,3,0.05263157894736842,0.003181336161187699,NG2
cluster_6,was covered,1.781727188096019,3,3,0.05263157894736842,0.003181336161187699,NG2
cluster_6,ensure all,1.781727188096019,3,3,0.05263157894736842,0.003181336161187699,NG2
cluster_6,noticed musty smell,1.7605455065395197,3,2,0.05263157894736842,0.0021208907741251328,NG3
cluster_6,work around find,1.7605455065395197,3,2,0.05263157894736842,0.0021208907741251328,NG3
cluster_6,that water was,1.7605455065395197,3,2,0.05263157894736842,0.0021208907741251328,NG3
cluster_6,local contractor smith,1.7605455065395197,3,2,0.05263157894736842,0.0021208907741251328,NG3
cluster_6,that the ceiling,1.6764589850112728,6,6,0.10526315789473684,0.006362672322375398,NG3
cluster_6,leak from,1.6568897724434513,4,5,0.07017543859649122,0.0042417815482502655,NG2
cluster_6,house maple,1.5944150930485101,5,7,0.08771929824561403,0.007423117709437964,NG2
cluster_6,day work,1.5603597030824066,6,9,0.10526315789473684,0.009544008483563097,NG2
cluster_6,was due,1.5415381301693334,7,11,0.12280701754385964,0.01166489925768823,NG2
cluster_6,local roofing,1.5317178118967518,8,13,0.14035087719298245,0.013785790031813362,NG2
cluster_6,police report reference,1.4445278700837303,4,4,0.07017543859649122,0.0042417815482502655,NG3
cluster_6,weather that,1.4225914966957443,3,4,0.05263157894736842,0.0042417815482502655,NG2
cluster_6,situation they,1.4225914966957443,3,4,0.05263157894736842,0.0042417815482502655,NG2
cluster_6,contractor abc,1.4225914966957443,3,4,0.05263157894736842,0.0042417815482502655,NG2
cluster_6,water seep,1.4225914966957443,3,4,0.05263157894736842,0.0042417815482502655,NG2
cluster_6,estimate 1200,1.4225914966957443,3,4,0.05263157894736842,0.0042417815482502655,NG2
cluster_6,hopeful this,1.4225914966957443,3,4,0.05263157894736842,0.0042417815482502655,NG2
cluster_6,around returned,1.4225914966957443,3,4,0.05263157894736842,0.0042417815482502655,NG2
cluster_6,further inspection,1.4225914966957443,3,4,0.05263157894736842,0.0042417815482502655,NG2
cluster_6,contacted local roofing,1.3987882600694796,6,7,0.10526315789473684,0.007423117709437964,NG3
cluster_6,damage timestamped,1.380688832175018,4,6,0.07017543859649122,0.006362672322375398,NG2
cluster_6,room was,1.380688832175018,4,6,0.07017543859649122,0.006362672322375398,NG2
cluster_6,seeping through,1.380688832175018,4,6,0.07017543859649122,0.006362672322375398,NG2
cluster_6,report reference,1.380688832175018,4,6,0.07017543859649122,0.006362672322375398,NG2
cluster_6,leak was,1.3621677558523209,6,10,0.08771929824561403,0.010604453870625663,NG2
cluster_6,smith sons,1.3621677558523209,6,10,0.10526315789473684,0.010604453870625663,NG2
cluster_6,thought might just,1.2975390724080087,3,3,0.05263157894736842,0.003181336161187699,NG3
cluster_6,occurred home october,1.2975390724080087,3,3,0.05263157894736842,0.003181336161187699,NG3
cluster_6,5th 2023 returned,1.2975390724080087,3,3,0.05263157894736842,0.003181336161187699,NG3
cluster_6,plumber who was,1.2975390724080087,3,3,0.05263157894736842,0.003181336161187699,NG3
cluster_6,upgraded home insurance,1.2975390724080087,3,3,0.05263157894736842,0.003181336161187699,NG3
cluster_6,incident has been,1.2975390724080087,3,3,0.05263157894736842,0.003181336161187699,NG3
cluster_6,this incident has,1.2975390724080087,3,3,0.05263157894736842,0.003181336161187699,NG3
cluster_6,estimate 1200 for,1.2975390724080087,3,3,0.05263157894736842,0.003181336161187699,NG3
cluster_6,able come out,1.2688417553733913,5,6,0.08771929824561403,0.006362672322375398,NG3
cluster_6,leak coming,1.1601977918499429,5,9,0.08771929824561403,0.009544008483563097,NG2
cluster_6,following week,1.14143269500082,4,7,0.07017543859649122,0.007423117709437964,NG2
cluster_6,water dripping,1.14143269500082,4,7,0.07017543859649122,0.007423117709437964,NG2
cluster_6,was leaking,1.14143269500082,4,7,0.07017543859649122,0.007423117709437964,NG2
cluster_6,inspection discovered,1.1291562709375491,3,5,0.05263157894736842,0.005302226935312832,NG2
cluster_6,ceiling which,1.1291562709375491,3,5,0.05263157894736842,0.005302226935312832,NG2
cluster_6,ceiling was,1.1291562709375491,3,5,0.05263157894736842,0.005302226935312832,NG2
cluster_6,plumbing work,1.1291562709375491,3,5,0.05263157894736842,0.005302226935312832,NG2
cluster_6,was concerned,1.1291562709375491,3,5,0.05263157894736842,0.005302226935312832,NG2
cluster_6,which they,1.1291562709375491,3,5,0.05263157894736842,0.005302226935312832,NG2
cluster_6,that the issue,1.1178514942537643,4,5,0.07017543859649122,0.005302226935312832,NG3
cluster_6,report reference number,1.1178514942537643,4,5,0.07017543859649122,0.005302226935312832,NG3
cluster_6,was able come,1.1178514942537643,4,5,0.07017543859649122,0.005302226935312832,NG3
cluster_6,came out,1.061638092832438,11,23,0.19298245614035087,0.024390243902439025,NG2
cluster_6,significant leak,1.014788552496434,6,12,0.10526315789473684,0.012725344644750796,NG2
cluster_6,terraced house maple,1.0090016632478427,5,7,0.08771929824561403,0.007423117709437964,NG3
cluster_6,room ceiling,0.9747327456604222,5,10,0.08771929824561403,0.010604453870625663,NG2
cluster_6,who was able,0.9384033810077339,3,4,0.05263157894736842,0.0042417815482502655,NG3
cluster_6,was concerned about,0.9384033810077339,3,4,0.05263157894736842,0.0042417815482502655,NG3
cluster_6,additionally took photographs,0.9384033810077339,3,4,0.05263157894736842,0.0042417815482502655,NG3
cluster_6,around returned home,0.9384033810077339,3,4,0.05263157894736842,0.0042417815482502655,NG3
cluster_6,kept for records,0.9384033810077339,3,4,0.05263157894736842,0.0042417815482502655,NG3
cluster_6,long day work,0.9347742897087441,6,9,0.10526315789473684,0.009544008483563097,NG3
cluster_6,additionally took,0.9303938255490687,4,8,0.07017543859649122,0.008483563096500531,NG2
cluster_6,musty smell,0.9303938255490687,4,8,0.07017543859649122,0.008483563096500531,NG2
cluster_6,timestamps for,0.9303938255490687,4,8,0.07017543859649122,0.008483563096500531,NG2
cluster_6,this issue,0.9303938255490687,4,8,0.07017543859649122,0.008483563096500531,NG2
cluster_6,morning assess,0.8810603225960681,3,6,0.05263157894736842,0.006362672322375398,NG2
cluster_6,bathroom above,0.8810603225960681,3,6,0.05263157894736842,0.006362672322375398,NG2
cluster_6,foul play,0.8810603225960681,3,6,0.05263157894736842,0.006362672322375398,NG2
cluster_6,suggested that,0.8810603225960681,3,6,0.05263157894736842,0.006362672322375398,NG2
cluster_6,elm street,0.8810603225960681,3,6,0.05263157894736842,0.006362672322375398,NG2
cluster_6,number from,0.8810603225960681,3,6,0.05263157894736842,0.006362672322375398,NG2
cluster_6,bathroom which,0.8810603225960681,3,6,0.05263157894736842,0.006362672322375398,NG2
cluster_6,after visiting,0.8810603225960681,3,6,0.05263157894736842,0.006362672322375398,NG2
cluster_6,incident has,0.8810603225960681,3,6,0.05263157894736842,0.006362672322375398,NG2
cluster_6,october 2023 returned,0.841650553985331,4,6,0.07017543859649122,0.006362672322375398,NG3
cluster_6,living room was,0.841650553985331,4,6,0.07017543859649122,0.006362672322375398,NG3
cluster_6,reference number,0.8389686694198115,15,35,0.2631578947368421,0.03711558854718982,NG2
cluster_6,likely due,0.8054164240930247,5,11,0.08771929824561403,0.01166489925768823,NG2
cluster_6,issue was,0.8054164240930247,5,11,0.08771929824561403,0.01166489925768823,NG2
cluster_6,prevent further,0.8054164240930247,5,11,0.08771929824561403,0.01166489925768823,NG2
cluster_6,out the next,0.7046467115022352,7,12,0.12280701754385964,0.012725344644750796,NG3
cluster_6,claim for water,0.7046467115022352,7,12,0.12280701754385964,0.012725344644750796,NG3
cluster_6,needed which,0.666149836806038,3,7,0.05263157894736842,0.007423117709437964,NG2
cluster_6,dripping from,0.666149836806038,3,7,0.05263157894736842,0.007423117709437964,NG2
cluster_6,ceiling kitchen,0.666149836806038,3,7,0.05263157894736842,0.007423117709437964,NG2
cluster_6,particularly heavy,0.666149836806038,3,7,0.05263157894736842,0.007423117709437964,NG2
cluster_6,damage for,0.666149836806038,3,7,0.05263157894736842,0.007423117709437964,NG2
cluster_6,initially thought,0.666149836806038,3,7,0.05263157894736842,0.007423117709437964,NG2
cluster_6,for water,0.65735954453652,9,22,0.15789473684210525,0.02332979851537646,NG2
cluster_6,come out,0.6496605068732226,5,12,0.08771929824561403,0.012725344644750796,NG2
cluster_6,repairs needed which,0.6449681552495388,3,5,0.05263157894736842,0.005302226935312832,NG3
cluster_6,water dripping from,0.6449681552495388,3,5,0.05263157894736842,0.005302226935312832,NG3
cluster_6,promptly called local,0.6449681552495388,3,5,0.05263157894736842,0.005302226935312832,NG3
cluster_6,photographs the affected,0.6449681552495388,3,5,0.05263157894736842,0.005302226935312832,NG3
cluster_6,due the recent,0.6449681552495388,3,5,0.05263157894736842,0.005302226935312832,NG3
cluster_6,ceiling living,0.6281259904279515,12,30,0.21052631578947367,0.031813361611876985,NG2
cluster_6,evening september 15th,0.602394416811133,4,7,0.07017543859649122,0.007423117709437964,NG3
cluster_6,damage they provided,0.5747843620492753,5,9,0.08771929824561403,0.009544008483563097,NG3
cluster_6,that the leak,0.5747843620492753,5,9,0.08771929824561403,0.009544008483563097,NG3
cluster_6,leak coming from,0.5747843620492753,5,9,0.08771929824561403,0.009544008483563097,NG3
cluster_6,thought might,0.5708402067581809,4,10,0.07017543859649122,0.010604453870625663,NG2
cluster_6,find water,0.5708402067581809,4,10,0.07017543859649122,0.010604453870625663,NG2
cluster_6,quickly contacted,0.4765853537790765,3,8,0.05263157894736842,0.008483563096500531,NG2
