avg_component_degree,bank_account_used_to_connect_claims,betweenness_centrality,claim_date,claim_id,claim_location_used_to_connect_claims,closeness_centrality,component_size,connections_info,degree_centrality,entropy_of_entity_types,insurer_address_used_to_connect_claims,insurer_email_used_to_connect_claims,insurer_license_plate_used_to_connect_claims,insurer_phone_number_used_to_connect_claims,num_shared_entities_with_other_claims,repair_shop_used_to_connect_claims,third_party_license_plate_used_to_connect_claims,unique_bank_accounts_in_component,unique_claim_locations_in_component,unique_insurer_addresss_in_component,unique_insurer_emails_in_component,unique_insurer_license_plates_in_component,unique_insurer_phone_numbers_in_component,unique_repair_shops_in_component,unique_third_party_license_plates_in_component
1.75,0,1.0,2024-06-27,90a7e45b,0,1.0,8,"[{""connected_to"": ""insurer_license_plate:FH5939"", ""via"": null, ""value"": null, ""timestamp"": ""2024-06-27 00:00:00""}, {""connected_to"": ""insurer_phone_number:600904155"", ""via"": null, ""value"": null, ""timestamp"": ""2024-06-27 00:00:00""}, {""connected_to"": ""insurer_email:insured_82@mail.com"", ""via"": null, ""value"": null, ""timestamp"": ""2024-06-27 00:00:00""}, {""connected_to"": ""insurer_address:18 Avenida Central"", ""via"": null, ""value"": null, ""timestamp"": ""2024-06-27 00:00:00""}, {""connected_to"": ""repair_shop:repair_39"", ""via"": null, ""value"": null, ""timestamp"": ""2024-06-27 00:00:00""}, {""connected_to"": ""bank_account:ES31320114"", ""via"": null, ""value"": null, ""timestamp"": ""2024-06-27 00:00:00""}, {""connected_to"": ""claim_location:Zone_68"", ""via"": null, ""value"": null, ""timestamp"": ""2024-06-27 00:00:00""}]",1.0,1.945910149055313,0,0,0,0,0,0,0,1,1,1,1,1,1,1,0
1.8666666666666667,0,0.6923076923076924,2024-06-28,3dbeee40,0,0.5185185185185185,15,"[{""connected_to"": ""insurer_phone_number:600904155"", ""via"": null, ""value"": null, ""timestamp"": ""2024-06-28 00:00:00""}, {""connected_to"": ""insurer_license_plate:II2118"", ""via"": null, ""value"": null, ""timestamp"": ""2024-06-28 00:00:00""}, {""connected_to"": ""insurer_email:insured_81@mail.com"", ""via"": null, ""value"": null, ""timestamp"": ""2024-06-28 00:00:00""}, {""connected_to"": ""insurer_address:5 Avenida Central"", ""via"": null, ""value"": null, ""timestamp"": ""2024-06-28 00:00:00""}, {""connected_to"": ""repair_shop:repair_2"", ""via"": null, ""value"": null, ""timestamp"": ""2024-06-28 00:00:00""}, {""connected_to"": ""bank_account:ES87084490"", ""via"": null, ""value"": null, ""timestamp"": ""2024-06-28 00:00:00""}, {""connected_to"": ""claim_location:Zone_12"", ""via"": null, ""value"": null, ""timestamp"": ""2024-06-28 00:00:00""}]",0.5,1.945910149055313,0,0,0,0,0,0,0,2,2,2,2,2,1,2,0
1.7777777777777777,0,1.0,2024-06-28,c06aa294,0,1.0,9,"[{""connected_to"": ""insurer_license_plate:GH9194"", ""via"": null, ""value"": null, ""timestamp"": ""2024-06-28 00:00:00""}, {""connected_to"": ""insurer_phone_number:601904155"", ""via"": null, ""value"": null, ""timestamp"": ""2024-06-28 00:00:00""}, {""connected_to"": ""insurer_email:insured_95@mail.com"", ""via"": null, ""value"": null, ""timestamp"": ""2024-06-28 00:00:00""}, {""connected_to"": ""insurer_address:10 Avenida Central"", ""via"": null, ""value"": null, ""timestamp"": ""2024-06-28 00:00:00""}, {""connected_to"": ""repair_shop:repair_32"", ""via"": null, ""value"": null, ""timestamp"": ""2024-06-28 00:00:00""}, {""connected_to"": ""bank_account:ES29088754"", ""via"": null, ""value"": null, ""timestamp"": ""2024-06-28 00:00:00""}, {""connected_to"": ""claim_location:Zone_55"", ""via"": null, ""value"": null, ""timestamp"": ""2024-06-28 00:00:00""}, {""connected_to"": ""third_party_license_plate:OH7336"", ""via"": null, ""value"": null, ""timestamp"": ""2024-06-28 00:00:00""}]",1.0,2.0794415416798357,0,0,0,0,0,0,0,1,1,1,1,1,1,1,1
1.7777777777777777,0,1.0,2024-06-29,a2cef4f7,0,1.0,9,"[{""connected_to"": ""insurer_license_plate:JD4259"", ""via"": null, ""value"": null, ""timestamp"": ""2024-06-29 00:00:00""}, {""connected_to"": ""insurer_phone_number:600446081"", ""via"": null, ""value"": null, ""timestamp"": ""2024-06-29 00:00:00""}, {""connected_to"": ""insurer_email:insured_183@mail.com"", ""via"": null, ""value"": null, ""timestamp"": ""2024-06-29 00:00:00""}, {""connected_to"": ""insurer_address:23 Avenida Central"", ""via"": null, ""value"": null, ""timestamp"": ""2024-06-29 00:00:00""}, {""connected_to"": ""repair_shop:repair_35"", ""via"": null, ""value"": null, ""timestamp"": ""2024-06-29 00:00:00""}, {""connected_to"": ""bank_account:ES42901579"", ""via"": null, ""value"": null, ""timestamp"": ""2024-06-29 00:00:00""}, {""connected_to"": ""claim_location:Zone_56"", ""via"": null, ""value"": null, ""timestamp"": ""2024-06-29 00:00:00""}, {""connected_to"": ""third_party_license_plate:JJ4027"", ""via"": null, ""value"": null, ""timestamp"": ""2024-06-29 00:00:00""}]",1.0,2.0794415416798357,0,0,0,0,0,0,0,1,1,1,1,1,1,1,1
1.7777777777777777,0,1.0,2024-06-30,b40777f6,0,1.0,9,"[{""connected_to"": ""insurer_license_plate:EL1845"", ""via"": null, ""value"": null, ""timestamp"": ""2024-06-30 00:00:00""}, {""connected_to"": ""insurer_phone_number:600189326"", ""via"": null, ""value"": null, ""timestamp"": ""2024-06-30 00:00:00""}, {""connected_to"": ""insurer_email:insured_143@mail.com"", ""via"": null, ""value"": null, ""timestamp"": ""2024-06-30 00:00:00""}, {""connected_to"": ""insurer_address:15 Avenida Central"", ""via"": null, ""value"": null, ""timestamp"": ""2024-06-30 00:00:00""}, {""connected_to"": ""repair_shop:repair_30"", ""via"": null, ""value"": null, ""timestamp"": ""2024-06-30 00:00:00""}, {""connected_to"": ""bank_account:ES67781085"", ""via"": null, ""value"": null, ""timestamp"": ""2024-06-30 00:00:00""}, {""connected_to"": ""claim_location:Zone_40"", ""via"": null, ""value"": null, ""timestamp"": ""2024-06-30 00:00:00""}, {""connected_to"": ""third_party_license_plate:II2118"", ""via"": null, ""value"": null, ""timestamp"": ""2024-06-30 00:00:00""}]",1.0,2.0794415416798357,0,0,0,0,0,0,0,1,1,1,1,1,1,1,1
1.7777777777777777,0,1.0,2024-07-01,4f111138,0,1.0,9,"[{""connected_to"": ""insurer_license_plate:KC8145"", ""via"": null, ""value"": null, ""timestamp"": ""2024-07-01 00:00:00""}, {""connected_to"": ""insurer_phone_number:600826184"", ""via"": null, ""value"": null, ""timestamp"": ""2024-07-01 00:00:00""}, {""connected_to"": ""insurer_email:insured_70@mail.com"", ""via"": null, ""value"": null, ""timestamp"": ""2024-07-01 00:00:00""}, {""connected_to"": ""insurer_address:27 Avenida Central"", ""via"": null, ""value"": null, ""timestamp"": ""2024-07-01 00:00:00""}, {""connected_to"": ""repair_shop:repair_38"", ""via"": null, ""value"": null, ""timestamp"": ""2024-07-01 00:00:00""}, {""connected_to"": ""bank_account:ES71007570"", ""via"": null, ""value"": null, ""timestamp"": ""2024-07-01 00:00:00""}, {""connected_to"": ""claim_location:Zone_59"", ""via"": null, ""value"": null, ""timestamp"": ""2024-07-01 00:00:00""}, {""connected_to"": ""third_party_license_plate:AM2048"", ""via"": null, ""value"": null, ""timestamp"": ""2024-07-01 00:00:00""}]",1.0,2.0794415416798357,0,0,0,0,0,0,0,1,1,1,1,1,1,1,1
1.7777777777777777,0,1.0,2024-07-01,dbfb58bf,0,1.0,9,"[{""connected_to"": ""insurer_license_plate:NJ5036"", ""via"": null, ""value"": null, ""timestamp"": ""2024-07-01 00:00:00""}, {""connected_to"": ""insurer_phone_number:600335293"", ""via"": null, ""value"": null, ""timestamp"": ""2024-07-01 00:00:00""}, {""connected_to"": ""insurer_email:insured_7@mail.com"", ""via"": null, ""value"": null, ""timestamp"": ""2024-07-01 00:00:00""}, {""connected_to"": ""insurer_address:28 Avenida Central"", ""via"": null, ""value"": null, ""timestamp"": ""2024-07-01 00:00:00""}, {""connected_to"": ""repair_shop:repair_33"", ""via"": null, ""value"": null, ""timestamp"": ""2024-07-01 00:00:00""}, {""connected_to"": ""bank_account:ES54532647"", ""via"": null, ""value"": null, ""timestamp"": ""2024-07-01 00:00:00""}, {""connected_to"": ""claim_location:Zone_168"", ""via"": null, ""value"": null, ""timestamp"": ""2024-07-01 00:00:00""}, {""connected_to"": ""third_party_license_plate:PD7111"", ""via"": null, ""value"": null, ""timestamp"": ""2024-07-01 00:00:00""}]",1.0,2.0794415416798357,0,0,0,0,0,0,0,1,1,1,1,1,1,1,1
1.875,0,0.6571428571428573,2024-07-02,b08e7bfd,0,0.5,16,"[{""connected_to"": ""insurer_address:23 Avenida Central"", ""via"": null, ""value"": null, ""timestamp"": ""2024-07-02 00:00:00""}, {""connected_to"": ""insurer_license_plate:DE3658"", ""via"": null, ""value"": null, ""timestamp"": ""2024-07-02 00:00:00""}, {""connected_to"": ""insurer_phone_number:600432795"", ""via"": null, ""value"": null, ""timestamp"": ""2024-07-02 00:00:00""}, {""connected_to"": ""insurer_email:insured_94@mail.com"", ""via"": null, ""value"": null, ""timestamp"": ""2024-07-02 00:00:00""}, {""connected_to"": ""repair_shop:repair_12"", ""via"": null, ""value"": null, ""timestamp"": ""2024-07-02 00:00:00""}, {""connected_to"": ""bank_account:ES67429369"", ""via"": null, ""value"": null, ""timestamp"": ""2024-07-02 00:00:00""}, {""connected_to"": ""claim_location:Zone_74"", ""via"": null, ""value"": null, ""timestamp"": ""2024-07-02 00:00:00""}]",0.4666666666666667,2.0611128325795947,0,0,0,0,0,0,0,2,2,1,2,2,2,2,1
1.75,0,1.0,2024-07-03,1028b1e7,0,1.0,8,"[{""connected_to"": ""insurer_license_plate:HJ6341"", ""via"": null, ""value"": null, ""timestamp"": ""2024-07-03 00:00:00""}, {""connected_to"": ""insurer_phone_number:600596153"", ""via"": null, ""value"": null, ""timestamp"": ""2024-07-03 00:00:00""}, {""connected_to"": ""insurer_email:insured_77@mail.com"", ""via"": null, ""value"": null, ""timestamp"": ""2024-07-03 00:00:00""}, {""connected_to"": ""insurer_address:20 Avenida Central"", ""via"": null, ""value"": null, ""timestamp"": ""2024-07-03 00:00:00""}, {""connected_to"": ""repair_shop:repair_13"", ""via"": null, ""value"": null, ""timestamp"": ""2024-07-03 00:00:00""}, {""connected_to"": ""bank_account:ES82859036"", ""via"": null, ""value"": null, ""timestamp"": ""2024-07-03 00:00:00""}, {""connected_to"": ""claim_location:Zone_20"", ""via"": null, ""value"": null, ""timestamp"": ""2024-07-03 00:00:00""}]",1.0,1.945910149055313,0,0,0,0,0,0,0,1,1,1,1,1,1,1,0
1.9130434782608696,0,0.7229437229437229,2024-07-03,48734acd,0,0.44,23,"[{""connected_to"": ""insurer_phone_number:600335293"", ""via"": null, ""value"": null, ""timestamp"": ""2024-07-03 00:00:00""}, {""connected_to"": ""repair_shop:repair_13"", ""via"": null, ""value"": null, ""timestamp"": ""2024-07-03 00:00:00""}, {""connected_to"": ""insurer_license_plate:KB3576"", ""via"": null, ""value"": null, ""timestamp"": ""2024-07-03 00:00:00""}, {""connected_to"": ""insurer_email:insured_160@mail.com"", ""via"": null, ""value"": null, ""timestamp"": ""2024-07-03 00:00:00""}, {""connected_to"": ""insurer_address:16 Avenida Central"", ""via"": null, ""value"": null, ""timestamp"": ""2024-07-03 00:00:00""}, {""connected_to"": ""bank_account:ES95330972"", ""via"": null, ""value"": null, ""timestamp"": ""2024-07-03 00:00:00""}, {""connected_to"": ""claim_location:Zone_4"", ""via"": null, ""value"": null, ""timestamp"": ""2024-07-03 00:00:00""}]",0.3181818181818182,2.0423670869023933,0,0,0,0,0,0,0,3,3,3,3,3,2,2,1
1.9555555555555555,0,0.6057082452431289,2024-07-03,a4b96898,0,0.2603550295857988,45,"[{""connected_to"": ""insurer_phone_number:600446081"", ""via"": null, ""value"": null, ""timestamp"": ""2024-07-03 00:00:00""}, {""connected_to"": ""bank_account:ES54532647"", ""via"": null, ""value"": null, ""timestamp"": ""2024-07-03 00:00:00""}, {""connected_to"": ""insurer_license_plate:CL9466"", ""via"": null, ""value"": null, ""timestamp"": ""2024-07-03 00:00:00""}, {""connected_to"": ""insurer_email:insured_27@mail.com"", ""via"": null, ""value"": null, ""timestamp"": ""2024-07-03 00:00:00""}, {""connected_to"": ""insurer_address:36 Avenida Central"", ""via"": null, ""value"": null, ""timestamp"": ""2024-07-03 00:00:00""}, {""connected_to"": ""repair_shop:repair_27"", ""via"": null, ""value"": null, ""timestamp"": ""2024-07-03 00:00:00""}, {""connected_to"": ""claim_location:Zone_78"", ""via"": null, ""value"": null, ""timestamp"": ""2024-07-03 00:00:00""}]",0.1590909090909091,2.0423670869023933,0,0,0,0,0,0,0,5,6,5,6,6,4,5,2
1.75,0,1.0,2024-07-03,d8033cc3,0,1.0,8,"[{""connected_to"": ""insurer_license_plate:LC4785"", ""via"": null, ""value"": null, ""timestamp"": ""2024-07-03 00:00:00""}, {""connected_to"": ""insurer_phone_number:600664650"", ""via"": null, ""value"": null, ""timestamp"": ""2024-07-03 00:00:00""}, {""connected_to"": ""insurer_email:insured_118@mail.com"", ""via"": null, ""value"": null, ""timestamp"": ""2024-07-03 00:00:00""}, {""connected_to"": ""insurer_address:39 Avenida Central"", ""via"": null, ""value"": null, ""timestamp"": ""2024-07-03 00:00:00""}, {""connected_to"": ""repair_shop:repair_31"", ""via"": null, ""value"": null, ""timestamp"": ""2024-07-03 00:00:00""}, {""connected_to"": ""bank_account:ES42953246"", ""via"": null, ""value"": null, ""timestamp"": ""2024-07-03 00:00:00""}, {""connected_to"": ""claim_location:Zone_16"", ""via"": null, ""value"": null, ""timestamp"": ""2024-07-03 00:00:00""}]",1.0,1.945910149055313,0,0,0,0,0,0,0,1,1,1,1,1,1,1,0
1.9090909090909092,0,0.5,2024-07-03,dbb83833,0,0.3442622950819672,22,"[{""connected_to"": ""bank_account:ES87084490"", ""via"": null, ""value"": null, ""timestamp"": ""2024-07-03 00:00:00""}, {""connected_to"": ""insurer_license_plate:EJ2984"", ""via"": null, ""value"": null, ""timestamp"": ""2024-07-03 00:00:00""}, {""connected_to"": ""insurer_phone_number:600997261"", ""via"": null, ""value"": null, ""timestamp"": ""2024-07-03 00:00:00""}, {""connected_to"": ""insurer_email:insured_101@mail.com"", ""via"": null, ""value"": null, ""timestamp"": ""2024-07-03 00:00:00""}, {""connected_to"": ""insurer_address:31 Avenida Central"", ""via"": null, ""value"": null, ""timestamp"": ""2024-07-03 00:00:00""}, {""connected_to"": ""repair_shop:repair_28"", ""via"": null, ""value"": null, ""timestamp"": ""2024-07-03 00:00:00""}, {""connected_to"": ""claim_location:Zone_64"", ""via"": null, ""value"": null, ""timestamp"": ""2024-07-03 00:00:00""}]",0.3333333333333333,1.945910149055313,0,0,0,0,0,0,0,2,3,3,3,3,2,3,0
1.975609756097561,0,0.612037037037037,2024-07-04,a25a1ebb,0,0.24324324324324326,82,"[{""connected_to"": ""bank_account:ES87084490"", ""via"": null, ""value"": null, ""timestamp"": ""2024-07-04 00:00:00""}, {""connected_to"": ""repair_shop:repair_38"", ""via"": null, ""value"": null, ""timestamp"": ""2024-07-04 00:00:00""}, {""connected_to"": ""insurer_phone_number:600335293"", ""via"": null, ""value"": null, ""timestamp"": ""2024-07-04 00:00:00""}, {""connected_to"": ""insurer_license_plate:DG3242"", ""via"": null, ""value"": null, ""timestamp"": ""2024-07-04 00:00:00""}, {""connected_to"": ""insurer_email:insured_108@mail.com"", ""via"": null, ""value"": null, ""timestamp"": ""2024-07-04 00:00:00""}, {""connected_to"": ""insurer_address:12 Avenida Central"", ""via"": null, ""value"": null, ""timestamp"": ""2024-07-04 00:00:00""}, {""connected_to"": ""claim_location:Zone_32"", ""via"": null, ""value"": null, ""timestamp"": ""2024-07-04 00:00:00""}, {""connected_to"": ""third_party_license_plate:KD4732"", ""via"": null, ""value"": null, ""timestamp"": ""2024-07-04 00:00:00""}]",0.09876543209876543,2.0465094824507832,0,0,0,0,0,0,0,8,11,10,11,11,7,9,4
2.022727272727273,0,0.12812973358282104,2024-07-04,ab824ba6,0,0.21323529411764705,88,"[{""connected_to"": ""insurer_phone_number:600335293"", ""via"": null, ""value"": null, ""timestamp"": ""2024-07-04 00:00:00""}, {""connected_to"": ""repair_shop:repair_33"", ""via"": null, ""value"": null, ""timestamp"": ""2024-07-04 00:00:00""}, {""connected_to"": ""insurer_address:12 Avenida Central"", ""via"": null, ""value"": null, ""timestamp"": ""2024-07-04 00:00:00""}, {""connected_to"": ""insurer_license_plate:PD7111"", ""via"": null, ""value"": null, ""timestamp"": ""2024-07-04 00:00:00""}, {""connected_to"": ""insurer_email:insured_10@mail.com"", ""via"": null, ""value"": null, ""timestamp"": ""2024-07-04 00:00:00""}, {""connected_to"": ""bank_account:ES54795355"", ""via"": null, ""value"": null, ""timestamp"": ""2024-07-04 00:00:00""}, {""connected_to"": ""claim_location:Zone_35"", ""via"": null, ""value"": null, ""timestamp"": ""2024-07-04 00:00:00""}, {""connected_to"": ""third_party_license_plate:OO4562"", ""via"": null, ""value"": null, ""timestamp"": ""2024-07-04 00:00:00""}]",0.09195402298850575,2.052913356874134,0,0,0,0,0,0,0,9,12,10,12,12,7,9,5
2.019230769230769,0,0.2644203312392918,2024-07-04,b9d5e6dc,0,0.15749235474006115,104,"[{""connected_to"": ""insurer_license_plate:EL1845"", ""via"": null, ""value"": null, ""timestamp"": ""2024-07-04 00:00:00""}, {""connected_to"": ""claim_location:Zone_78"", ""via"": null, ""value"": null, ""timestamp"": ""2024-07-04 00:00:00""}, {""connected_to"": ""insurer_phone_number:600621704"", ""via"": null, ""value"": null, ""timestamp"": ""2024-07-04 00:00:00""}, {""connected_to"": ""insurer_email:insured_75@mail.com"", ""via"": null, ""value"": null, ""timestamp"": ""2024-07-04 00:00:00""}, {""connected_to"": ""insurer_address:38 Avenida Central"", ""via"": null, ""value"": null, ""timestamp"": ""2024-07-04 00:00:00""}, {""connected_to"": ""repair_shop:repair_7"", ""via"": null, ""value"": null, ""timestamp"": ""2024-07-04 00:00:00""}, {""connected_to"": ""bank_account:ES73593231"", ""via"": null, ""value"": null, ""timestamp"": ""2024-07-04 00:00:00""}, {""connected_to"": ""third_party_license_plate:FA6037"", ""via"": null, ""value"": null, ""timestamp"": ""2024-07-04 00:00:00""}]",0.07766990291262135,2.0611128325795947,0,0,0,0,0,0,0,11,13,12,14,13,9,11,7
2.0168067226890756,0,0.220049253947559,2024-07-06,1b005a35,0,0.1112158341187559,119,"[{""connected_to"": ""bank_account:ES67781085"", ""via"": null, ""value"": null, ""timestamp"": ""2024-07-06 00:00:00""}, {""connected_to"": ""insurer_phone_number:600664650"", ""via"": null, ""value"": null, ""timestamp"": ""2024-07-06 00:00:00""}, {""connected_to"": ""insurer_license_plate:BB6528"", ""via"": null, ""value"": null, ""timestamp"": ""2024-07-06 00:00:00""}, {""connected_to"": ""insurer_email:insured_34@mail.com"", ""via"": null, ""value"": null, ""timestamp"": ""2024-07-06 00:00:00""}, {""connected_to"": ""insurer_address:34 Avenida Central"", ""via"": null, ""value"": null, ""timestamp"": ""2024-07-06 00:00:00""}, {""connected_to"": ""repair_shop:repair_0"", ""via"": null, ""value"": null, ""timestamp"": ""2024-07-06 00:00:00""}, {""connected_to"": ""claim_location:Zone_8"", ""via"": null, ""value"": null, ""timestamp"": ""2024-07-06 00:00:00""}, {""connected_to"": ""third_party_license_plate:JK4959"", ""via"": null, ""value"": null, ""timestamp"": ""2024-07-06 00:00:00""}]",0.06779661016949153,2.0611128325795947,0,0,0,0,0,0,0,12,15,14,16,15,10,13,8
2.0483870967741935,0,0.3080323426185081,2024-07-06,2db8cd46,0,0.2,124,"[{""connected_to"": ""insurer_address:5 Avenida Central"", ""via"": null, ""value"": null, ""timestamp"": ""2024-07-06 00:00:00""}, {""connected_to"": ""bank_account:ES87084490"", ""via"": null, ""value"": null, ""timestamp"": ""2024-07-06 00:00:00""}, {""connected_to"": ""insurer_phone_number:600621704"", ""via"": null, ""value"": null, ""timestamp"": ""2024-07-06 00:00:00""}, {""connected_to"": ""insurer_license_plate:PC6530"", ""via"": null, ""value"": null, ""timestamp"": ""2024-07-06 00:00:00""}, {""connected_to"": ""insurer_email:insured_85@mail.com"", ""via"": null, ""value"": null, ""timestamp"": ""2024-07-06 00:00:00""}, {""connected_to"": ""repair_shop:repair_16"", ""via"": null, ""value"": null, ""timestamp"": ""2024-07-06 00:00:00""}, {""connected_to"": ""claim_location:Zone_46"", ""via"": null, ""value"": null, ""timestamp"": ""2024-07-06 00:00:00""}]",0.05691056910569106,2.0584554307410454,0,0,0,0,0,0,0,12,16,14,17,16,10,14,8
2.0930232558139537,0,0.21652210465879246,2024-07-06,4c287ede,0,0.17320703653585928,129,"[{""connected_to"": ""insurer_address:18 Avenida Central"", ""via"": null, ""value"": null, ""timestamp"": ""2024-07-06 00:00:00""}, {""connected_to"": ""claim_location:Zone_12"", ""via"": null, ""value"": null, ""timestamp"": ""2024-07-06 00:00:00""}, {""connected_to"": ""insurer_phone_number:600596153"", ""via"": null, ""value"": null, ""timestamp"": ""2024-07-06 00:00:00""}, {""connected_to"": ""bank_account:ES42953246"", ""via"": null, ""value"": null, ""timestamp"": ""2024-07-06 00:00:00""}, {""connected_to"": ""insurer_license_plate:EF7402"", ""via"": null, ""value"": null, ""timestamp"": ""2024-07-06 00:00:00""}, {""connected_to"": ""insurer_email:insured_84@mail.com"", ""via"": null, ""value"": null, ""timestamp"": ""2024-07-06 00:00:00""}, {""connected_to"": ""repair_shop:repair_11"", ""via"": null, ""value"": null, ""timestamp"": ""2024-07-06 00:00:00""}, {""connected_to"": ""third_party_license_plate:AF6232"", ""via"": null, ""value"": null, ""timestamp"": ""2024-07-06 00:00:00""}]",0.0625,2.0611128325795947,0,0,0,0,0,0,0,12,16,14,18,17,10,15,9
2.088235294117647,0,0.08723051409618574,2024-07-06,4cb83c72,0,0.11668107173725151,136,"[{""connected_to"": ""insurer_address:34 Avenida Central"", ""via"": null, ""value"": null, ""timestamp"": ""2024-07-06 00:00:00""}, {""connected_to"": ""insurer_license_plate:LP4677"", ""via"": null, ""value"": null, ""timestamp"": ""2024-07-06 00:00:00""}, {""connected_to"": ""insurer_phone_number:600809302"", ""via"": null, ""value"": null, ""timestamp"": ""2024-07-06 00:00:00""}, {""connected_to"": ""insurer_email:insured_41@mail.com"", ""via"": null, ""value"": null, ""timestamp"": ""2024-07-06 00:00:00""}, {""connected_to"": ""repair_shop:repair_25"", ""via"": null, ""value"": null, ""timestamp"": ""2024-07-06 00:00:00""}, {""connected_to"": ""bank_account:ES14234477"", ""via"": null, ""value"": null, ""timestamp"": ""2024-07-06 00:00:00""}, {""connected_to"": ""claim_location:Zone_13"", ""via"": null, ""value"": null, ""timestamp"": ""2024-07-06 00:00:00""}]",0.05185185185185186,2.0587467377057496,0,0,0,0,0,0,0,13,17,14,19,18,11,16,9
2.097902097902098,0,0.128567861067112,2024-07-06,51ef5249,0,0.19694868238557559,143,"[{""connected_to"": ""insurer_address:5 Avenida Central"", ""via"": null, ""value"": null, ""timestamp"": ""2024-07-06 00:00:00""}, {""connected_to"": ""insurer_phone_number:600335293"", ""via"": null, ""value"": null, ""timestamp"": ""2024-07-06 00:00:00""}, {""connected_to"": ""insurer_license_plate:PA7291"", ""via"": null, ""value"": null, ""timestamp"": ""2024-07-06 00:00:00""}, {""connected_to"": ""insurer_email:insured_197@mail.com"", ""via"": null, ""value"": null, ""timestamp"": ""2024-07-06 00:00:00""}, {""connected_to"": ""repair_shop:repair_23"", ""via"": null, ""value"": null, ""timestamp"": ""2024-07-06 00:00:00""}, {""connected_to"": ""bank_account:ES38273233"", ""via"": null, ""value"": null, ""timestamp"": ""2024-07-06 00:00:00""}, {""connected_to"": ""claim_location:Zone_45"", ""via"": null, ""value"": null, ""timestamp"": ""2024-07-06 00:00:00""}, {""connected_to"": ""third_party_license_plate:CF3049"", ""via"": null, ""value"": null, ""timestamp"": ""2024-07-06 00:00:00""}]",0.056338028169014086,2.0611128325795947,0,0,0,0,0,0,0,14,18,14,20,19,11,17,10
2.1153846153846154,0,0.2257559798112793,2024-07-06,5adc9a25,0,0.17734553775743708,156,"[{""connected_to"": ""repair_shop:repair_32"", ""via"": null, ""value"": null, ""timestamp"": ""2024-07-06 00:00:00""}, {""connected_to"": ""bank_account:ES82859036"", ""via"": null, ""value"": null, ""timestamp"": ""2024-07-06 00:00:00""}, {""connected_to"": ""insurer_address:16 Avenida Central"", ""via"": null, ""value"": null, ""timestamp"": ""2024-07-06 00:00:00""}, {""connected_to"": ""insurer_phone_number:600809302"", ""via"": null, ""value"": null, ""timestamp"": ""2024-07-06 00:00:00""}, {""connected_to"": ""insurer_license_plate:BH5441"", ""via"": null, ""value"": null, ""timestamp"": ""2024-07-06 00:00:00""}, {""connected_to"": ""insurer_email:insured_137@mail.com"", ""via"": null, ""value"": null, ""timestamp"": ""2024-07-06 00:00:00""}, {""connected_to"": ""claim_location:Zone_50"", ""via"": null, ""value"": null, ""timestamp"": ""2024-07-06 00:00:00""}]",0.04516129032258064,2.0611128325795947,0,0,0,0,0,0,0,15,20,15,22,21,12,18,11
2.123456790123457,0,0.09683738169180714,2024-07-06,5d452b93,0,0.14948932219127206,162,"[{""connected_to"": ""claim_location:Zone_55"", ""via"": null, ""value"": null, ""timestamp"": ""2024-07-06 00:00:00""}, {""connected_to"": ""bank_account:ES67781085"", ""via"": null, ""value"": null, ""timestamp"": ""2024-07-06 00:00:00""}, {""connected_to"": ""insurer_license_plate:KF7403"", ""via"": null, ""value"": null, ""timestamp"": ""2024-07-06 00:00:00""}, {""connected_to"": ""insurer_phone_number:600768374"", ""via"": null, ""value"": null, ""timestamp"": ""2024-07-06 00:00:00""}, {""connected_to"": ""insurer_email:insured_32@mail.com"", ""via"": null, ""value"": null, ""timestamp"": ""2024-07-06 00:00:00""}, {""connected_to"": ""insurer_address:17 Avenida Central"", ""via"": null, ""value"": null, ""timestamp"": ""2024-07-06 00:00:00""}, {""connected_to"": ""repair_shop:repair_14"", ""via"": null, ""value"": null, ""timestamp"": ""2024-07-06 00:00:00""}]",0.043478260869565216,2.059172286317086,0,0,0,0,0,0,0,15,20,16,23,22,13,19,11
2.1566265060240966,0,0.08100774133479234,2024-07-06,7634221b,0,0.17331932773109243,166,"[{""connected_to"": ""bank_account:ES54532647"", ""via"": null, ""value"": null, ""timestamp"": ""2024-07-06 00:00:00""}, {""connected_to"": ""insurer_phone_number:600997261"", ""via"": null, ""value"": null, ""timestamp"": ""2024-07-06 00:00:00""}, {""connected_to"": ""insurer_address:31 Avenida Central"", ""via"": null, ""value"": null, ""timestamp"": ""2024-07-06 00:00:00""}, {""connected_to"": ""repair_shop:repair_23"", ""via"": null, ""value"": null, ""timestamp"": ""2024-07-06 00:00:00""}, {""connected_to"": ""insurer_license_plate:OD8760"", ""via"": null, ""value"": null, ""timestamp"": ""2024-07-06 00:00:00""}, {""connected_to"": ""insurer_email:insured_150@mail.com"", ""via"": null, ""value"": null, ""timestamp"": ""2024-07-06 00:00:00""}, {""connected_to"": ""claim_location:Zone_9"", ""via"": null, ""value"": null, ""timestamp"": ""2024-07-06 00:00:00""}]",0.04242424242424243,2.0572746801466937,0,0,0,0,0,0,0,15,21,16,24,23,13,19,11
2.1744186046511627,0,0.1223187822001033,2024-07-06,7c9666a8,0,0.18811881188118812,172,"[{""connected_to"": ""insurer_address:18 Avenida Central"", ""via"": null, ""value"": null, ""timestamp"": ""2024-07-06 00:00:00""}, {""connected_to"": ""bank_account:ES82859036"", ""via"": null, ""value"": null, ""timestamp"": ""2024-07-06 00:00:00""}, {""connected_to"": ""claim_location:Zone_45"", ""via"": null, ""value"": null, ""timestamp"": ""2024-07-06 00:00:00""}, {""connected_to"": ""insurer_license_plate:EI7604"", ""via"": null, ""value"": null, ""timestamp"": ""2024-07-06 00:00:00""}, {""connected_to"": ""insurer_phone_number:600354258"", ""via"": null, ""value"": null, ""timestamp"": ""2024-07-06 00:00:00""}, {""connected_to"": ""insurer_email:insured_90@mail.com"", ""via"": null, ""value"": null, ""timestamp"": ""2024-07-06 00:00:00""}, {""connected_to"": ""repair_shop:repair_21"", ""via"": null, ""value"": null, ""timestamp"": ""2024-07-06 00:00:00""}, {""connected_to"": ""third_party_license_plate:CD9479"", ""via"": null, ""value"": null, ""timestamp"": ""2024-07-06 00:00:00""}]",0.04678362573099415,2.059332418194741,0,0,0,0,0,0,0,15,21,16,25,24,14,20,12
2.17877094972067,0,0.09188581684296791,2024-07-06,7efe7072,0,0.15600350569675722,179,"[{""connected_to"": ""repair_shop:repair_7"", ""via"": null, ""value"": null, ""timestamp"": ""2024-07-06 00:00:00""}, {""connected_to"": ""insurer_phone_number:600768374"", ""via"": null, ""value"": null, ""timestamp"": ""2024-07-06 00:00:00""}, {""connected_to"": ""insurer_license_plate:KA2644"", ""via"": null, ""value"": null, ""timestamp"": ""2024-07-06 00:00:00""}, {""connected_to"": ""insurer_email:insured_12@mail.com"", ""via"": null, ""value"": null, ""timestamp"": ""2024-07-06 00:00:00""}, {""connected_to"": ""insurer_address:8 Avenida Central"", ""via"": null, ""value"": null, ""timestamp"": ""2024-07-06 00:00:00""}, {""connected_to"": ""bank_account:ES51016557"", ""via"": null, ""value"": null, ""timestamp"": ""2024-07-06 00:00:00""}, {""connected_to"": ""claim_location:Zone_63"", ""via"": null, ""value"": null, ""timestamp"": ""2024-07-06 00:00:00""}, {""connected_to"": ""third_party_license_plate:CE9713"", ""via"": null, ""value"": null, ""timestamp"": ""2024-07-06 00:00:00""}]",0.0449438202247191,2.0611128325795947,0,0,0,0,0,0,0,16,22,17,26,25,14,20,13
2.1837837837837837,0,0.1506025062422068,2024-07-06,9849c843,0,0.1940928270042194,185,"[{""connected_to"": ""insurer_phone_number:600446081"", ""via"": null, ""value"": null, ""timestamp"": ""2024-07-06 00:00:00""}, {""connected_to"": ""bank_account:ES82859036"", ""via"": null, ""value"": null, ""timestamp"": ""2024-07-06 00:00:00""}, {""connected_to"": ""insurer_license_plate:IO5099"", ""via"": null, ""value"": null, ""timestamp"": ""2024-07-06 00:00:00""}, {""connected_to"": ""insurer_email:insured_112@mail.com"", ""via"": null, ""value"": null, ""timestamp"": ""2024-07-06 00:00:00""}, {""connected_to"": ""insurer_address:33 Avenida Central"", ""via"": null, ""value"": null, ""timestamp"": ""2024-07-06 00:00:00""}, {""connected_to"": ""repair_shop:repair_5"", ""via"": null, ""value"": null, ""timestamp"": ""2024-07-06 00:00:00""}, {""connected_to"": ""claim_location:Zone_2"", ""via"": null, ""value"": null, ""timestamp"": ""2024-07-06 00:00:00""}]",0.03804347826086957,2.0594681463030953,0,0,0,0,0,0,0,16,23,18,27,26,14,21,13
2.210526315789474,0,0.18390470938348213,2024-07-06,f28e3ec7,0,0.21624713958810068,190,"[{""connected_to"": ""insurer_phone_number:600446081"", ""via"": null, ""value"": null, ""timestamp"": ""2024-07-06 00:00:00""}, {""connected_to"": ""bank_account:ES82859036"", ""via"": null, ""value"": null, ""timestamp"": ""2024-07-06 00:00:00""}, {""connected_to"": ""repair_shop:repair_7"", ""via"": null, ""value"": null, ""timestamp"": ""2024-07-06 00:00:00""}, {""connected_to"": ""claim_location:Zone_63"", ""via"": null, ""value"": null, ""timestamp"": ""2024-07-06 00:00:00""}, {""connected_to"": ""insurer_license_plate:MK1939"", ""via"": null, ""value"": null, ""timestamp"": ""2024-07-06 00:00:00""}, {""connected_to"": ""insurer_email:insured_6@mail.com"", ""via"": null, ""value"": null, ""timestamp"": ""2024-07-06 00:00:00""}, {""connected_to"": ""insurer_address:19 Avenida Central"", ""via"": null, ""value"": null, ""timestamp"": ""2024-07-06 00:00:00""}, {""connected_to"": ""third_party_license_plate:IB6158"", ""via"": null, ""value"": null, ""timestamp"": ""2024-07-06 00:00:00""}]",0.042328042328042326,2.0611128325795947,0,0,0,0,0,0,0,16,23,19,28,27,14,21,14
2.213197969543147,0,0.12006259293935898,2024-07-06,fc2f929f,0,0.1856060606060606,197,"[{""connected_to"": ""bank_account:ES87084490"", ""via"": null, ""value"": null, ""timestamp"": ""2024-07-06 00:00:00""}, {""connected_to"": ""repair_shop:repair_30"", ""via"": null, ""value"": null, ""timestamp"": ""2024-07-06 00:00:00""}, {""connected_to"": ""insurer_license_plate:MH3801"", ""via"": null, ""value"": null, ""timestamp"": ""2024-07-06 00:00:00""}, {""connected_to"": ""insurer_phone_number:600379103"", ""via"": null, ""value"": null, ""timestamp"": ""2024-07-06 00:00:00""}, {""connected_to"": ""insurer_email:insured_100@mail.com"", ""via"": null, ""value"": null, ""timestamp"": ""2024-07-06 00:00:00""}, {""connected_to"": ""insurer_address:32 Avenida Central"", ""via"": null, ""value"": null, ""timestamp"": ""2024-07-06 00:00:00""}, {""connected_to"": ""claim_location:Zone_25"", ""via"": null, ""value"": null, ""timestamp"": ""2024-07-06 00:00:00""}, {""connected_to"": ""third_party_license_plate:ON9677"", ""via"": null, ""value"": null, ""timestamp"": ""2024-07-06 00:00:00""}]",0.04081632653061224,2.0625601705698804,0,0,0,0,0,0,0,16,24,20,29,28,15,21,15
2.2388059701492535,0,0.07337740232966365,2024-07-07,0146fadf,0,0.1958863858961802,201,"[{""connected_to"": ""claim_location:Zone_20"", ""via"": null, ""value"": null, ""timestamp"": ""2024-07-07 00:00:00""}, {""connected_to"": ""insurer_address:16 Avenida Central"", ""via"": null, ""value"": null, ""timestamp"": ""2024-07-07 00:00:00""}, {""connected_to"": ""repair_shop:repair_28"", ""via"": null, ""value"": null, ""timestamp"": ""2024-07-07 00:00:00""}, {""connected_to"": ""insurer_phone_number:600379103"", ""via"": null, ""value"": null, ""timestamp"": ""2024-07-07 00:00:00""}, {""connected_to"": ""insurer_license_plate:PE6546"", ""via"": null, ""value"": null, ""timestamp"": ""2024-07-07 00:00:00""}, {""connected_to"": ""insurer_email:insured_171@mail.com"", ""via"": null, ""value"": null, ""timestamp"": ""2024-07-07 00:00:00""}, {""connected_to"": ""bank_account:ES12961077"", ""via"": null, ""value"": null, ""timestamp"": ""2024-07-07 00:00:00""}]",0.035,2.0611128325795947,0,0,0,0,0,0,0,17,24,20,30,29,15,21,15
2.262135922330097,0,0.12889279479097185,2024-07-07,11c352f3,0,0.2192513368983957,206,"[{""connected_to"": ""insurer_address:15 Avenida Central"", ""via"": null, ""value"": null, ""timestamp"": ""2024-07-07 00:00:00""}, {""connected_to"": ""claim_location:Zone_4"", ""via"": null, ""value"": null, ""timestamp"": ""2024-07-07 00:00:00""}, {""connected_to"": ""bank_account:ES42953246"", ""via"": null, ""value"": null, ""timestamp"": ""2024-07-07 00:00:00""}, {""connected_to"": ""repair_shop:repair_7"", ""via"": null, ""value"": null, ""timestamp"": ""2024-07-07 00:00:00""}, {""connected_to"": ""insurer_license_plate:NG9611"", ""via"": null, ""value"": null, ""timestamp"": ""2024-07-07 00:00:00""}, {""connected_to"": ""insurer_phone_number:600481783"", ""via"": null, ""value"": null, ""timestamp"": ""2024-07-07 00:00:00""}, {""connected_to"": ""insurer_email:insured_107@mail.com"", ""via"": null, ""value"": null, ""timestamp"": ""2024-07-07 00:00:00""}, {""connected_to"": ""third_party_license_plate:MK1939"", ""via"": null, ""value"": null, ""timestamp"": ""2024-07-07 00:00:00""}]",0.03902439024390244,2.062469170608133,0,0,0,0,0,0,0,17,24,20,31,30,16,21,16
2.2735849056603774,0,0.15378883719866507,2024-07-07,4cdc9102,0,0.23186813186813188,212,"[{""connected_to"": ""insurer_phone_number:600335293"", ""via"": null, ""value"": null, ""timestamp"": ""2024-07-07 00:00:00""}, {""connected_to"": ""repair_shop:repair_12"", ""via"": null, ""value"": null, ""timestamp"": ""2024-07-07 00:00:00""}, {""connected_to"": ""bank_account:ES42953246"", ""via"": null, ""value"": null, ""timestamp"": ""2024-07-07 00:00:00""}, {""connected_to"": ""insurer_license_plate:AD2613"", ""via"": null, ""value"": null, ""timestamp"": ""2024-07-07 00:00:00""}, {""connected_to"": ""insurer_email:insured_88@mail.com"", ""via"": null, ""value"": null, ""timestamp"": ""2024-07-07 00:00:00""}, {""connected_to"": ""insurer_address:40 Avenida Central"", ""via"": null, ""value"": null, ""timestamp"": ""2024-07-07 00:00:00""}, {""connected_to"": ""claim_location:Zone_72"", ""via"": null, ""value"": null, ""timestamp"": ""2024-07-07 00:00:00""}, {""connected_to"": ""third_party_license_plate:KN3749"", ""via"": null, ""value"": null, ""timestamp"": ""2024-07-07 00:00:00""}]",0.037914691943127965,2.0636788045442054,0,0,0,0,0,0,0,17,25,21,32,31,16,21,17
2.2857142857142856,0,0.0623197164831532,2024-07-07,5257a996,0,0.19672131147540983,217,"[{""connected_to"": ""repair_shop:repair_12"", ""via"": null, ""value"": null, ""timestamp"": ""2024-07-07 00:00:00""}, {""connected_to"": ""insurer_phone_number:600997261"", ""via"": null, ""value"": null, ""timestamp"": ""2024-07-07 00:00:00""}, {""connected_to"": ""bank_account:ES73593231"", ""via"": null, ""value"": null, ""timestamp"": ""2024-07-07 00:00:00""}, {""connected_to"": ""insurer_license_plate:BJ3074"", ""via"": null, ""value"": null, ""timestamp"": ""2024-07-07 00:00:00""}, {""connected_to"": ""insurer_email:insured_63@mail.com"", ""via"": null, ""value"": null, ""timestamp"": ""2024-07-07 00:00:00""}, {""connected_to"": ""insurer_address:30 Avenida Central"", ""via"": null, ""value"": null, ""timestamp"": ""2024-07-07 00:00:00""}, {""connected_to"": ""claim_location:Zone_26"", ""via"": null, ""value"": null, ""timestamp"": ""2024-07-07 00:00:00""}]",0.032407407407407406,2.0623889334725924,0,0,0,0,0,0,0,17,26,22,33,32,16,21,17
2.3181818181818183,0,0.07073666513957708,2024-07-07,709da1d8,0,0.19143356643356643,220,"[{""connected_to"": ""insurer_phone_number:600664650"", ""via"": null, ""value"": null, ""timestamp"": ""2024-07-07 00:00:00""}, {""connected_to"": ""insurer_license_plate:PD7111"", ""via"": null, ""value"": null, ""timestamp"": ""2024-07-07 00:00:00""}, {""connected_to"": ""bank_account:ES54795355"", ""via"": null, ""value"": null, ""timestamp"": ""2024-07-07 00:00:00""}, {""connected_to"": ""repair_shop:repair_25"", ""via"": null, ""value"": null, ""timestamp"": ""2024-07-07 00:00:00""}, {""connected_to"": ""claim_location:Zone_9"", ""via"": null, ""value"": null, ""timestamp"": ""2024-07-07 00:00:00""}, {""connected_to"": ""insurer_email:insured_103@mail.com"", ""via"": null, ""value"": null, ""timestamp"": ""2024-07-07 00:00:00""}, {""connected_to"": ""insurer_address:11 Avenida Central"", ""via"": null, ""value"": null, ""timestamp"": ""2024-07-07 00:00:00""}]",0.0319634703196347,2.0611128325795947,0,0,0,0,0,0,0,17,26,23,34,32,16,21,17
2.327433628318584,0,0.07179388692741988,2024-07-07,71d88f8f,0,0.19548218940052128,226,"[{""connected_to"": ""bank_account:ES42901579"", ""via"": null, ""value"": null, ""timestamp"": ""2024-07-07 00:00:00""}, {""connected_to"": ""insurer_phone_number:600664650"", ""via"": null, ""value"": null, ""timestamp"": ""2024-07-07 00:00:00""}, {""connected_to"": ""insurer_address:19 Avenida Central"", ""via"": null, ""value"": null, ""timestamp"": ""2024-07-07 00:00:00""}, {""connected_to"": ""insurer_license_plate:NE7936"", ""via"": null, ""value"": null, ""timestamp"": ""2024-07-07 00:00:00""}, {""connected_to"": ""insurer_email:insured_111@mail.com"", ""via"": null, ""value"": null, ""timestamp"": ""2024-07-07 00:00:00""}, {""connected_to"": ""repair_shop:repair_22"", ""via"": null, ""value"": null, ""timestamp"": ""2024-07-07 00:00:00""}, {""connected_to"": ""claim_location:Zone_67"", ""via"": null, ""value"": null, ""timestamp"": ""2024-07-07 00:00:00""}, {""connected_to"": ""third_party_license_plate:BA4722"", ""via"": null, ""value"": null, ""timestamp"": ""2024-07-07 00:00:00""}]",0.035555555555555556,2.0623176568658352,0,0,0,0,0,0,0,17,27,23,35,33,16,22,18
2.346320346320346,0,0.06432916017594213,2024-07-07,7c2166f9,0,0.1767870868562644,231,"[{""connected_to"": ""insurer_phone_number:600826184"", ""via"": null, ""value"": null, ""timestamp"": ""2024-07-07 00:00:00""}, {""connected_to"": ""bank_account:ES51016557"", ""via"": null, ""value"": null, ""timestamp"": ""2024-07-07 00:00:00""}, {""connected_to"": ""insurer_address:33 Avenida Central"", ""via"": null, ""value"": null, ""timestamp"": ""2024-07-07 00:00:00""}, {""connected_to"": ""repair_shop:repair_5"", ""via"": null, ""value"": null, ""timestamp"": ""2024-07-07 00:00:00""}, {""connected_to"": ""insurer_license_plate:MI6914"", ""via"": null, ""value"": null, ""timestamp"": ""2024-07-07 00:00:00""}, {""connected_to"": ""insurer_email:insured_104@mail.com"", ""via"": null, ""value"": null, ""timestamp"": ""2024-07-07 00:00:00""}, {""connected_to"": ""claim_location:Zone_79"", ""via"": null, ""value"": null, ""timestamp"": ""2024-07-07 00:00:00""}, {""connected_to"": ""third_party_license_plate:BB6528"", ""via"": null, ""value"": null, ""timestamp"": ""2024-07-07 00:00:00""}]",0.034782608695652174,2.0634062264328294,0,0,0,0,0,0,0,17,28,23,36,34,16,22,19
2.3659574468085105,0,0.07719406453911984,2024-07-07,c9504603,0,0.21350364963503649,235,"[{""connected_to"": ""repair_shop:repair_33"", ""via"": null, ""value"": null, ""timestamp"": ""2024-07-07 00:00:00""}, {""connected_to"": ""insurer_phone_number:600621704"", ""via"": null, ""value"": null, ""timestamp"": ""2024-07-07 00:00:00""}, {""connected_to"": ""bank_account:ES14234477"", ""via"": null, ""value"": null, ""timestamp"": ""2024-07-07 00:00:00""}, {""connected_to"": ""insurer_address:33 Avenida Central"", ""via"": null, ""value"": null, ""timestamp"": ""2024-07-07 00:00:00""}, {""connected_to"": ""insurer_license_plate:OP7452"", ""via"": null, ""value"": null, ""timestamp"": ""2024-07-07 00:00:00""}, {""connected_to"": ""insurer_email:insured_199@mail.com"", ""via"": null, ""value"": null, ""timestamp"": ""2024-07-07 00:00:00""}, {""connected_to"": ""claim_location:Zone_3"", ""via"": null, ""value"": null, ""timestamp"": ""2024-07-07 00:00:00""}]",0.02991452991452992,2.062253919521513,0,0,0,0,0,0,0,17,29,23,37,35,16,22,19
2.375,0,0.05438528517450908,2024-07-07,deb6383f,0,0.18161094224924013,240,"[{""connected_to"": ""insurer_address:27 Avenida Central"", ""via"": null, ""value"": null, ""timestamp"": ""2024-07-07 00:00:00""}, {""connected_to"": ""insurer_phone_number:600432795"", ""via"": null, ""value"": null, ""timestamp"": ""2024-07-07 00:00:00""}, {""connected_to"": ""bank_account:ES54795355"", ""via"": null, ""value"": null, ""timestamp"": ""2024-07-07 00:00:00""}, {""connected_to"": ""insurer_license_plate:ON9677"", ""via"": null, ""value"": null, ""timestamp"": ""2024-07-07 00:00:00""}, {""connected_to"": ""insurer_email:insured_173@mail.com"", ""via"": null, ""value"": null, ""timestamp"": ""2024-07-07 00:00:00""}, {""connected_to"": ""repair_shop:repair_4"", ""via"": null, ""value"": null, ""timestamp"": ""2024-07-07 00:00:00""}, {""connected_to"": ""claim_location:Zone_48"", ""via"": null, ""value"": null, ""timestamp"": ""2024-07-07 00:00:00""}]",0.02928870292887029,2.0611128325795947,0,0,0,0,0,0,0,17,30,23,38,36,16,23,19
2.3724696356275303,0,0.058487208825685665,2024-07-08,2fdaa093,0,0.20431893687707642,247,"[{""connected_to"": ""repair_shop:repair_7"", ""via"": null, ""value"": null, ""timestamp"": ""2024-07-08 00:00:00""}, {""connected_to"": ""insurer_phone_number:600809302"", ""via"": null, ""value"": null, ""timestamp"": ""2024-07-08 00:00:00""}, {""connected_to"": ""insurer_license_plate:IE9430"", ""via"": null, ""value"": null, ""timestamp"": ""2024-07-08 00:00:00""}, {""connected_to"": ""insurer_email:insured_125@mail.com"", ""via"": null, ""value"": null, ""timestamp"": ""2024-07-08 00:00:00""}, {""connected_to"": ""insurer_address:24 Avenida Central"", ""via"": null, ""value"": null, ""timestamp"": ""2024-07-08 00:00:00""}, {""connected_to"": ""bank_account:ES97868719"", ""via"": null, ""value"": null, ""timestamp"": ""2024-07-08 00:00:00""}, {""connected_to"": ""claim_location:Zone_52"", ""via"": null, ""value"": null, ""timestamp"": ""2024-07-08 00:00:00""}, {""connected_to"": ""third_party_license_plate:OD8760"", ""via"": null, ""value"": null, ""timestamp"": ""2024-07-08 00:00:00""}]",0.032520325203252036,2.0621965855888313,0,0,0,0,0,0,0,18,31,24,39,37,16,23,20
2.388888888888889,0,0.061861786595041865,2024-07-21,07e13cb7,0,0.1930769230769231,252,"[{""connected_to"": ""bank_account:ES29088754"", ""via"": null, ""value"": null, ""timestamp"": ""2024-07-21 00:00:00""}, {""connected_to"": ""insurer_phone_number:600596153"", ""via"": null, ""value"": null, ""timestamp"": ""2024-07-21 00:00:00""}, {""connected_to"": ""repair_shop:repair_27"", ""via"": null, ""value"": null, ""timestamp"": ""2024-07-21 00:00:00""}, {""connected_to"": ""insurer_address:39 Avenida Central"", ""via"": null, ""value"": null, ""timestamp"": ""2024-07-21 00:00:00""}, {""connected_to"": ""insurer_license_plate:MG4464"", ""via"": null, ""value"": null, ""timestamp"": ""2024-07-21 00:00:00""}, {""connected_to"": ""insurer_email:insured_73@mail.com"", ""via"": null, ""value"": null, ""timestamp"": ""2024-07-21 00:00:00""}, {""connected_to"": ""claim_location:Zone_76"", ""via"": null, ""value"": null, ""timestamp"": ""2024-07-21 00:00:00""}, {""connected_to"": ""third_party_license_plate:EL1845"", ""via"": null, ""value"": null, ""timestamp"": ""2024-07-21 00:00:00""}]",0.03187250996015936,2.0631859513133475,0,0,0,0,0,0,0,18,32,24,40,38,16,23,21
2.396887159533074,0,0.046861098992847246,2024-07-22,1704ee21,0,0.19133034379671152,257,"[{""connected_to"": ""bank_account:ES71007570"", ""via"": null, ""value"": null, ""timestamp"": ""2024-07-22 00:00:00""}, {""connected_to"": ""insurer_phone_number:600621704"", ""via"": null, ""value"": null, ""timestamp"": ""2024-07-22 00:00:00""}, {""connected_to"": ""insurer_email:insured_150@mail.com"", ""via"": null, ""value"": null, ""timestamp"": ""2024-07-22 00:00:00""}, {""connected_to"": ""insurer_license_plate:BI8536"", ""via"": null, ""value"": null, ""timestamp"": ""2024-07-22 00:00:00""}, {""connected_to"": ""insurer_address:22 Avenida Central"", ""via"": null, ""value"": null, ""timestamp"": ""2024-07-22 00:00:00""}, {""connected_to"": ""repair_shop:repair_9"", ""via"": null, ""value"": null, ""timestamp"": ""2024-07-22 00:00:00""}, {""connected_to"": ""claim_location:Zone_70"", ""via"": null, ""value"": null, ""timestamp"": ""2024-07-22 00:00:00""}]",0.02734375,2.0621447364270544,0,0,0,0,0,0,0,18,33,25,40,39,16,24,21
2.4122137404580153,0,0.05811249960604601,2024-07-22,21c54feb,0,0.21641791044776118,262,"[{""connected_to"": ""insurer_phone_number:600335293"", ""via"": null, ""value"": null, ""timestamp"": ""2024-07-22 00:00:00""}, {""connected_to"": ""repair_shop:repair_12"", ""via"": null, ""value"": null, ""timestamp"": ""2024-07-22 00:00:00""}, {""connected_to"": ""bank_account:ES73593231"", ""via"": null, ""value"": null, ""timestamp"": ""2024-07-22 00:00:00""}, {""connected_to"": ""insurer_license_plate:PA7291"", ""via"": null, ""value"": null, ""timestamp"": ""2024-07-22 00:00:00""}, {""connected_to"": ""insurer_email:insured_152@mail.com"", ""via"": null, ""value"": null, ""timestamp"": ""2024-07-22 00:00:00""}, {""connected_to"": ""insurer_address:26 Avenida Central"", ""via"": null, ""value"": null, ""timestamp"": ""2024-07-22 00:00:00""}, {""connected_to"": ""claim_location:Zone_34"", ""via"": null, ""value"": null, ""timestamp"": ""2024-07-22 00:00:00""}, {""connected_to"": ""third_party_license_plate:JD4259"", ""via"": null, ""value"": null, ""timestamp"": ""2024-07-22 00:00:00""}]",0.03065134099616858,2.0630909422287056,0,0,0,0,0,0,0,18,34,26,41,39,16,24,22
2.417910447761194,0,0.060729523966482846,2024-07-22,63429b74,0,0.2003000750187547,268,"[{""connected_to"": ""claim_location:Zone_40"", ""via"": null, ""value"": null, ""timestamp"": ""2024-07-22 00:00:00""}, {""connected_to"": ""bank_account:ES54532647"", ""via"": null, ""value"": null, ""timestamp"": ""2024-07-22 00:00:00""}, {""connected_to"": ""insurer_phone_number:600768374"", ""via"": null, ""value"": null, ""timestamp"": ""2024-07-22 00:00:00""}, {""connected_to"": ""insurer_license_plate:KE8952"", ""via"": null, ""value"": null, ""timestamp"": ""2024-07-22 00:00:00""}, {""connected_to"": ""insurer_email:insured_39@mail.com"", ""via"": null, ""value"": null, ""timestamp"": ""2024-07-22 00:00:00""}, {""connected_to"": ""insurer_address:25 Avenida Central"", ""via"": null, ""value"": null, ""timestamp"": ""2024-07-22 00:00:00""}, {""connected_to"": ""repair_shop:repair_34"", ""via"": null, ""value"": null, ""timestamp"": ""2024-07-22 00:00:00""}, {""connected_to"": ""third_party_license_plate:DJ5026"", ""via"": null, ""value"": null, ""timestamp"": ""2024-07-22 00:00:00""}]",0.0299625468164794,2.063960794217846,0,0,0,0,0,0,0,18,34,27,42,40,16,25,23
2.4338235294117645,0,0.046801146292770046,2024-07-22,c6eb903b,0,0.19440459110473457,272,"[{""connected_to"": ""repair_shop:repair_2"", ""via"": null, ""value"": null, ""timestamp"": ""2024-07-22 00:00:00""}, {""connected_to"": ""bank_account:ES87084490"", ""via"": null, ""value"": null, ""timestamp"": ""2024-07-22 00:00:00""}, {""connected_to"": ""insurer_phone_number:600432795"", ""via"": null, ""value"": null, ""timestamp"": ""2024-07-22 00:00:00""}, {""connected_to"": ""insurer_address:26 Avenida Central"", ""via"": null, ""value"": null, ""timestamp"": ""2024-07-22 00:00:00""}, {""connected_to"": ""insurer_license_plate:CB9128"", ""via"": null, ""value"": null, ""timestamp"": ""2024-07-22 00:00:00""}, {""connected_to"": ""insurer_email:insured_188@mail.com"", ""via"": null, ""value"": null, ""timestamp"": ""2024-07-22 00:00:00""}, {""connected_to"": ""claim_location:Zone_18"", ""via"": null, ""value"": null, ""timestamp"": ""2024-07-22 00:00:00""}]",0.025830258302583026,2.063004253887048,0,0,0,0,0,0,0,18,35,27,43,41,16,25,23
2.44043321299639,0,0.05264082207709458,2024-07-22,cd2da2b4,0,0.1988472622478386,277,"[{""connected_to"": ""bank_account:ES31320114"", ""via"": null, ""value"": null, ""timestamp"": ""2024-07-22 00:00:00""}, {""connected_to"": ""insurer_phone_number:600446081"", ""via"": null, ""value"": null, ""timestamp"": ""2024-07-22 00:00:00""}, {""connected_to"": ""repair_shop:repair_0"", ""via"": null, ""value"": null, ""timestamp"": ""2024-07-22 00:00:00""}, {""connected_to"": ""insurer_license_plate:NA1705"", ""via"": null, ""value"": null, ""timestamp"": ""2024-07-22 00:00:00""}, {""connected_to"": ""insurer_email:insured_134@mail.com"", ""via"": null, ""value"": null, ""timestamp"": ""2024-07-22 00:00:00""}, {""connected_to"": ""insurer_address:13 Avenida Central"", ""via"": null, ""value"": null, ""timestamp"": ""2024-07-22 00:00:00""}, {""connected_to"": ""claim_location:Zone_5"", ""via"": null, ""value"": null, ""timestamp"": ""2024-07-22 00:00:00""}]",0.025362318840579712,2.062054619613133,0,0,0,0,0,0,0,18,36,28,44,42,16,25,23
2.4452296819787986,0,0.04749840356642093,2024-07-22,efc3d4b7,0,0.19461697722567287,283,"[{""connected_to"": ""bank_account:ES42901579"", ""via"": null, ""value"": null, ""timestamp"": ""2024-07-22 00:00:00""}, {""connected_to"": ""insurer_phone_number:600664650"", ""via"": null, ""value"": null, ""timestamp"": ""2024-07-22 00:00:00""}, {""connected_to"": ""insurer_address:40 Avenida Central"", ""via"": null, ""value"": null, ""timestamp"": ""2024-07-22 00:00:00""}, {""connected_to"": ""insurer_license_plate:FB6190"", ""via"": null, ""value"": null, ""timestamp"": ""2024-07-22 00:00:00""}, {""connected_to"": ""insurer_email:insured_54@mail.com"", ""via"": null, ""value"": null, ""timestamp"": ""2024-07-22 00:00:00""}, {""connected_to"": ""repair_shop:repair_17"", ""via"": null, ""value"": null, ""timestamp"": ""2024-07-22 00:00:00""}, {""connected_to"": ""claim_location:Zone_0"", ""via"": null, ""value"": null, ""timestamp"": ""2024-07-22 00:00:00""}, {""connected_to"": ""third_party_license_plate:FM2440"", ""via"": null, ""value"": null, ""timestamp"": ""2024-07-22 00:00:00""}]",0.028368794326241134,2.0629248398038533,0,0,0,0,0,0,0,18,37,28,45,43,16,26,24
2.4413793103448276,0,0.0454672086463698,2024-07-22,f4a75ecd,0,0.18466453674121405,290,"[{""connected_to"": ""insurer_phone_number:600596153"", ""via"": null, ""value"": null, ""timestamp"": ""2024-07-22 00:00:00""}, {""connected_to"": ""bank_account:ES38273233"", ""via"": null, ""value"": null, ""timestamp"": ""2024-07-22 00:00:00""}, {""connected_to"": ""insurer_license_plate:AB3511"", ""via"": null, ""value"": null, ""timestamp"": ""2024-07-22 00:00:00""}, {""connected_to"": ""insurer_email:insured_49@mail.com"", ""via"": null, ""value"": null, ""timestamp"": ""2024-07-22 00:00:00""}, {""connected_to"": ""insurer_address:35 Avenida Central"", ""via"": null, ""value"": null, ""timestamp"": ""2024-07-22 00:00:00""}, {""connected_to"": ""repair_shop:repair_8"", ""via"": null, ""value"": null, ""timestamp"": ""2024-07-22 00:00:00""}, {""connected_to"": ""claim_location:Zone_47"", ""via"": null, ""value"": null, ""timestamp"": ""2024-07-22 00:00:00""}, {""connected_to"": ""third_party_license_plate:MP1391"", ""via"": null, ""value"": null, ""timestamp"": ""2024-07-22 00:00:00""}]",0.02768166089965398,2.0637306515961633,0,0,0,0,0,0,0,18,38,29,46,44,16,27,25
2.45578231292517,0,0.04859318058487689,2024-07-24,a022bc0f,0,0.20403899721448468,294,"[{""connected_to"": ""repair_shop:repair_35"", ""via"": null, ""value"": null, ""timestamp"": ""2024-07-24 00:00:00""}, {""connected_to"": ""bank_account:ES14234477"", ""via"": null, ""value"": null, ""timestamp"": ""2024-07-24 00:00:00""}, {""connected_to"": ""insurer_address:19 Avenida Central"", ""via"": null, ""value"": null, ""timestamp"": ""2024-07-24 00:00:00""}, {""connected_to"": ""insurer_phone_number:600379103"", ""via"": null, ""value"": null, ""timestamp"": ""2024-07-24 00:00:00""}, {""connected_to"": ""insurer_license_plate:GG3930"", ""via"": null, ""value"": null, ""timestamp"": ""2024-07-24 00:00:00""}, {""connected_to"": ""insurer_email:insured_129@mail.com"", ""via"": null, ""value"": null, ""timestamp"": ""2024-07-24 00:00:00""}, {""connected_to"": ""claim_location:Zone_14"", ""via"": null, ""value"": null, ""timestamp"": ""2024-07-24 00:00:00""}]",0.023890784982935155,2.06285182180447,0,0,0,0,0,0,0,18,39,29,47,45,16,27,25
2.469798657718121,0,0.03337693751450768,2024-07-25,1b344808,0,0.18142944410507025,298,"[{""connected_to"": ""bank_account:ES29088754"", ""via"": null, ""value"": null, ""timestamp"": ""2024-07-25 00:00:00""}, {""connected_to"": ""insurer_address:20 Avenida Central"", ""via"": null, ""value"": null, ""timestamp"": ""2024-07-25 00:00:00""}, {""connected_to"": ""insurer_phone_number:600481783"", ""via"": null, ""value"": null, ""timestamp"": ""2024-07-25 00:00:00""}, {""connected_to"": ""repair_shop:repair_34"", ""via"": null, ""value"": null, ""timestamp"": ""2024-07-25 00:00:00""}, {""connected_to"": ""insurer_license_plate:JB5324"", ""via"": null, ""value"": null, ""timestamp"": ""2024-07-25 00:00:00""}, {""connected_to"": ""insurer_email:insured_110@mail.com"", ""via"": null, ""value"": null, ""timestamp"": ""2024-07-25 00:00:00""}, {""connected_to"": ""claim_location:Zone_15"", ""via"": null, ""value"": null, ""timestamp"": ""2024-07-25 00:00:00""}]",0.02356902356902357,2.0619789765557517,0,0,0,0,0,0,0,18,40,29,48,46,16,27,25
2.473684210526316,0,0.07027824818425615,2024-07-25,35c1dbd1,0,0.21338028169014084,304,"[{""connected_to"": ""bank_account:ES29088754"", ""via"": null, ""value"": null, ""timestamp"": ""2024-07-25 00:00:00""}, {""connected_to"": ""repair_shop:repair_30"", ""via"": null, ""value"": null, ""timestamp"": ""2024-07-25 00:00:00""}, {""connected_to"": ""insurer_phone_number:600621704"", ""via"": null, ""value"": null, ""timestamp"": ""2024-07-25 00:00:00""}, {""connected_to"": ""insurer_license_plate:EE7852"", ""via"": null, ""value"": null, ""timestamp"": ""2024-07-25 00:00:00""}, {""connected_to"": ""insurer_email:insured_36@mail.com"", ""via"": null, ""value"": null, ""timestamp"": ""2024-07-25 00:00:00""}, {""connected_to"": ""insurer_address:6 Avenida Central"", ""via"": null, ""value"": null, ""timestamp"": ""2024-07-25 00:00:00""}, {""connected_to"": ""claim_location:Zone_69"", ""via"": null, ""value"": null, ""timestamp"": ""2024-07-25 00:00:00""}, {""connected_to"": ""third_party_license_plate:HE1438"", ""via"": null, ""value"": null, ""timestamp"": ""2024-07-25 00:00:00""}]",0.026402640264026403,2.0627844575164653,0,0,0,0,0,0,0,18,41,30,49,47,16,27,26
2.47741935483871,0,0.05876805630320817,2024-07-25,42bf7d42,0,0.21006118286879674,310,"[{""connected_to"": ""bank_account:ES67429369"", ""via"": null, ""value"": null, ""timestamp"": ""2024-07-25 00:00:00""}, {""connected_to"": ""insurer_phone_number:600596153"", ""via"": null, ""value"": null, ""timestamp"": ""2024-07-25 00:00:00""}, {""connected_to"": ""insurer_address:33 Avenida Central"", ""via"": null, ""value"": null, ""timestamp"": ""2024-07-25 00:00:00""}, {""connected_to"": ""insurer_license_plate:ID5184"", ""via"": null, ""value"": null, ""timestamp"": ""2024-07-25 00:00:00""}, {""connected_to"": ""insurer_email:insured_114@mail.com"", ""via"": null, ""value"": null, ""timestamp"": ""2024-07-25 00:00:00""}, {""connected_to"": ""repair_shop:repair_6"", ""via"": null, ""value"": null, ""timestamp"": ""2024-07-25 00:00:00""}, {""connected_to"": ""claim_location:Zone_77"", ""via"": null, ""value"": null, ""timestamp"": ""2024-07-25 00:00:00""}, {""connected_to"": ""third_party_license_plate:FI3620"", ""via"": null, ""value"": null, ""timestamp"": ""2024-07-25 00:00:00""}]",0.025889967637540454,2.063534880023401,0,0,0,0,0,0,0,18,42,30,50,48,16,28,27
2.488888888888889,0,0.06364374789922503,2024-07-25,608a6c32,0,0.21144781144781144,315,"[{""connected_to"": ""bank_account:ES71007570"", ""via"": null, ""value"": null, ""timestamp"": ""2024-07-25 00:00:00""}, {""connected_to"": ""insurer_phone_number:600664650"", ""via"": null, ""value"": null, ""timestamp"": ""2024-07-25 00:00:00""}, {""connected_to"": ""repair_shop:repair_28"", ""via"": null, ""value"": null, ""timestamp"": ""2024-07-25 00:00:00""}, {""connected_to"": ""insurer_address:30 Avenida Central"", ""via"": null, ""value"": null, ""timestamp"": ""2024-07-25 00:00:00""}, {""connected_to"": ""insurer_license_plate:IL5920"", ""via"": null, ""value"": null, ""timestamp"": ""2024-07-25 00:00:00""}, {""connected_to"": ""insurer_email:insured_40@mail.com"", ""via"": null, ""value"": null, ""timestamp"": ""2024-07-25 00:00:00""}, {""connected_to"": ""claim_location:Zone_66"", ""via"": null, ""value"": null, ""timestamp"": ""2024-07-25 00:00:00""}, {""connected_to"": ""third_party_license_plate:IF9938"", ""via"": null, ""value"": null, ""timestamp"": ""2024-07-25 00:00:00""}]",0.025477707006369428,2.0642352075237658,0,0,0,0,0,0,0,18,43,30,51,49,16,28,28
2.5078369905956115,0,0.05653296672159294,2024-07-25,bf3e5d6f,0,0.2157394843962008,319,"[{""connected_to"": ""bank_account:ES54795355"", ""via"": null, ""value"": null, ""timestamp"": ""2024-07-25 00:00:00""}, {""connected_to"": ""repair_shop:repair_11"", ""via"": null, ""value"": null, ""timestamp"": ""2024-07-25 00:00:00""}, {""connected_to"": ""insurer_phone_number:600768374"", ""via"": null, ""value"": null, ""timestamp"": ""2024-07-25 00:00:00""}, {""connected_to"": ""insurer_address:22 Avenida Central"", ""via"": null, ""value"": null, ""timestamp"": ""2024-07-25 00:00:00""}, {""connected_to"": ""insurer_license_plate:KE8952"", ""via"": null, ""value"": null, ""timestamp"": ""2024-07-25 00:00:00""}, {""connected_to"": ""insurer_email:insured_157@mail.com"", ""via"": null, ""value"": null, ""timestamp"": ""2024-07-25 00:00:00""}, {""connected_to"": ""claim_location:Zone_37"", ""via"": null, ""value"": null, ""timestamp"": ""2024-07-25 00:00:00""}, {""connected_to"": ""third_party_license_plate:LM1492"", ""via"": null, ""value"": null, ""timestamp"": ""2024-07-25 00:00:00""}]",0.025157232704402517,2.0648898496143695,0,0,0,0,0,0,0,18,44,30,52,49,16,28,29
2.5185185185185186,0,0.04887281696209759,2024-07-25,d387f17a,0,0.20520965692503176,324,"[{""connected_to"": ""insurer_phone_number:600904155"", ""via"": null, ""value"": null, ""timestamp"": ""2024-07-25 00:00:00""}, {""connected_to"": ""bank_account:ES54795355"", ""via"": null, ""value"": null, ""timestamp"": ""2024-07-25 00:00:00""}, {""connected_to"": ""insurer_address:24 Avenida Central"", ""via"": null, ""value"": null, ""timestamp"": ""2024-07-25 00:00:00""}, {""connected_to"": ""claim_location:Zone_18"", ""via"": null, ""value"": null, ""timestamp"": ""2024-07-25 00:00:00""}, {""connected_to"": ""insurer_license_plate:BP2925"", ""via"": null, ""value"": null, ""timestamp"": ""2024-07-25 00:00:00""}, {""connected_to"": ""insurer_email:insured_28@mail.com"", ""via"": null, ""value"": null, ""timestamp"": ""2024-07-25 00:00:00""}, {""connected_to"": ""repair_shop:repair_18"", ""via"": null, ""value"": null, ""timestamp"": ""2024-07-25 00:00:00""}, {""connected_to"": ""third_party_license_plate:CH9463"", ""via"": null, ""value"": null, ""timestamp"": ""2024-07-25 00:00:00""}]",0.02476780185758514,2.0655027355532787,0,0,0,0,0,0,0,18,44,30,53,50,16,29,30
2.5288753799392096,0,0.050468336949412856,2024-07-25,e039d1f7,0,0.2089171974522293,329,"[{""connected_to"": ""insurer_phone_number:600809302"", ""via"": null, ""value"": null, ""timestamp"": ""2024-07-25 00:00:00""}, {""connected_to"": ""bank_account:ES38273233"", ""via"": null, ""value"": null, ""timestamp"": ""2024-07-25 00:00:00""}, {""connected_to"": ""insurer_address:40 Avenida Central"", ""via"": null, ""value"": null, ""timestamp"": ""2024-07-25 00:00:00""}, {""connected_to"": ""claim_location:Zone_79"", ""via"": null, ""value"": null, ""timestamp"": ""2024-07-25 00:00:00""}, {""connected_to"": ""insurer_license_plate:PP9950"", ""via"": null, ""value"": null, ""timestamp"": ""2024-07-25 00:00:00""}, {""connected_to"": ""insurer_email:insured_9@mail.com"", ""via"": null, ""value"": null, ""timestamp"": ""2024-07-25 00:00:00""}, {""connected_to"": ""repair_shop:repair_24"", ""via"": null, ""value"": null, ""timestamp"": ""2024-07-25 00:00:00""}, {""connected_to"": ""third_party_license_plate:AG4643"", ""via"": null, ""value"": null, ""timestamp"": ""2024-07-25 00:00:00""}]",0.024390243902439025,2.066077376478714,0,0,0,0,0,0,0,18,44,30,54,51,16,30,31
2.538922155688623,0,0.045623587086616964,2024-07-25,ea9d7eb4,0,0.2096977329974811,334,"[{""connected_to"": ""insurer_phone_number:600664650"", ""via"": null, ""value"": null, ""timestamp"": ""2024-07-25 00:00:00""}, {""connected_to"": ""repair_shop:repair_16"", ""via"": null, ""value"": null, ""timestamp"": ""2024-07-25 00:00:00""}, {""connected_to"": ""insurer_address:17 Avenida Central"", ""via"": null, ""value"": null, ""timestamp"": ""2024-07-25 00:00:00""}, {""connected_to"": ""insurer_license_plate:EE7852"", ""via"": null, ""value"": null, ""timestamp"": ""2024-07-25 00:00:00""}, {""connected_to"": ""insurer_email:insured_93@mail.com"", ""via"": null, ""value"": null, ""timestamp"": ""2024-07-25 00:00:00""}, {""connected_to"": ""bank_account:ES94588658"", ""via"": null, ""value"": null, ""timestamp"": ""2024-07-25 00:00:00""}, {""connected_to"": ""claim_location:Zone_22"", ""via"": null, ""value"": null, ""timestamp"": ""2024-07-25 00:00:00""}, {""connected_to"": ""third_party_license_plate:EI7604"", ""via"": null, ""value"": null, ""timestamp"": ""2024-07-25 00:00:00""}]",0.024024024024024024,2.0666169183032554,0,0,0,0,0,0,0,19,45,30,55,51,16,30,32
2.541176470588235,0,0.0387231833194217,2024-07-25,f76a94f8,0,0.19720767888307156,340,"[{""connected_to"": ""insurer_phone_number:600446081"", ""via"": null, ""value"": null, ""timestamp"": ""2024-07-25 00:00:00""}, {""connected_to"": ""repair_shop:repair_17"", ""via"": null, ""value"": null, ""timestamp"": ""2024-07-25 00:00:00""}, {""connected_to"": ""bank_account:ES94588658"", ""via"": null, ""value"": null, ""timestamp"": ""2024-07-25 00:00:00""}, {""connected_to"": ""insurer_license_plate:GF1259"", ""via"": null, ""value"": null, ""timestamp"": ""2024-07-25 00:00:00""}, {""connected_to"": ""insurer_email:insured_167@mail.com"", ""via"": null, ""value"": null, ""timestamp"": ""2024-07-25 00:00:00""}, {""connected_to"": ""insurer_address:37 Avenida Central"", ""via"": null, ""value"": null, ""timestamp"": ""2024-07-25 00:00:00""}, {""connected_to"": ""claim_location:Zone_23"", ""via"": null, ""value"": null, ""timestamp"": ""2024-07-25 00:00:00""}, {""connected_to"": ""third_party_license_plate:HO5662"", ""via"": null, ""value"": null, ""timestamp"": ""2024-07-25 00:00:00""}]",0.02359882005899705,2.0671241868682317,0,0,0,0,0,0,0,19,46,31,56,52,16,30,33
2.5597667638483963,0,0.03964610822858476,2024-07-25,f949707f,0,0.2112415071031501,343,"[{""connected_to"": ""bank_account:ES67781085"", ""via"": null, ""value"": null, ""timestamp"": ""2024-07-25 00:00:00""}, {""connected_to"": ""repair_shop:repair_12"", ""via"": null, ""value"": null, ""timestamp"": ""2024-07-25 00:00:00""}, {""connected_to"": ""insurer_phone_number:600997261"", ""via"": null, ""value"": null, ""timestamp"": ""2024-07-25 00:00:00""}, {""connected_to"": ""insurer_license_plate:MH3801"", ""via"": null, ""value"": null, ""timestamp"": ""2024-07-25 00:00:00""}, {""connected_to"": ""claim_location:Zone_66"", ""via"": null, ""value"": null, ""timestamp"": ""2024-07-25 00:00:00""}, {""connected_to"": ""insurer_email:insured_187@mail.com"", ""via"": null, ""value"": null, ""timestamp"": ""2024-07-25 00:00:00""}, {""connected_to"": ""insurer_address:29 Avenida Central"", ""via"": null, ""value"": null, ""timestamp"": ""2024-07-25 00:00:00""}]",0.02046783625730994,2.0664479055347607,0,0,0,0,0,0,0,19,46,32,57,52,16,30,33
2.5763688760806915,0,0.05096986495992881,2024-07-25,fb3640e4,0,0.2232258064516129,347,"[{""connected_to"": ""bank_account:ES42901579"", ""via"": null, ""value"": null, ""timestamp"": ""2024-07-25 00:00:00""}, {""connected_to"": ""insurer_phone_number:600664650"", ""via"": null, ""value"": null, ""timestamp"": ""2024-07-25 00:00:00""}, {""connected_to"": ""insurer_address:33 Avenida Central"", ""via"": null, ""value"": null, ""timestamp"": ""2024-07-25 00:00:00""}, {""connected_to"": ""claim_location:Zone_52"", ""via"": null, ""value"": null, ""timestamp"": ""2024-07-25 00:00:00""}, {""connected_to"": ""repair_shop:repair_6"", ""via"": null, ""value"": null, ""timestamp"": ""2024-07-25 00:00:00""}, {""connected_to"": ""insurer_license_plate:HP3064"", ""via"": null, ""value"": null, ""timestamp"": ""2024-07-25 00:00:00""}, {""connected_to"": ""insurer_email:insured_66@mail.com"", ""via"": null, ""value"": null, ""timestamp"": ""2024-07-25 00:00:00""}, {""connected_to"": ""third_party_license_plate:AK8026"", ""via"": null, ""value"": null, ""timestamp"": ""2024-07-25 00:00:00""}]",0.023121387283236993,2.0669451221974353,0,0,0,0,0,0,0,19,46,32,58,53,16,30,34
2.585227272727273,0,0.05293362918673617,2024-07-26,3de72026,0,0.22586872586872586,352,"[{""connected_to"": ""bank_account:ES67781085"", ""via"": null, ""value"": null, ""timestamp"": ""2024-07-26 00:00:00""}, {""connected_to"": ""insurer_phone_number:600335293"", ""via"": null, ""value"": null, ""timestamp"": ""2024-07-26 00:00:00""}, {""connected_to"": ""claim_location:Zone_15"", ""via"": null, ""value"": null, ""timestamp"": ""2024-07-26 00:00:00""}, {""connected_to"": ""repair_shop:repair_24"", ""via"": null, ""value"": null, ""timestamp"": ""2024-07-26 00:00:00""}, {""connected_to"": ""insurer_license_plate:BE2733"", ""via"": null, ""value"": null, ""timestamp"": ""2024-07-26 00:00:00""}, {""connected_to"": ""insurer_email:insured_123@mail.com"", ""via"": null, ""value"": null, ""timestamp"": ""2024-07-26 00:00:00""}, {""connected_to"": ""insurer_address:1 Avenida Central"", ""via"": null, ""value"": null, ""timestamp"": ""2024-07-26 00:00:00""}, {""connected_to"": ""third_party_license_plate:DH5196"", ""via"": null, ""value"": null, ""timestamp"": ""2024-07-26 00:00:00""}]",0.022792022792022793,2.0674141260159793,0,0,0,0,0,0,0,19,46,33,59,54,16,30,35
2.602816901408451,0,0.03153796651388672,2024-07-26,5b0e5acd,0,0.21325301204819277,355,"[{""connected_to"": ""insurer_phone_number:600826184"", ""via"": null, ""value"": null, ""timestamp"": ""2024-07-26 00:00:00""}, {""connected_to"": ""claim_location:Zone_78"", ""via"": null, ""value"": null, ""timestamp"": ""2024-07-26 00:00:00""}, {""connected_to"": ""bank_account:ES54795355"", ""via"": null, ""value"": null, ""timestamp"": ""2024-07-26 00:00:00""}, {""connected_to"": ""insurer_address:11 Avenida Central"", ""via"": null, ""value"": null, ""timestamp"": ""2024-07-26 00:00:00""}, {""connected_to"": ""insurer_email:insured_28@mail.com"", ""via"": null, ""value"": null, ""timestamp"": ""2024-07-26 00:00:00""}, {""connected_to"": ""insurer_license_plate:HM9735"", ""via"": null, ""value"": null, ""timestamp"": ""2024-07-26 00:00:00""}, {""connected_to"": ""repair_shop:repair_29"", ""via"": null, ""value"": null, ""timestamp"": ""2024-07-26 00:00:00""}]",0.019774011299435026,2.0667763149905407,0,0,0,0,0,0,0,19,46,33,59,55,16,31,35
2.611111111111111,0,0.04427149550672647,2024-07-26,6c2948c2,0,0.21600481347773767,360,"[{""connected_to"": ""bank_account:ES67781085"", ""via"": null, ""value"": null, ""timestamp"": ""2024-07-26 00:00:00""}, {""connected_to"": ""insurer_address:31 Avenida Central"", ""via"": null, ""value"": null, ""timestamp"": ""2024-07-26 00:00:00""}, {""connected_to"": ""insurer_phone_number:600379103"", ""via"": null, ""value"": null, ""timestamp"": ""2024-07-26 00:00:00""}, {""connected_to"": ""repair_shop:repair_17"", ""via"": null, ""value"": null, ""timestamp"": ""2024-07-26 00:00:00""}, {""connected_to"": ""insurer_license_plate:EO8267"", ""via"": null, ""value"": null, ""timestamp"": ""2024-07-26 00:00:00""}, {""connected_to"": ""insurer_email:insured_19@mail.com"", ""via"": null, ""value"": null, ""timestamp"": ""2024-07-26 00:00:00""}, {""connected_to"": ""claim_location:Zone_7"", ""via"": null, ""value"": null, ""timestamp"": ""2024-07-26 00:00:00""}, {""connected_to"": ""third_party_license_plate:HA6699"", ""via"": null, ""value"": null, ""timestamp"": ""2024-07-26 00:00:00""}]",0.022284122562674095,2.067236939610509,0,0,0,0,0,0,0,19,47,33,60,56,16,31,36
2.6353591160220993,0,0.03869332009537716,2024-07-26,91c88928,0,0.21786360893180445,362,"[{""connected_to"": ""bank_account:ES82859036"", ""via"": null, ""value"": null, ""timestamp"": ""2024-07-26 00:00:00""}, {""connected_to"": ""insurer_license_plate:EF7402"", ""via"": null, ""value"": null, ""timestamp"": ""2024-07-26 00:00:00""}, {""connected_to"": ""insurer_phone_number:600809302"", ""via"": null, ""value"": null, ""timestamp"": ""2024-07-26 00:00:00""}, {""connected_to"": ""insurer_address:24 Avenida Central"", ""via"": null, ""value"": null, ""timestamp"": ""2024-07-26 00:00:00""}, {""connected_to"": ""repair_shop:repair_34"", ""via"": null, ""value"": null, ""timestamp"": ""2024-07-26 00:00:00""}, {""connected_to"": ""claim_location:Zone_5"", ""via"": null, ""value"": null, ""timestamp"": ""2024-07-26 00:00:00""}, {""connected_to"": ""insurer_email:insured_18@mail.com"", ""via"": null, ""value"": null, ""timestamp"": ""2024-07-26 00:00:00""}]",0.019390581717451522,2.0666169183032554,0,0,0,0,0,0,0,19,47,33,61,56,16,31,36
2.6575342465753424,0,0.04759096025807677,2024-07-26,b205b267,0,0.23258785942492013,365,"[{""connected_to"": ""repair_shop:repair_11"", ""via"": null, ""value"": null, ""timestamp"": ""2024-07-26 00:00:00""}, {""connected_to"": ""insurer_phone_number:600809302"", ""via"": null, ""value"": null, ""timestamp"": ""2024-07-26 00:00:00""}, {""connected_to"": ""bank_account:ES38273233"", ""via"": null, ""value"": null, ""timestamp"": ""2024-07-26 00:00:00""}, {""connected_to"": ""insurer_license_plate:KF7403"", ""via"": null, ""value"": null, ""timestamp"": ""2024-07-26 00:00:00""}, {""connected_to"": ""insurer_address:30 Avenida Central"", ""via"": null, ""value"": null, ""timestamp"": ""2024-07-26 00:00:00""}, {""connected_to"": ""claim_location:Zone_23"", ""via"": null, ""value"": null, ""timestamp"": ""2024-07-26 00:00:00""}, {""connected_to"": ""insurer_email:insured_55@mail.com"", ""via"": null, ""value"": null, ""timestamp"": ""2024-07-26 00:00:00""}, {""connected_to"": ""third_party_license_plate:GH9194"", ""via"": null, ""value"": null, ""timestamp"": ""2024-07-26 00:00:00""}]",0.02197802197802198,2.0670693360653813,0,0,0,0,0,0,0,19,47,33,62,56,16,31,37
2.6648648648648647,0,0.03521956214167227,2024-07-26,baa5ea2a,0,0.19913653534808418,370,"[{""connected_to"": ""insurer_address:18 Avenida Central"", ""via"": null, ""value"": null, ""timestamp"": ""2024-07-26 00:00:00""}, {""connected_to"": ""insurer_phone_number:600826184"", ""via"": null, ""value"": null, ""timestamp"": ""2024-07-26 00:00:00""}, {""connected_to"": ""bank_account:ES51016557"", ""via"": null, ""value"": null, ""timestamp"": ""2024-07-26 00:00:00""}, {""connected_to"": ""claim_location:Zone_70"", ""via"": null, ""value"": null, ""timestamp"": ""2024-07-26 00:00:00""}, {""connected_to"": ""insurer_license_plate:FL2839"", ""via"": null, ""value"": null, ""timestamp"": ""2024-07-26 00:00:00""}, {""connected_to"": ""insurer_email:insured_161@mail.com"", ""via"": null, ""value"": null, ""timestamp"": ""2024-07-26 00:00:00""}, {""connected_to"": ""repair_shop:repair_20"", ""via"": null, ""value"": null, ""timestamp"": ""2024-07-26 00:00:00""}, {""connected_to"": ""third_party_license_plate:FB6190"", ""via"": null, ""value"": null, ""timestamp"": ""2024-07-26 00:00:00""}]",0.02168021680216802,2.0674980546266304,0,0,0,0,0,0,0,19,47,33,63,57,16,32,38
2.679144385026738,0,0.03380195942767129,2024-07-26,e4b967fc,0,0.20404814004376368,374,"[{""connected_to"": ""bank_account:ES31320114"", ""via"": null, ""value"": null, ""timestamp"": ""2024-07-26 00:00:00""}, {""connected_to"": ""insurer_phone_number:600432795"", ""via"": null, ""value"": null, ""timestamp"": ""2024-07-26 00:00:00""}, {""connected_to"": ""insurer_license_plate:MI6914"", ""via"": null, ""value"": null, ""timestamp"": ""2024-07-26 00:00:00""}, {""connected_to"": ""insurer_address:25 Avenida Central"", ""via"": null, ""value"": null, ""timestamp"": ""2024-07-26 00:00:00""}, {""connected_to"": ""claim_location:Zone_5"", ""via"": null, ""value"": null, ""timestamp"": ""2024-07-26 00:00:00""}, {""connected_to"": ""insurer_email:insured_117@mail.com"", ""via"": null, ""value"": null, ""timestamp"": ""2024-07-26 00:00:00""}, {""connected_to"": ""repair_shop:repair_3"", ""via"": null, ""value"": null, ""timestamp"": ""2024-07-26 00:00:00""}, {""connected_to"": ""third_party_license_plate:NB7185"", ""via"": null, ""value"": null, ""timestamp"": ""2024-07-26 00:00:00""}]",0.021447721179624665,2.0679047138288476,0,0,0,0,0,0,0,19,47,33,64,57,16,33,39
2.693121693121693,0,0.045257825606845985,2024-07-26,e73b8797,0,0.22807017543859648,378,"[{""connected_to"": ""insurer_phone_number:600904155"", ""via"": null, ""value"": null, ""timestamp"": ""2024-07-26 00:00:00""}, {""connected_to"": ""bank_account:ES29088754"", ""via"": null, ""value"": null, ""timestamp"": ""2024-07-26 00:00:00""}, {""connected_to"": ""third_party_license_plate:CF3049"", ""via"": null, ""value"": null, ""timestamp"": ""2024-07-26 00:00:00""}, {""connected_to"": ""repair_shop:repair_14"", ""via"": null, ""value"": null, ""timestamp"": ""2024-07-26 00:00:00""}, {""connected_to"": ""insurer_address:40 Avenida Central"", ""via"": null, ""value"": null, ""timestamp"": ""2024-07-26 00:00:00""}, {""connected_to"": ""insurer_license_plate:EA5293"", ""via"": null, ""value"": null, ""timestamp"": ""2024-07-26 00:00:00""}, {""connected_to"": ""insurer_email:insured_31@mail.com"", ""via"": null, ""value"": null, ""timestamp"": ""2024-07-26 00:00:00""}, {""connected_to"": ""claim_location:Zone_10"", ""via"": null, ""value"": null, ""timestamp"": ""2024-07-26 00:00:00""}]",0.021220159151193633,2.06829081289842,0,0,0,0,0,0,0,19,48,33,65,58,16,33,39
2.7086614173228347,0,0.031087171558935044,2024-07-27,0ab73345,0,0.21902017291066284,381,"[{""connected_to"": ""bank_account:ES29088754"", ""via"": null, ""value"": null, ""timestamp"": ""2024-07-27 00:00:00""}, {""connected_to"": ""insurer_phone_number:600189326"", ""via"": null, ""value"": null, ""timestamp"": ""2024-07-27 00:00:00""}, {""connected_to"": ""repair_shop:repair_11"", ""via"": null, ""value"": null, ""timestamp"": ""2024-07-27 00:00:00""}, {""connected_to"": ""claim_location:Zone_52"", ""via"": null, ""value"": null, ""timestamp"": ""2024-07-27 00:00:00""}, {""connected_to"": ""insurer_address:35 Avenida Central"", ""via"": null, ""value"": null, ""timestamp"": ""2024-07-27 00:00:00""}, {""connected_to"": ""insurer_license_plate:PF6093"", ""via"": null, ""value"": null, ""timestamp"": ""2024-07-27 00:00:00""}, {""connected_to"": ""insurer_email:insured_3@mail.com"", ""via"": null, ""value"": null, ""timestamp"": ""2024-07-27 00:00:00""}]",0.018421052631578946,2.0677330332560118,0,0,0,0,0,0,0,19,48,33,66,59,16,33,39
2.7239583333333335,0,0.038754939264535194,2024-07-27,2a6e407a,0,0.2311406155703078,384,"[{""connected_to"": ""insurer_phone_number:600596153"", ""via"": null, ""value"": null, ""timestamp"": ""2024-07-27 00:00:00""}, {""connected_to"": ""bank_account:ES82859036"", ""via"": null, ""value"": null, ""timestamp"": ""2024-07-27 00:00:00""}, {""connected_to"": ""insurer_address:30 Avenida Central"", ""via"": null, ""value"": null, ""timestamp"": ""2024-07-27 00:00:00""}, {""connected_to"": ""repair_shop:repair_34"", ""via"": null, ""value"": null, ""timestamp"": ""2024-07-27 00:00:00""}, {""connected_to"": ""claim_location:Zone_66"", ""via"": null, ""value"": null, ""timestamp"": ""2024-07-27 00:00:00""}, {""connected_to"": ""insurer_license_plate:LM1492"", ""via"": null, ""value"": null, ""timestamp"": ""2024-07-27 00:00:00""}, {""connected_to"": ""insurer_email:insured_45@mail.com"", ""via"": null, ""value"": null, ""timestamp"": ""2024-07-27 00:00:00""}]",0.018276762402088774,2.0671749250878024,0,0,0,0,0,0,0,19,48,33,67,60,16,33,39
2.731958762886598,0,0.019299311258300828,2024-07-27,6db026f9,0,0.18552253116011505,388,"[{""connected_to"": ""insurer_address:39 Avenida Central"", ""via"": null, ""value"": null, ""timestamp"": ""2024-07-27 00:00:00""}, {""connected_to"": ""repair_shop:repair_31"", ""via"": null, ""value"": null, ""timestamp"": ""2024-07-27 00:00:00""}, {""connected_to"": ""insurer_phone_number:600481783"", ""via"": null, ""value"": null, ""timestamp"": ""2024-07-27 00:00:00""}, {""connected_to"": ""bank_account:ES97868719"", ""via"": null, ""value"": null, ""timestamp"": ""2024-07-27 00:00:00""}, {""connected_to"": ""insurer_license_plate:CG9182"", ""via"": null, ""value"": null, ""timestamp"": ""2024-07-27 00:00:00""}, {""connected_to"": ""insurer_email:insured_37@mail.com"", ""via"": null, ""value"": null, ""timestamp"": ""2024-07-27 00:00:00""}, {""connected_to"": ""claim_location:Zone_19"", ""via"": null, ""value"": null, ""timestamp"": ""2024-07-27 00:00:00""}]",0.018087855297157625,2.0666169183032554,0,0,0,0,0,0,0,19,49,33,68,61,16,33,39
2.737913486005089,0,0.03253743026097012,2024-07-27,91ebb156,0,0.20566631689401887,393,"[{""connected_to"": ""repair_shop:repair_39"", ""via"": null, ""value"": null, ""timestamp"": ""2024-07-27 00:00:00""}, {""connected_to"": ""bank_account:ES42901579"", ""via"": null, ""value"": null, ""timestamp"": ""2024-07-27 00:00:00""}, {""connected_to"": ""insurer_phone_number:600481783"", ""via"": null, ""value"": null, ""timestamp"": ""2024-07-27 00:00:00""}, {""connected_to"": ""third_party_license_plate:OD8760"", ""via"": null, ""value"": null, ""timestamp"": ""2024-07-27 00:00:00""}, {""connected_to"": ""insurer_license_plate:JO1026"", ""via"": null, ""value"": null, ""timestamp"": ""2024-07-27 00:00:00""}, {""connected_to"": ""insurer_email:insured_4@mail.com"", ""via"": null, ""value"": null, ""timestamp"": ""2024-07-27 00:00:00""}, {""connected_to"": ""insurer_address:2 Avenida Central"", ""via"": null, ""value"": null, ""timestamp"": ""2024-07-27 00:00:00""}, {""connected_to"": ""claim_location:Zone_11"", ""via"": null, ""value"": null, ""timestamp"": ""2024-07-27 00:00:00""}]",0.02040816326530612,2.0670251891126945,0,0,0,0,0,0,0,19,50,34,69,62,16,33,39
2.7525252525252526,0,0.025760871086169434,2024-07-27,c93a329f,0,0.21490750816104462,396,"[{""connected_to"": ""bank_account:ES71007570"", ""via"": null, ""value"": null, ""timestamp"": ""2024-07-27 00:00:00""}, {""connected_to"": ""claim_location:Zone_78"", ""via"": null, ""value"": null, ""timestamp"": ""2024-07-27 00:00:00""}, {""connected_to"": ""insurer_phone_number:600997261"", ""via"": null, ""value"": null, ""timestamp"": ""2024-07-27 00:00:00""}, {""connected_to"": ""insurer_address:6 Avenida Central"", ""via"": null, ""value"": null, ""timestamp"": ""2024-07-27 00:00:00""}, {""connected_to"": ""repair_shop:repair_18"", ""via"": null, ""value"": null, ""timestamp"": ""2024-07-27 00:00:00""}, {""connected_to"": ""insurer_license_plate:AP1093"", ""via"": null, ""value"": null, ""timestamp"": ""2024-07-27 00:00:00""}, {""connected_to"": ""insurer_email:insured_195@mail.com"", ""via"": null, ""value"": null, ""timestamp"": ""2024-07-27 00:00:00""}]",0.017721518987341773,2.066480879582568,0,0,0,0,0,0,0,19,50,34,70,63,16,33,39
2.765,0,0.029601057719667742,2024-07-27,d2ed0339,0,0.2247887323943662,400,"[{""connected_to"": ""insurer_phone_number:600189326"", ""via"": null, ""value"": null, ""timestamp"": ""2024-07-27 00:00:00""}, {""connected_to"": ""bank_account:ES95330972"", ""via"": null, ""value"": null, ""timestamp"": ""2024-07-27 00:00:00""}, {""connected_to"": ""claim_location:Zone_46"", ""via"": null, ""value"": null, ""timestamp"": ""2024-07-27 00:00:00""}, {""connected_to"": ""insurer_address:40 Avenida Central"", ""via"": null, ""value"": null, ""timestamp"": ""2024-07-27 00:00:00""}, {""connected_to"": ""repair_shop:repair_34"", ""via"": null, ""value"": null, ""timestamp"": ""2024-07-27 00:00:00""}, {""connected_to"": ""insurer_license_plate:EB9656"", ""via"": null, ""value"": null, ""timestamp"": ""2024-07-27 00:00:00""}, {""connected_to"": ""insurer_email:insured_80@mail.com"", ""via"": null, ""value"": null, ""timestamp"": ""2024-07-27 00:00:00""}, {""connected_to"": ""third_party_license_plate:JG5050"", ""via"": null, ""value"": null, ""timestamp"": ""2024-07-27 00:00:00""}]",0.020050125313283207,2.066882597553566,0,0,0,0,0,0,0,19,50,34,71,64,16,33,40
2.772277227722772,0,0.026007514469051033,2024-07-28,3a3d6e6e,0,0.21550802139037434,404,"[{""connected_to"": ""insurer_address:15 Avenida Central"", ""via"": null, ""value"": null, ""timestamp"": ""2024-07-28 00:00:00""}, {""connected_to"": ""insurer_phone_number:600596153"", ""via"": null, ""value"": null, ""timestamp"": ""2024-07-28 00:00:00""}, {""connected_to"": ""repair_shop:repair_22"", ""via"": null, ""value"": null, ""timestamp"": ""2024-07-28 00:00:00""}, {""connected_to"": ""claim_location:Zone_15"", ""via"": null, ""value"": null, ""timestamp"": ""2024-07-28 00:00:00""}, {""connected_to"": ""insurer_license_plate:IB6158"", ""via"": null, ""value"": null, ""timestamp"": ""2024-07-28 00:00:00""}, {""connected_to"": ""insurer_email:insured_136@mail.com"", ""via"": null, ""value"": null, ""timestamp"": ""2024-07-28 00:00:00""}, {""connected_to"": ""bank_account:ES64784211"", ""via"": null, ""value"": null, ""timestamp"": ""2024-07-28 00:00:00""}]",0.017369727047146403,2.0663513511440854,0,0,0,0,0,0,0,20,50,34,72,65,16,33,40
2.793103448275862,0,0.03887661717624421,2024-07-28,4fd0f508,0,0.23532829750145265,406,"[{""connected_to"": ""repair_shop:repair_32"", ""via"": null, ""value"": null, ""timestamp"": ""2024-07-28 00:00:00""}, {""connected_to"": ""insurer_license_plate:EL1845"", ""via"": null, ""value"": null, ""timestamp"": ""2024-07-28 00:00:00""}, {""connected_to"": ""insurer_phone_number:600997261"", ""via"": null, ""value"": null, ""timestamp"": ""2024-07-28 00:00:00""}, {""connected_to"": ""insurer_address:33 Avenida Central"", ""via"": null, ""value"": null, ""timestamp"": ""2024-07-28 00:00:00""}, {""connected_to"": ""bank_account:ES12961077"", ""via"": null, ""value"": null, ""timestamp"": ""2024-07-28 00:00:00""}, {""connected_to"": ""claim_location:Zone_70"", ""via"": null, ""value"": null, ""timestamp"": ""2024-07-28 00:00:00""}, {""connected_to"": ""insurer_email:insured_59@mail.com"", ""via"": null, ""value"": null, ""timestamp"": ""2024-07-28 00:00:00""}]",0.01728395061728395,2.065820708358326,0,0,0,0,0,0,0,20,50,34,73,65,16,33,40
2.8048780487804876,0,0.028879240933644506,2024-07-28,a86c8802,0,0.2227668845315904,410,"[{""connected_to"": ""insurer_address:28 Avenida Central"", ""via"": null, ""value"": null, ""timestamp"": ""2024-07-28 00:00:00""}, {""connected_to"": ""insurer_email:insured_160@mail.com"", ""via"": null, ""value"": null, ""timestamp"": ""2024-07-28 00:00:00""}, {""connected_to"": ""bank_account:ES42953246"", ""via"": null, ""value"": null, ""timestamp"": ""2024-07-28 00:00:00""}, {""connected_to"": ""insurer_phone_number:600621704"", ""via"": null, ""value"": null, ""timestamp"": ""2024-07-28 00:00:00""}, {""connected_to"": ""insurer_license_plate:IL5920"", ""via"": null, ""value"": null, ""timestamp"": ""2024-07-28 00:00:00""}, {""connected_to"": ""repair_shop:repair_19"", ""via"": null, ""value"": null, ""timestamp"": ""2024-07-28 00:00:00""}, {""connected_to"": ""claim_location:Zone_65"", ""via"": null, ""value"": null, ""timestamp"": ""2024-07-28 00:00:00""}, {""connected_to"": ""third_party_license_plate:MN6901"", ""via"": null, ""value"": null, ""timestamp"": ""2024-07-28 00:00:00""}]",0.019559902200488997,2.066227880784913,0,0,0,0,0,0,0,20,51,34,73,65,16,34,41
2.816425120772947,0,0.025548245858427625,2024-07-28,bb742b13,0,0.21190354027706515,414,"[{""connected_to"": ""insurer_phone_number:600997261"", ""via"": null, ""value"": null, ""timestamp"": ""2024-07-28 00:00:00""}, {""connected_to"": ""insurer_address:31 Avenida Central"", ""via"": null, ""value"": null, ""timestamp"": ""2024-07-28 00:00:00""}, {""connected_to"": ""bank_account:ES73593231"", ""via"": null, ""value"": null, ""timestamp"": ""2024-07-28 00:00:00""}, {""connected_to"": ""claim_location:Zone_67"", ""via"": null, ""value"": null, ""timestamp"": ""2024-07-28 00:00:00""}, {""connected_to"": ""repair_shop:repair_29"", ""via"": null, ""value"": null, ""timestamp"": ""2024-07-28 00:00:00""}, {""connected_to"": ""insurer_license_plate:AL2457"", ""via"": null, ""value"": null, ""timestamp"": ""2024-07-28 00:00:00""}, {""connected_to"": ""insurer_email:insured_71@mail.com"", ""via"": null, ""value"": null, ""timestamp"": ""2024-07-28 00:00:00""}, {""connected_to"": ""third_party_license_plate:KK9103"", ""via"": null, ""value"": null, ""timestamp"": ""2024-07-28 00:00:00""}]",0.01937046004842615,2.0666169183032554,0,0,0,0,0,0,0,20,51,34,74,66,16,34,42
2.8229665071770333,0,0.027618253239299596,2024-07-28,c04a4443,0,0.21855345911949686,418,"[{""connected_to"": ""insurer_address:28 Avenida Central"", ""via"": null, ""value"": null, ""timestamp"": ""2024-07-28 00:00:00""}, {""connected_to"": ""insurer_phone_number:600432795"", ""via"": null, ""value"": null, ""timestamp"": ""2024-07-28 00:00:00""}, {""connected_to"": ""bank_account:ES54795355"", ""via"": null, ""value"": null, ""timestamp"": ""2024-07-28 00:00:00""}, {""connected_to"": ""repair_shop:repair_5"", ""via"": null, ""value"": null, ""timestamp"": ""2024-07-28 00:00:00""}, {""connected_to"": ""insurer_license_plate:OH7336"", ""via"": null, ""value"": null, ""timestamp"": ""2024-07-28 00:00:00""}, {""connected_to"": ""insurer_email:insured_42@mail.com"", ""via"": null, ""value"": null, ""timestamp"": ""2024-07-28 00:00:00""}, {""connected_to"": ""claim_location:Zone_43"", ""via"": null, ""value"": null, ""timestamp"": ""2024-07-28 00:00:00""}]",0.016786570743405275,2.06611005678973,0,0,0,0,0,0,0,20,52,34,75,67,16,34,42
2.842857142857143,0,0.020916467956993628,2024-07-28,ca8b2ffe,0,0.21344880285277637,420,"[{""connected_to"": ""insurer_license_plate:LC4785"", ""via"": null, ""value"": null, ""timestamp"": ""2024-07-28 00:00:00""}, {""connected_to"": ""bank_account:ES73593231"", ""via"": null, ""value"": null, ""timestamp"": ""2024-07-28 00:00:00""}, {""connected_to"": ""claim_location:Zone_45"", ""via"": null, ""value"": null, ""timestamp"": ""2024-07-28 00:00:00""}, {""connected_to"": ""insurer_phone_number:600354258"", ""via"": null, ""value"": null, ""timestamp"": ""2024-07-28 00:00:00""}, {""connected_to"": ""insurer_address:25 Avenida Central"", ""via"": null, ""value"": null, ""timestamp"": ""2024-07-28 00:00:00""}, {""connected_to"": ""repair_shop:repair_19"", ""via"": null, ""value"": null, ""timestamp"": ""2024-07-28 00:00:00""}, {""connected_to"": ""insurer_email:insured_130@mail.com"", ""via"": null, ""value"": null, ""timestamp"": ""2024-07-28 00:00:00""}]",0.016706443914081145,2.065603869997851,0,0,0,0,0,0,0,20,52,34,76,67,16,34,42
2.847058823529412,0,0.03867710589933082,2024-07-28,ef4d9ae4,0,0.235686492495831,425,"[{""connected_to"": ""insurer_address:5 Avenida Central"", ""via"": null, ""value"": null, ""timestamp"": ""2024-07-28 00:00:00""}, {""connected_to"": ""insurer_phone_number:600664650"", ""via"": null, ""value"": null, ""timestamp"": ""2024-07-28 00:00:00""}, {""connected_to"": ""bank_account:ES54795355"", ""via"": null, ""value"": null, ""timestamp"": ""2024-07-28 00:00:00""}, {""connected_to"": ""repair_shop:repair_9"", ""via"": null, ""value"": null, ""timestamp"": ""2024-07-28 00:00:00""}, {""connected_to"": ""insurer_license_plate:IG3009"", ""via"": null, ""value"": null, ""timestamp"": ""2024-07-28 00:00:00""}, {""connected_to"": ""insurer_email:insured_124@mail.com"", ""via"": null, ""value"": null, ""timestamp"": ""2024-07-28 00:00:00""}, {""connected_to"": ""claim_location:Zone_71"", ""via"": null, ""value"": null, ""timestamp"": ""2024-07-28 00:00:00""}, {""connected_to"": ""third_party_license_plate:KC8145"", ""via"": null, ""value"": null, ""timestamp"": ""2024-07-28 00:00:00""}]",0.018867924528301886,2.0659975035563987,0,0,0,0,0,0,0,20,53,34,77,68,16,34,43
2.8511627906976744,0,0.025604513980153825,2024-07-29,0e3d08eb,0,0.20322122216958788,430,"[{""connected_to"": ""insurer_address:34 Avenida Central"", ""via"": null, ""value"": null, ""timestamp"": ""2024-07-29 00:00:00""}, {""connected_to"": ""insurer_phone_number:600768374"", ""via"": null, ""value"": null, ""timestamp"": ""2024-07-29 00:00:00""}, {""connected_to"": ""third_party_license_plate:EI7604"", ""via"": null, ""value"": null, ""timestamp"": ""2024-07-29 00:00:00""}, {""connected_to"": ""bank_account:ES64784211"", ""via"": null, ""value"": null, ""timestamp"": ""2024-07-29 00:00:00""}, {""connected_to"": ""insurer_license_plate:GK6045"", ""via"": null, ""value"": null, ""timestamp"": ""2024-07-29 00:00:00""}, {""connected_to"": ""insurer_email:insured_44@mail.com"", ""via"": null, ""value"": null, ""timestamp"": ""2024-07-29 00:00:00""}, {""connected_to"": ""repair_shop:repair_15"", ""via"": null, ""value"": null, ""timestamp"": ""2024-07-29 00:00:00""}, {""connected_to"": ""claim_location:Zone_58"", ""via"": null, ""value"": null, ""timestamp"": ""2024-07-29 00:00:00""}]",0.018648018648018648,2.0663744384847087,0,0,0,0,0,0,0,20,54,34,78,69,16,35,43
2.863741339491917,0,0.020878442081256696,2024-07-29,24e31115,0,0.20542082738944364,433,"[{""connected_to"": ""bank_account:ES82859036"", ""via"": null, ""value"": null, ""timestamp"": ""2024-07-29 00:00:00""}, {""connected_to"": ""insurer_phone_number:600354258"", ""via"": null, ""value"": null, ""timestamp"": ""2024-07-29 00:00:00""}, {""connected_to"": ""repair_shop:repair_8"", ""via"": null, ""value"": null, ""timestamp"": ""2024-07-29 00:00:00""}, {""connected_to"": ""claim_location:Zone_23"", ""via"": null, ""value"": null, ""timestamp"": ""2024-07-29 00:00:00""}, {""connected_to"": ""insurer_address:2 Avenida Central"", ""via"": null, ""value"": null, ""timestamp"": ""2024-07-29 00:00:00""}, {""connected_to"": ""insurer_license_plate:KI9599"", ""via"": null, ""value"": null, ""timestamp"": ""2024-07-29 00:00:00""}, {""connected_to"": ""insurer_email:insured_168@mail.com"", ""via"": null, ""value"": null, ""timestamp"": ""2024-07-29 00:00:00""}]",0.016203703703703703,2.06588987776788,0,0,0,0,0,0,0,20,54,34,79,70,16,35,43
2.869565217391304,0,0.0273449135419017,2024-07-29,593855ae,0,0.22497420020639836,437,"[{""connected_to"": ""insurer_phone_number:600997261"", ""via"": null, ""value"": null, ""timestamp"": ""2024-07-29 00:00:00""}, {""connected_to"": ""repair_shop:repair_11"", ""via"": null, ""value"": null, ""timestamp"": ""2024-07-29 00:00:00""}, {""connected_to"": ""insurer_address:11 Avenida Central"", ""via"": null, ""value"": null, ""timestamp"": ""2024-07-29 00:00:00""}, {""connected_to"": ""bank_account:ES64784211"", ""via"": null, ""value"": null, ""timestamp"": ""2024-07-29 00:00:00""}, {""connected_to"": ""insurer_license_plate:PI8769"", ""via"": null, ""value"": null, ""timestamp"": ""2024-07-29 00:00:00""}, {""connected_to"": ""insurer_email:insured_72@mail.com"", ""via"": null, ""value"": null, ""timestamp"": ""2024-07-29 00:00:00""}, {""connected_to"": ""claim_location:Zone_24"", ""via"": null, ""value"": null, ""timestamp"": ""2024-07-29 00:00:00""}]",0.016055045871559634,2.065406034463348,0,0,0,0,0,0,0,20,55,34,80,71,16,35,43
2.888382687927107,0,0.019579306346626687,2024-07-29,8379280e,0,0.21210653753026634,439,"[{""connected_to"": ""bank_account:ES38273233"", ""via"": null, ""value"": null, ""timestamp"": ""2024-07-29 00:00:00""}, {""connected_to"": ""insurer_phone_number:600354258"", ""via"": null, ""value"": null, ""timestamp"": ""2024-07-29 00:00:00""}, {""connected_to"": ""claim_location:Zone_67"", ""via"": null, ""value"": null, ""timestamp"": ""2024-07-29 00:00:00""}, {""connected_to"": ""repair_shop:repair_24"", ""via"": null, ""value"": null, ""timestamp"": ""2024-07-29 00:00:00""}, {""connected_to"": ""insurer_address:1 Avenida Central"", ""via"": null, ""value"": null, ""timestamp"": ""2024-07-29 00:00:00""}, {""connected_to"": ""insurer_email:insured_37@mail.com"", ""via"": null, ""value"": null, ""timestamp"": ""2024-07-29 00:00:00""}, {""connected_to"": ""insurer_license_plate:MB2757"", ""via"": null, ""value"": null, ""timestamp"": ""2024-07-29 00:00:00""}]",0.01598173515981735,2.0649231153861747,0,0,0,0,0,0,0,20,55,34,80,72,16,35,43
2.9049773755656108,0,0.03454703715393023,2024-07-29,a0e2a79f,0,0.23570283270978087,442,"[{""connected_to"": ""bank_account:ES29088754"", ""via"": null, ""value"": null, ""timestamp"": ""2024-07-29 00:00:00""}, {""connected_to"": ""insurer_address:15 Avenida Central"", ""via"": null, ""value"": null, ""timestamp"": ""2024-07-29 00:00:00""}, {""connected_to"": ""insurer_phone_number:600664650"", ""via"": null, ""value"": null, ""timestamp"": ""2024-07-29 00:00:00""}, {""connected_to"": ""insurer_license_plate:DG3242"", ""via"": null, ""value"": null, ""timestamp"": ""2024-07-29 00:00:00""}, {""connected_to"": ""insurer_email:insured_136@mail.com"", ""via"": null, ""value"": null, ""timestamp"": ""2024-07-29 00:00:00""}, {""connected_to"": ""third_party_license_plate:KC8145"", ""via"": null, ""value"": null, ""timestamp"": ""2024-07-29 00:00:00""}, {""connected_to"": ""repair_shop:repair_36"", ""via"": null, ""value"": null, ""timestamp"": ""2024-07-29 00:00:00""}, {""connected_to"": ""claim_location:Zone_31"", ""via"": null, ""value"": null, ""timestamp"": ""2024-07-29 00:00:00""}]",0.018140589569160998,2.0653134829857382,0,0,0,0,0,0,0,20,56,34,80,72,16,36,43
2.9168539325842695,0,0.024221286535358003,2024-07-29,e854cd62,0,0.21969322117763485,445,"[{""connected_to"": ""insurer_phone_number:600596153"", ""via"": null, ""value"": null, ""timestamp"": ""2024-07-29 00:00:00""}, {""connected_to"": ""bank_account:ES97868719"", ""via"": null, ""value"": null, ""timestamp"": ""2024-07-29 00:00:00""}, {""connected_to"": ""insurer_address:22 Avenida Central"", ""via"": null, ""value"": null, ""timestamp"": ""2024-07-29 00:00:00""}, {""connected_to"": ""repair_shop:repair_18"", ""via"": null, ""value"": null, ""timestamp"": ""2024-07-29 00:00:00""}, {""connected_to"": ""claim_location:Zone_43"", ""via"": null, ""value"": null, ""timestamp"": ""2024-07-29 00:00:00""}, {""connected_to"": ""insurer_license_plate:CC7994"", ""via"": null, ""value"": null, ""timestamp"": ""2024-07-29 00:00:00""}, {""connected_to"": ""insurer_email:insured_16@mail.com"", ""via"": null, ""value"": null, ""timestamp"": ""2024-07-29 00:00:00""}]",0.015765765765765764,2.064841022366672,0,0,0,0,0,0,0,20,56,34,81,73,16,36,43
2.9285714285714284,0,0.03298092064045905,2024-07-29,ed782d93,0,0.2407108239095315,448,"[{""connected_to"": ""insurer_phone_number:600596153"", ""via"": null, ""value"": null, ""timestamp"": ""2024-07-29 00:00:00""}, {""connected_to"": ""bank_account:ES42953246"", ""via"": null, ""value"": null, ""timestamp"": ""2024-07-29 00:00:00""}, {""connected_to"": ""insurer_license_plate:PD7111"", ""via"": null, ""value"": null, ""timestamp"": ""2024-07-29 00:00:00""}, {""connected_to"": ""claim_location:Zone_70"", ""via"": null, ""value"": null, ""timestamp"": ""2024-07-29 00:00:00""}, {""connected_to"": ""repair_shop:repair_17"", ""via"": null, ""value"": null, ""timestamp"": ""2024-07-29 00:00:00""}, {""connected_to"": ""insurer_email:insured_192@mail.com"", ""via"": null, ""value"": null, ""timestamp"": ""2024-07-29 00:00:00""}, {""connected_to"": ""insurer_address:21 Avenida Central"", ""via"": null, ""value"": null, ""timestamp"": ""2024-07-29 00:00:00""}]",0.015659955257270694,2.064369658546202,0,0,0,0,0,0,0,20,56,35,82,73,16,36,43
2.931567328918322,0,0.027988152504945765,2024-07-30,1238c8f5,0,0.22566150773839241,453,"[{""connected_to"": ""insurer_phone_number:600664650"", ""via"": null, ""value"": null, ""timestamp"": ""2024-07-30 00:00:00""}, {""connected_to"": ""bank_account:ES12961077"", ""via"": null, ""value"": null, ""timestamp"": ""2024-07-30 00:00:00""}, {""connected_to"": ""claim_location:Zone_34"", ""via"": null, ""value"": null, ""timestamp"": ""2024-07-30 00:00:00""}, {""connected_to"": ""insurer_address:37 Avenida Central"", ""via"": null, ""value"": null, ""timestamp"": ""2024-07-30 00:00:00""}, {""connected_to"": ""insurer_license_plate:BA4722"", ""via"": null, ""value"": null, ""timestamp"": ""2024-07-30 00:00:00""}, {""connected_to"": ""insurer_email:insured_194@mail.com"", ""via"": null, ""value"": null, ""timestamp"": ""2024-07-30 00:00:00""}, {""connected_to"": ""repair_shop:repair_37"", ""via"": null, ""value"": null, ""timestamp"": ""2024-07-30 00:00:00""}, {""connected_to"": ""third_party_license_plate:OF5903"", ""via"": null, ""value"": null, ""timestamp"": ""2024-07-30 00:00:00""}]",0.017699115044247787,2.064762381039455,0,0,0,0,0,0,0,20,56,35,83,74,16,37,44
2.9409190371991247,0,0.023155888529237962,2024-07-31,26e7f538,0,0.20975160993560257,457,"[{""connected_to"": ""bank_account:ES71007570"", ""via"": null, ""value"": null, ""timestamp"": ""2024-07-31 00:00:00""}, {""connected_to"": ""insurer_address:38 Avenida Central"", ""via"": null, ""value"": null, ""timestamp"": ""2024-07-31 00:00:00""}, {""connected_to"": ""insurer_phone_number:600768374"", ""via"": null, ""value"": null, ""timestamp"": ""2024-07-31 00:00:00""}, {""connected_to"": ""claim_location:Zone_22"", ""via"": null, ""value"": null, ""timestamp"": ""2024-07-31 00:00:00""}, {""connected_to"": ""repair_shop:repair_29"", ""via"": null, ""value"": null, ""timestamp"": ""2024-07-31 00:00:00""}, {""connected_to"": ""insurer_license_plate:NI8555"", ""via"": null, ""value"": null, ""timestamp"": ""2024-07-31 00:00:00""}, {""connected_to"": ""insurer_email:insured_15@mail.com"", ""via"": null, ""value"": null, ""timestamp"": ""2024-07-31 00:00:00""}, {""connected_to"": ""third_party_license_plate:AP1093"", ""via"": null, ""value"": null, ""timestamp"": ""2024-07-31 00:00:00""}]",0.017543859649122806,2.0651398093467455,0,0,0,0,0,0,0,20,56,35,84,75,16,37,45
2.9565217391304346,0,0.039257166814188824,2024-07-31,5baa7dfc,0,0.23856548856548856,460,"[{""connected_to"": ""insurer_address:18 Avenida Central"", ""via"": null, ""value"": null, ""timestamp"": ""2024-07-31 00:00:00""}, {""connected_to"": ""bank_account:ES87084490"", ""via"": null, ""value"": null, ""timestamp"": ""2024-07-31 00:00:00""}, {""connected_to"": ""insurer_phone_number:600446081"", ""via"": null, ""value"": null, ""timestamp"": ""2024-07-31 00:00:00""}, {""connected_to"": ""claim_location:Zone_50"", ""via"": null, ""value"": null, ""timestamp"": ""2024-07-31 00:00:00""}, {""connected_to"": ""repair_shop:repair_9"", ""via"": null, ""value"": null, ""timestamp"": ""2024-07-31 00:00:00""}, {""connected_to"": ""insurer_email:insured_187@mail.com"", ""via"": null, ""value"": null, ""timestamp"": ""2024-07-31 00:00:00""}, {""connected_to"": ""insurer_license_plate:CN1110"", ""via"": null, ""value"": null, ""timestamp"": ""2024-07-31 00:00:00""}, {""connected_to"": ""third_party_license_plate:KO6483"", ""via"": null, ""value"": null, ""timestamp"": ""2024-07-31 00:00:00""}]",0.017429193899782137,2.0655027355532787,0,0,0,0,0,0,0,20,56,35,84,76,16,37,46
2.961206896551724,0,0.021563942265796977,2024-07-31,5e9d92cf,0,0.2066041945560018,464,"[{""connected_to"": ""insurer_address:31 Avenida Central"", ""via"": null, ""value"": null, ""timestamp"": ""2024-07-31 00:00:00""}, {""connected_to"": ""bank_account:ES14234477"", ""via"": null, ""value"": null, ""timestamp"": ""2024-07-31 00:00:00""}, {""connected_to"": ""insurer_phone_number:600354258"", ""via"": null, ""value"": null, ""timestamp"": ""2024-07-31 00:00:00""}, {""connected_to"": ""repair_shop:repair_21"", ""via"": null, ""value"": null, ""timestamp"": ""2024-07-31 00:00:00""}, {""connected_to"": ""insurer_license_plate:JL2882"", ""via"": null, ""value"": null, ""timestamp"": ""2024-07-31 00:00:00""}, {""connected_to"": ""insurer_email:insured_120@mail.com"", ""via"": null, ""value"": null, ""timestamp"": ""2024-07-31 00:00:00""}, {""connected_to"": ""claim_location:Zone_27"", ""via"": null, ""value"": null, ""timestamp"": ""2024-07-31 00:00:00""}]",0.01511879049676026,2.0650582282883745,0,0,0,0,0,0,0,20,57,35,85,77,16,37,46
2.9721627408993574,0,0.017446625643448052,2024-07-31,8554a2c8,0,0.207757467677218,467,"[{""connected_to"": ""insurer_phone_number:600826184"", ""via"": null, ""value"": null, ""timestamp"": ""2024-07-31 00:00:00""}, {""connected_to"": ""repair_shop:repair_23"", ""via"": null, ""value"": null, ""timestamp"": ""2024-07-31 00:00:00""}, {""connected_to"": ""bank_account:ES51016557"", ""via"": null, ""value"": null, ""timestamp"": ""2024-07-31 00:00:00""}, {""connected_to"": ""insurer_address:35 Avenida Central"", ""via"": null, ""value"": null, ""timestamp"": ""2024-07-31 00:00:00""}, {""connected_to"": ""claim_location:Zone_47"", ""via"": null, ""value"": null, ""timestamp"": ""2024-07-31 00:00:00""}, {""connected_to"": ""insurer_license_plate:CA9909"", ""via"": null, ""value"": null, ""timestamp"": ""2024-07-31 00:00:00""}, {""connected_to"": ""insurer_email:insured_74@mail.com"", ""via"": null, ""value"": null, ""timestamp"": ""2024-07-31 00:00:00""}]",0.015021459227467811,2.0646146206062435,0,0,0,0,0,0,0,20,57,35,86,78,16,37,46
2.9872340425531916,0,0.025270334722389036,2024-07-31,bdb8cc65,0,0.22822384428223844,470,"[{""connected_to"": ""insurer_license_plate:PD7111"", ""via"": null, ""value"": null, ""timestamp"": ""2024-07-31 00:00:00""}, {""connected_to"": ""insurer_phone_number:600379103"", ""via"": null, ""value"": null, ""timestamp"": ""2024-07-31 00:00:00""}, {""connected_to"": ""bank_account:ES12961077"", ""via"": null, ""value"": null, ""timestamp"": ""2024-07-31 00:00:00""}, {""connected_to"": ""insurer_address:22 Avenida Central"", ""via"": null, ""value"": null, ""timestamp"": ""2024-07-31 00:00:00""}, {""connected_to"": ""claim_location:Zone_15"", ""via"": null, ""value"": null, ""timestamp"": ""2024-07-31 00:00:00""}, {""connected_to"": ""repair_shop:repair_6"", ""via"": null, ""value"": null, ""timestamp"": ""2024-07-31 00:00:00""}, {""connected_to"": ""insurer_email:insured_162@mail.com"", ""via"": null, ""value"": null, ""timestamp"": ""2024-07-31 00:00:00""}, {""connected_to"": ""third_party_license_plate:PI8769"", ""via"": null, ""value"": null, ""timestamp"": ""2024-07-31 00:00:00""}]",0.017057569296375266,2.0649798750917503,0,0,0,0,0,0,0,20,57,35,87,78,16,37,47
2.9957805907172994,0,0.027657072530695038,2024-07-31,d88fa9c6,0,0.2327755905511811,474,"[{""connected_to"": ""insurer_address:5 Avenida Central"", ""via"": null, ""value"": null, ""timestamp"": ""2024-07-31 00:00:00""}, {""connected_to"": ""bank_account:ES67781085"", ""via"": null, ""value"": null, ""timestamp"": ""2024-07-31 00:00:00""}, {""connected_to"": ""insurer_phone_number:600335293"", ""via"": null, ""value"": null, ""timestamp"": ""2024-07-31 00:00:00""}, {""connected_to"": ""repair_shop:repair_27"", ""via"": null, ""value"": null, ""timestamp"": ""2024-07-31 00:00:00""}, {""connected_to"": ""claim_location:Zone_69"", ""via"": null, ""value"": null, ""timestamp"": ""2024-07-31 00:00:00""}, {""connected_to"": ""insurer_license_plate:MF9165"", ""via"": null, ""value"": null, ""timestamp"": ""2024-07-31 00:00:00""}, {""connected_to"": ""insurer_email:insured_62@mail.com"", ""via"": null, ""value"": null, ""timestamp"": ""2024-07-31 00:00:00""}, {""connected_to"": ""third_party_license_plate:NL9999"", ""via"": null, ""value"": null, ""timestamp"": ""2024-07-31 00:00:00""}]",0.016913319238900635,2.065331674120013,0,0,0,0,0,0,0,20,57,35,88,79,16,37,48
