avg_component_degree,bank_account_used_to_connect_claims,betweenness_centrality,claim_date,claim_id,claim_location_used_to_connect_claims,closeness_centrality,component_size,connections_info,degree_centrality,entropy_of_entity_types,insurer_address_used_to_connect_claims,insurer_email_used_to_connect_claims,insurer_license_plate_used_to_connect_claims,insurer_phone_number_used_to_connect_claims,num_shared_entities_with_other_claims,repair_shop_used_to_connect_claims,third_party_license_plate_used_to_connect_claims,unique_bank_accounts_in_component,unique_claim_locations_in_component,unique_insurer_addresss_in_component,unique_insurer_emails_in_component,unique_insurer_license_plates_in_component,unique_insurer_phone_numbers_in_component,unique_repair_shops_in_component,unique_third_party_license_plates_in_component
0.0,0,0.0,2024-06-27,90a7e45b,0,0.0,1,[],1.0,0,0,0,0,0,0,0,0,1,1,1,1,1,1,1,0
1.0,0,0.0,2024-06-28,3dbeee40,0,1.0,2,"[{""connected_to"": ""90a7e45b"", ""via"": ""insurer_phone_number"", ""value"": 600904155, ""timestamp"": ""2024-06-28 00:00:00""}]",1.0,0,0,0,0,1,1,0,0,2,2,2,2,2,1,2,0
0.0,0,0.0,2024-06-28,c06aa294,0,0.0,1,[],1.0,0,0,0,0,0,0,0,0,1,1,1,1,1,1,1,1
0.0,0,0.0,2024-06-29,a2cef4f7,0,0.0,1,[],1.0,0,0,0,0,0,0,0,0,1,1,1,1,1,1,1,1
0.0,0,0.0,2024-06-30,b40777f6,0,0.0,1,[],1.0,0,0,0,0,0,0,0,0,1,1,1,1,1,1,1,1
0.0,0,0.0,2024-07-01,4f111138,0,0.0,1,[],1.0,0,0,0,0,0,0,0,0,1,1,1,1,1,1,1,1
0.0,0,0.0,2024-07-01,dbfb58bf,0,0.0,1,[],1.0,0,0,0,0,0,0,0,0,1,1,1,1,1,1,1,1
1.0,0,0.0,2024-07-02,b08e7bfd,0,1.0,2,"[{""connected_to"": ""a2cef4f7"", ""via"": ""insurer_address"", ""value"": ""23 Avenida Central"", ""timestamp"": ""2024-07-02 00:00:00""}]",1.0,0,1,0,0,0,1,0,0,2,2,1,2,2,2,2,1
1.6666666666666667,0,0.0,2024-07-03,1028b1e7,0,0.3333333333333333,6,"[{""connected_to"": ""48734acd"", ""via"": ""repair_shop"", ""value"": ""repair_13"", ""timestamp"": ""2024-07-03 00:00:00""}]",0.2,0,0,0,0,0,5,1,0,5,6,5,6,6,4,5,2
1.6666666666666667,0,0.4,2024-07-03,48734acd,0,0.45454545454545453,6,"[{""connected_to"": ""1028b1e7"", ""via"": ""repair_shop"", ""value"": ""repair_13"", ""timestamp"": ""2024-07-03 00:00:00""}, {""connected_to"": ""dbfb58bf"", ""via"": ""insurer_phone_number"", ""value"": 600335293, ""timestamp"": ""2024-07-03 00:00:00""}]",0.4,0,0,0,0,1,5,1,0,5,6,5,6,6,4,5,2
1.6666666666666667,1,0.6000000000000001,2024-07-03,a4b96898,0,0.5555555555555556,6,"[{""connected_to"": ""a2cef4f7"", ""via"": ""insurer_phone_number"", ""value"": 600446081, ""timestamp"": ""2024-07-03 00:00:00""}, {""connected_to"": ""dbfb58bf"", ""via"": ""bank_account"", ""value"": ""ES54532647"", ""timestamp"": ""2024-07-03 00:00:00""}]",0.4,0,0,0,0,1,5,0,0,5,6,5,6,6,4,5,2
0.0,0,0.0,2024-07-03,d8033cc3,0,0.0,1,[],1.0,0,0,0,0,0,0,0,0,1,1,1,1,1,1,1,0
1.3333333333333333,1,0.0,2024-07-03,dbb83833,0,0.6666666666666666,3,"[{""connected_to"": ""3dbeee40"", ""via"": ""bank_account"", ""value"": ""ES87084490"", ""timestamp"": ""2024-07-03 00:00:00""}]",0.5,0,0,0,0,0,2,0,0,2,3,3,3,3,2,3,0
2.4285714285714284,2,0.5,2024-07-04,a25a1ebb,0,0.5,14,"[{""connected_to"": ""ab824ba6"", ""via"": ""insurer_phone_number"", ""value"": 600335293, ""timestamp"": ""2024-07-04 00:00:00""}, {""connected_to"": ""dbb83833"", ""via"": ""bank_account"", ""value"": ""ES87084490"", ""timestamp"": ""2024-07-04 00:00:00""}, {""connected_to"": ""4f111138"", ""via"": ""repair_shop"", ""value"": ""repair_38"", ""timestamp"": ""2024-07-04 00:00:00""}, {""connected_to"": ""dbfb58bf"", ""via"": ""insurer_phone_number"", ""value"": 600335293, ""timestamp"": ""2024-07-04 00:00:00""}, {""connected_to"": ""48734acd"", ""via"": ""insurer_phone_number"", ""value"": 600335293, ""timestamp"": ""2024-07-04 00:00:00""}, {""connected_to"": ""3dbeee40"", ""via"": ""bank_account"", ""value"": ""ES87084490"", ""timestamp"": ""2024-07-04 00:00:00""}]",0.46153846153846156,0,0,0,0,3,10,1,0,11,13,12,14,13,9,11,7
2.4285714285714284,0,0.0,2024-07-04,ab824ba6,0,0.43333333333333335,14,"[{""connected_to"": ""a25a1ebb"", ""via"": ""insurer_phone_number"", ""value"": 600335293, ""timestamp"": ""2024-07-04 00:00:00""}, {""connected_to"": ""dbfb58bf"", ""via"": ""insurer_phone_number"", ""value"": 600335293, ""timestamp"": ""2024-07-04 00:00:00""}, {""connected_to"": ""48734acd"", ""via"": ""insurer_phone_number"", ""value"": 600335293, ""timestamp"": ""2024-07-04 00:00:00""}]",0.23076923076923078,0,0,0,0,3,10,0,0,11,13,12,14,13,9,11,7
2.4285714285714284,0,0.15384615384615385,2024-07-04,b9d5e6dc,1,0.3333333333333333,14,"[{""connected_to"": ""a4b96898"", ""via"": ""claim_location"", ""value"": ""Zone_78"", ""timestamp"": ""2024-07-04 00:00:00""}, {""connected_to"": ""b40777f6"", ""via"": ""insurer_license_plate"", ""value"": ""EL1845"", ""timestamp"": ""2024-07-04 00:00:00""}]",0.15384615384615385,0,0,0,1,0,10,0,0,11,13,12,14,13,9,11,7
4.827586206896552,2,0.038447971781305115,2024-07-06,1b005a35,0,0.358974358974359,29,"[{""connected_to"": ""4cb83c72"", ""via"": ""insurer_address"", ""value"": ""34 Avenida Central"", ""timestamp"": ""2024-07-06 00:00:00""}, {""connected_to"": ""5d452b93"", ""via"": ""bank_account"", ""value"": ""ES67781085"", ""timestamp"": ""2024-07-06 00:00:00""}, {""connected_to"": ""d8033cc3"", ""via"": ""insurer_phone_number"", ""value"": 600664650, ""timestamp"": ""2024-07-06 00:00:00""}, {""connected_to"": ""b40777f6"", ""via"": ""bank_account"", ""value"": ""ES67781085"", ""timestamp"": ""2024-07-06 00:00:00""}]",0.14285714285714285,0,1,0,0,1,30,0,0,16,24,20,29,28,15,21,15
4.827586206896552,3,0.047118291761148894,2024-07-06,2db8cd46,0,0.4444444444444444,29,"[{""connected_to"": ""fc2f929f"", ""via"": ""bank_account"", ""value"": ""ES87084490"", ""timestamp"": ""2024-07-06 00:00:00""}, {""connected_to"": ""b9d5e6dc"", ""via"": ""insurer_phone_number"", ""value"": 600621704, ""timestamp"": ""2024-07-06 00:00:00""}, {""connected_to"": ""3dbeee40"", ""via"": ""insurer_address"", ""value"": ""5 Avenida Central"", ""timestamp"": ""2024-07-06 00:00:00""}, {""connected_to"": ""51ef5249"", ""via"": ""insurer_address"", ""value"": ""5 Avenida Central"", ""timestamp"": ""2024-07-06 00:00:00""}, {""connected_to"": ""a25a1ebb"", ""via"": ""bank_account"", ""value"": ""ES87084490"", ""timestamp"": ""2024-07-06 00:00:00""}, {""connected_to"": ""dbb83833"", ""via"": ""bank_account"", ""value"": ""ES87084490"", ""timestamp"": ""2024-07-06 00:00:00""}]",0.21428571428571427,0,2,0,0,1,30,0,0,16,24,20,29,28,15,21,15
4.827586206896552,1,0.07444885361552027,2024-07-06,4c287ede,1,0.4307692307692308,29,"[{""connected_to"": ""3dbeee40"", ""via"": ""claim_location"", ""value"": ""Zone_12"", ""timestamp"": ""2024-07-06 00:00:00""}, {""connected_to"": ""1028b1e7"", ""via"": ""insurer_phone_number"", ""value"": 600596153, ""timestamp"": ""2024-07-06 00:00:00""}, {""connected_to"": ""90a7e45b"", ""via"": ""insurer_address"", ""value"": ""18 Avenida Central"", ""timestamp"": ""2024-07-06 00:00:00""}, {""connected_to"": ""d8033cc3"", ""via"": ""bank_account"", ""value"": ""ES42953246"", ""timestamp"": ""2024-07-06 00:00:00""}, {""connected_to"": ""7c9666a8"", ""via"": ""insurer_address"", ""value"": ""18 Avenida Central"", ""timestamp"": ""2024-07-06 00:00:00""}]",0.17857142857142855,0,2,0,0,1,30,0,0,16,24,20,29,28,15,21,15
4.827586206896552,0,0.01820987654320988,2024-07-06,4cb83c72,0,0.36363636363636365,29,"[{""connected_to"": ""1b005a35"", ""via"": ""insurer_address"", ""value"": ""34 Avenida Central"", ""timestamp"": ""2024-07-06 00:00:00""}, {""connected_to"": ""5adc9a25"", ""via"": ""insurer_phone_number"", ""value"": 600809302, ""timestamp"": ""2024-07-06 00:00:00""}]",0.07142857142857142,0,1,0,0,1,30,0,0,16,24,20,29,28,15,21,15
4.827586206896552,0,0.07260015117157972,2024-07-06,51ef5249,1,0.4666666666666667,29,"[{""connected_to"": ""7634221b"", ""via"": ""repair_shop"", ""value"": ""repair_23"", ""timestamp"": ""2024-07-06 00:00:00""}, {""connected_to"": ""3dbeee40"", ""via"": ""insurer_address"", ""value"": ""5 Avenida Central"", ""timestamp"": ""2024-07-06 00:00:00""}, {""connected_to"": ""dbfb58bf"", ""via"": ""insurer_phone_number"", ""value"": 600335293, ""timestamp"": ""2024-07-06 00:00:00""}, {""connected_to"": ""2db8cd46"", ""via"": ""insurer_address"", ""value"": ""5 Avenida Central"", ""timestamp"": ""2024-07-06 00:00:00""}, {""connected_to"": ""7c9666a8"", ""via"": ""claim_location"", ""value"": ""Zone_45"", ""timestamp"": ""2024-07-06 00:00:00""}, {""connected_to"": ""ab824ba6"", ""via"": ""insurer_phone_number"", ""value"": 600335293, ""timestamp"": ""2024-07-06 00:00:00""}, {""connected_to"": ""a25a1ebb"", ""via"": ""insurer_phone_number"", ""value"": 600335293, ""timestamp"": ""2024-07-06 00:00:00""}, {""connected_to"": ""48734acd"", ""via"": ""insurer_phone_number"", ""value"": 600335293, ""timestamp"": ""2024-07-06 00:00:00""}]",0.2857142857142857,0,2,0,0,4,30,1,0,16,24,20,29,28,15,21,15
4.827586206896552,4,0.1359158478206097,2024-07-06,5adc9a25,0,0.4827586206896552,29,"[{""connected_to"": ""c06aa294"", ""via"": ""repair_shop"", ""value"": ""repair_32"", ""timestamp"": ""2024-07-06 00:00:00""}, {""connected_to"": ""9849c843"", ""via"": ""bank_account"", ""value"": ""ES82859036"", ""timestamp"": ""2024-07-06 00:00:00""}, {""connected_to"": ""4cb83c72"", ""via"": ""insurer_phone_number"", ""value"": 600809302, ""timestamp"": ""2024-07-06 00:00:00""}, {""connected_to"": ""1028b1e7"", ""via"": ""bank_account"", ""value"": ""ES82859036"", ""timestamp"": ""2024-07-06 00:00:00""}, {""connected_to"": ""7c9666a8"", ""via"": ""bank_account"", ""value"": ""ES82859036"", ""timestamp"": ""2024-07-06 00:00:00""}, {""connected_to"": ""48734acd"", ""via"": ""insurer_address"", ""value"": ""16 Avenida Central"", ""timestamp"": ""2024-07-06 00:00:00""}, {""connected_to"": ""f28e3ec7"", ""via"": ""bank_account"", ""value"": ""ES82859036"", ""timestamp"": ""2024-07-06 00:00:00""}]",0.25,0,1,0,0,1,30,1,0,16,24,20,29,28,15,21,15
4.827586206896552,2,0.02946586041824136,2024-07-06,5d452b93,1,0.36363636363636365,29,"[{""connected_to"": ""c06aa294"", ""via"": ""claim_location"", ""value"": ""Zone_55"", ""timestamp"": ""2024-07-06 00:00:00""}, {""connected_to"": ""7efe7072"", ""via"": ""insurer_phone_number"", ""value"": 600768374, ""timestamp"": ""2024-07-06 00:00:00""}, {""connected_to"": ""1b005a35"", ""via"": ""bank_account"", ""value"": ""ES67781085"", ""timestamp"": ""2024-07-06 00:00:00""}, {""connected_to"": ""b40777f6"", ""via"": ""bank_account"", ""value"": ""ES67781085"", ""timestamp"": ""2024-07-06 00:00:00""}]",0.14285714285714285,0,0,0,0,1,30,0,0,16,24,20,29,28,15,21,15
4.827586206896552,2,0.02052154195011338,2024-07-06,7634221b,0,0.4,29,"[{""connected_to"": ""a4b96898"", ""via"": ""bank_account"", ""value"": ""ES54532647"", ""timestamp"": ""2024-07-06 00:00:00""}, {""connected_to"": ""51ef5249"", ""via"": ""repair_shop"", ""value"": ""repair_23"", ""timestamp"": ""2024-07-06 00:00:00""}, {""connected_to"": ""dbfb58bf"", ""via"": ""bank_account"", ""value"": ""ES54532647"", ""timestamp"": ""2024-07-06 00:00:00""}, {""connected_to"": ""dbb83833"", ""via"": ""insurer_phone_number"", ""value"": 600997261, ""timestamp"": ""2024-07-06 00:00:00""}]",0.14285714285714285,0,0,0,0,1,30,1,0,16,24,20,29,28,15,21,15
4.827586206896552,4,0.09489480977576216,2024-07-06,7c9666a8,1,0.5,29,"[{""connected_to"": ""51ef5249"", ""via"": ""claim_location"", ""value"": ""Zone_45"", ""timestamp"": ""2024-07-06 00:00:00""}, {""connected_to"": ""1028b1e7"", ""via"": ""bank_account"", ""value"": ""ES82859036"", ""timestamp"": ""2024-07-06 00:00:00""}, {""connected_to"": ""90a7e45b"", ""via"": ""insurer_address"", ""value"": ""18 Avenida Central"", ""timestamp"": ""2024-07-06 00:00:00""}, {""connected_to"": ""9849c843"", ""via"": ""bank_account"", ""value"": ""ES82859036"", ""timestamp"": ""2024-07-06 00:00:00""}, {""connected_to"": ""4c287ede"", ""via"": ""insurer_address"", ""value"": ""18 Avenida Central"", ""timestamp"": ""2024-07-06 00:00:00""}, {""connected_to"": ""5adc9a25"", ""via"": ""bank_account"", ""value"": ""ES82859036"", ""timestamp"": ""2024-07-06 00:00:00""}, {""connected_to"": ""f28e3ec7"", ""via"": ""bank_account"", ""value"": ""ES82859036"", ""timestamp"": ""2024-07-06 00:00:00""}]",0.25,0,2,0,0,0,30,0,0,16,24,20,29,28,15,21,15
4.827586206896552,0,0.02277651801461325,2024-07-06,7efe7072,0,0.4,29,"[{""connected_to"": ""b9d5e6dc"", ""via"": ""repair_shop"", ""value"": ""repair_7"", ""timestamp"": ""2024-07-06 00:00:00""}, {""connected_to"": ""5d452b93"", ""via"": ""insurer_phone_number"", ""value"": 600768374, ""timestamp"": ""2024-07-06 00:00:00""}, {""connected_to"": ""f28e3ec7"", ""via"": ""repair_shop"", ""value"": ""repair_7"", ""timestamp"": ""2024-07-06 00:00:00""}]",0.10714285714285714,0,0,0,0,1,30,2,0,16,24,20,29,28,15,21,15
4.827586206896552,3,0.039606953892668176,2024-07-06,9849c843,0,0.4444444444444444,29,"[{""connected_to"": ""a4b96898"", ""via"": ""insurer_phone_number"", ""value"": 600446081, ""timestamp"": ""2024-07-06 00:00:00""}, {""connected_to"": ""5adc9a25"", ""via"": ""bank_account"", ""value"": ""ES82859036"", ""timestamp"": ""2024-07-06 00:00:00""}, {""connected_to"": ""a2cef4f7"", ""via"": ""insurer_phone_number"", ""value"": 600446081, ""timestamp"": ""2024-07-06 00:00:00""}, {""connected_to"": ""1028b1e7"", ""via"": ""bank_account"", ""value"": ""ES82859036"", ""timestamp"": ""2024-07-06 00:00:00""}, {""connected_to"": ""7c9666a8"", ""via"": ""bank_account"", ""value"": ""ES82859036"", ""timestamp"": ""2024-07-06 00:00:00""}, {""connected_to"": ""f28e3ec7"", ""via"": ""insurer_phone_number"", ""value"": 600446081, ""timestamp"": ""2024-07-06 00:00:00""}]",0.21428571428571427,0,0,0,0,3,30,0,0,16,24,20,29,28,15,21,15
4.827586206896552,3,0.12243323255228017,2024-07-06,f28e3ec7,0,0.49122807017543857,29,"[{""connected_to"": ""a4b96898"", ""via"": ""insurer_phone_number"", ""value"": 600446081, ""timestamp"": ""2024-07-06 00:00:00""}, {""connected_to"": ""b9d5e6dc"", ""via"": ""repair_shop"", ""value"": ""repair_7"", ""timestamp"": ""2024-07-06 00:00:00""}, {""connected_to"": ""a2cef4f7"", ""via"": ""insurer_phone_number"", ""value"": 600446081, ""timestamp"": ""2024-07-06 00:00:00""}, {""connected_to"": ""1028b1e7"", ""via"": ""bank_account"", ""value"": ""ES82859036"", ""timestamp"": ""2024-07-06 00:00:00""}, {""connected_to"": ""7efe7072"", ""via"": ""repair_shop"", ""value"": ""repair_7"", ""timestamp"": ""2024-07-06 00:00:00""}, {""connected_to"": ""7c9666a8"", ""via"": ""bank_account"", ""value"": ""ES82859036"", ""timestamp"": ""2024-07-06 00:00:00""}, {""connected_to"": ""9849c843"", ""via"": ""insurer_phone_number"", ""value"": 600446081, ""timestamp"": ""2024-07-06 00:00:00""}, {""connected_to"": ""5adc9a25"", ""via"": ""bank_account"", ""value"": ""ES82859036"", ""timestamp"": ""2024-07-06 00:00:00""}]",0.2857142857142857,0,0,0,0,3,30,2,0,16,24,20,29,28,15,21,15
4.827586206896552,4,0.06069853867472915,2024-07-06,fc2f929f,0,0.417910447761194,29,"[{""connected_to"": ""2db8cd46"", ""via"": ""bank_account"", ""value"": ""ES87084490"", ""timestamp"": ""2024-07-06 00:00:00""}, {""connected_to"": ""3dbeee40"", ""via"": ""bank_account"", ""value"": ""ES87084490"", ""timestamp"": ""2024-07-06 00:00:00""}, {""connected_to"": ""a25a1ebb"", ""via"": ""bank_account"", ""value"": ""ES87084490"", ""timestamp"": ""2024-07-06 00:00:00""}, {""connected_to"": ""b40777f6"", ""via"": ""repair_shop"", ""value"": ""repair_30"", ""timestamp"": ""2024-07-06 00:00:00""}, {""connected_to"": ""dbb83833"", ""via"": ""bank_account"", ""value"": ""ES87084490"", ""timestamp"": ""2024-07-06 00:00:00""}]",0.17857142857142855,0,0,0,0,0,30,1,0,16,24,20,29,28,15,21,15
6.315789473684211,0,0.01921813588480255,2024-07-07,0146fadf,1,0.44047619047619047,38,"[{""connected_to"": ""fc2f929f"", ""via"": ""insurer_phone_number"", ""value"": 600379103, ""timestamp"": ""2024-07-07 00:00:00""}, {""connected_to"": ""5adc9a25"", ""via"": ""insurer_address"", ""value"": ""16 Avenida Central"", ""timestamp"": ""2024-07-07 00:00:00""}, {""connected_to"": ""1028b1e7"", ""via"": ""claim_location"", ""value"": ""Zone_20"", ""timestamp"": ""2024-07-07 00:00:00""}, {""connected_to"": ""dbb83833"", ""via"": ""repair_shop"", ""value"": ""repair_28"", ""timestamp"": ""2024-07-07 00:00:00""}, {""connected_to"": ""48734acd"", ""via"": ""insurer_address"", ""value"": ""16 Avenida Central"", ""timestamp"": ""2024-07-07 00:00:00""}]",0.13513513513513514,0,2,0,0,1,50,1,0,17,30,23,38,36,16,23,19
6.315789473684211,3,0.050056604223270885,2024-07-07,11c352f3,1,0.5138888888888888,38,"[{""connected_to"": ""7efe7072"", ""via"": ""repair_shop"", ""value"": ""repair_7"", ""timestamp"": ""2024-07-07 00:00:00""}, {""connected_to"": ""b9d5e6dc"", ""via"": ""repair_shop"", ""value"": ""repair_7"", ""timestamp"": ""2024-07-07 00:00:00""}, {""connected_to"": ""4c287ede"", ""via"": ""bank_account"", ""value"": ""ES42953246"", ""timestamp"": ""2024-07-07 00:00:00""}, {""connected_to"": ""d8033cc3"", ""via"": ""bank_account"", ""value"": ""ES42953246"", ""timestamp"": ""2024-07-07 00:00:00""}, {""connected_to"": ""b40777f6"", ""via"": ""insurer_address"", ""value"": ""15 Avenida Central"", ""timestamp"": ""2024-07-07 00:00:00""}, {""connected_to"": ""4cdc9102"", ""via"": ""bank_account"", ""value"": ""ES42953246"", ""timestamp"": ""2024-07-07 00:00:00""}, {""connected_to"": ""48734acd"", ""via"": ""claim_location"", ""value"": ""Zone_4"", ""timestamp"": ""2024-07-07 00:00:00""}, {""connected_to"": ""f28e3ec7"", ""via"": ""repair_shop"", ""value"": ""repair_7"", ""timestamp"": ""2024-07-07 00:00:00""}]",0.21621621621621623,0,1,0,0,0,50,3,0,17,30,23,38,36,16,23,19
6.315789473684211,3,0.0680713451546785,2024-07-07,4cdc9102,0,0.5362318840579711,38,"[{""connected_to"": ""4c287ede"", ""via"": ""bank_account"", ""value"": ""ES42953246"", ""timestamp"": ""2024-07-07 00:00:00""}, {""connected_to"": ""b08e7bfd"", ""via"": ""repair_shop"", ""value"": ""repair_12"", ""timestamp"": ""2024-07-07 00:00:00""}, {""connected_to"": ""dbfb58bf"", ""via"": ""insurer_phone_number"", ""value"": 600335293, ""timestamp"": ""2024-07-07 00:00:00""}, {""connected_to"": ""51ef5249"", ""via"": ""insurer_phone_number"", ""value"": 600335293, ""timestamp"": ""2024-07-07 00:00:00""}, {""connected_to"": ""ab824ba6"", ""via"": ""insurer_phone_number"", ""value"": 600335293, ""timestamp"": ""2024-07-07 00:00:00""}, {""connected_to"": ""a25a1ebb"", ""via"": ""insurer_phone_number"", ""value"": 600335293, ""timestamp"": ""2024-07-07 00:00:00""}, {""connected_to"": ""d8033cc3"", ""via"": ""bank_account"", ""value"": ""ES42953246"", ""timestamp"": ""2024-07-07 00:00:00""}, {""connected_to"": ""5257a996"", ""via"": ""repair_shop"", ""value"": ""repair_12"", ""timestamp"": ""2024-07-07 00:00:00""}, {""connected_to"": ""11c352f3"", ""via"": ""bank_account"", ""value"": ""ES42953246"", ""timestamp"": ""2024-07-07 00:00:00""}, {""connected_to"": ""48734acd"", ""via"": ""insurer_phone_number"", ""value"": 600335293, ""timestamp"": ""2024-07-07 00:00:00""}]",0.2702702702702703,0,0,0,0,5,50,2,0,17,30,23,38,36,16,23,19
6.315789473684211,1,0.018265884932551595,2024-07-07,5257a996,0,0.45121951219512196,38,"[{""connected_to"": ""b9d5e6dc"", ""via"": ""bank_account"", ""value"": ""ES73593231"", ""timestamp"": ""2024-07-07 00:00:00""}, {""connected_to"": ""7634221b"", ""via"": ""insurer_phone_number"", ""value"": 600997261, ""timestamp"": ""2024-07-07 00:00:00""}, {""connected_to"": ""b08e7bfd"", ""via"": ""repair_shop"", ""value"": ""repair_12"", ""timestamp"": ""2024-07-07 00:00:00""}, {""connected_to"": ""4cdc9102"", ""via"": ""repair_shop"", ""value"": ""repair_12"", ""timestamp"": ""2024-07-07 00:00:00""}, {""connected_to"": ""dbb83833"", ""via"": ""insurer_phone_number"", ""value"": 600997261, ""timestamp"": ""2024-07-07 00:00:00""}]",0.13513513513513514,0,0,0,0,2,50,2,0,17,30,23,38,36,16,23,19
6.315789473684211,1,0.05394620811287476,2024-07-07,709da1d8,1,0.46835443037974683,38,"[{""connected_to"": ""7634221b"", ""via"": ""claim_location"", ""value"": ""Zone_9"", ""timestamp"": ""2024-07-07 00:00:00""}, {""connected_to"": ""1b005a35"", ""via"": ""insurer_phone_number"", ""value"": 600664650, ""timestamp"": ""2024-07-07 00:00:00""}, {""connected_to"": ""4cb83c72"", ""via"": ""repair_shop"", ""value"": ""repair_25"", ""timestamp"": ""2024-07-07 00:00:00""}, {""connected_to"": ""ab824ba6"", ""via"": ""insurer_license_plate"", ""value"": ""PD7111"", ""timestamp"": ""2024-07-07 00:00:00""}, {""connected_to"": ""d8033cc3"", ""via"": ""insurer_phone_number"", ""value"": 600664650, ""timestamp"": ""2024-07-07 00:00:00""}, {""connected_to"": ""71d88f8f"", ""via"": ""insurer_phone_number"", ""value"": 600664650, ""timestamp"": ""2024-07-07 00:00:00""}, {""connected_to"": ""deb6383f"", ""via"": ""bank_account"", ""value"": ""ES54795355"", ""timestamp"": ""2024-07-07 00:00:00""}]",0.1891891891891892,0,0,0,1,3,50,1,0,17,30,23,38,36,16,23,19
6.315789473684211,1,0.017959626292959628,2024-07-07,71d88f8f,0,0.44047619047619047,38,"[{""connected_to"": ""1b005a35"", ""via"": ""insurer_phone_number"", ""value"": 600664650, ""timestamp"": ""2024-07-07 00:00:00""}, {""connected_to"": ""a2cef4f7"", ""via"": ""bank_account"", ""value"": ""ES42901579"", ""timestamp"": ""2024-07-07 00:00:00""}, {""connected_to"": ""d8033cc3"", ""via"": ""insurer_phone_number"", ""value"": 600664650, ""timestamp"": ""2024-07-07 00:00:00""}, {""connected_to"": ""709da1d8"", ""via"": ""insurer_phone_number"", ""value"": 600664650, ""timestamp"": ""2024-07-07 00:00:00""}, {""connected_to"": ""f28e3ec7"", ""via"": ""insurer_address"", ""value"": ""19 Avenida Central"", ""timestamp"": ""2024-07-07 00:00:00""}]",0.13513513513513514,0,1,0,0,3,50,0,0,17,30,23,38,36,16,23,19
6.315789473684211,1,0.0205518018018018,2024-07-07,7c2166f9,0,0.42045454545454547,38,"[{""connected_to"": ""7efe7072"", ""via"": ""bank_account"", ""value"": ""ES51016557"", ""timestamp"": ""2024-07-07 00:00:00""}, {""connected_to"": ""9849c843"", ""via"": ""insurer_address"", ""value"": ""33 Avenida Central"", ""timestamp"": ""2024-07-07 00:00:00""}, {""connected_to"": ""c9504603"", ""via"": ""insurer_address"", ""value"": ""33 Avenida Central"", ""timestamp"": ""2024-07-07 00:00:00""}, {""connected_to"": ""4f111138"", ""via"": ""insurer_phone_number"", ""value"": 600826184, ""timestamp"": ""2024-07-07 00:00:00""}]",0.10810810810810811,0,2,0,0,1,50,0,0,17,30,23,38,36,16,23,19
6.315789473684211,1,0.04829721496388163,2024-07-07,c9504603,0,0.49333333333333335,38,"[{""connected_to"": ""2db8cd46"", ""via"": ""insurer_phone_number"", ""value"": 600621704, ""timestamp"": ""2024-07-07 00:00:00""}, {""connected_to"": ""b9d5e6dc"", ""via"": ""insurer_phone_number"", ""value"": 600621704, ""timestamp"": ""2024-07-07 00:00:00""}, {""connected_to"": ""9849c843"", ""via"": ""insurer_address"", ""value"": ""33 Avenida Central"", ""timestamp"": ""2024-07-07 00:00:00""}, {""connected_to"": ""dbfb58bf"", ""via"": ""repair_shop"", ""value"": ""repair_33"", ""timestamp"": ""2024-07-07 00:00:00""}, {""connected_to"": ""4cb83c72"", ""via"": ""bank_account"", ""value"": ""ES14234477"", ""timestamp"": ""2024-07-07 00:00:00""}, {""connected_to"": ""7c2166f9"", ""via"": ""insurer_address"", ""value"": ""33 Avenida Central"", ""timestamp"": ""2024-07-07 00:00:00""}, {""connected_to"": ""ab824ba6"", ""via"": ""repair_shop"", ""value"": ""repair_33"", ""timestamp"": ""2024-07-07 00:00:00""}]",0.1891891891891892,0,2,0,0,2,50,2,0,17,30,23,38,36,16,23,19
6.315789473684211,2,0.016178678678678678,2024-07-07,deb6383f,0,0.4065934065934066,38,"[{""connected_to"": ""b08e7bfd"", ""via"": ""insurer_phone_number"", ""value"": 600432795, ""timestamp"": ""2024-07-07 00:00:00""}, {""connected_to"": ""ab824ba6"", ""via"": ""bank_account"", ""value"": ""ES54795355"", ""timestamp"": ""2024-07-07 00:00:00""}, {""connected_to"": ""709da1d8"", ""via"": ""bank_account"", ""value"": ""ES54795355"", ""timestamp"": ""2024-07-07 00:00:00""}, {""connected_to"": ""4f111138"", ""via"": ""insurer_address"", ""value"": ""27 Avenida Central"", ""timestamp"": ""2024-07-07 00:00:00""}]",0.10810810810810811,0,1,0,0,1,50,0,0,17,30,23,38,36,16,23,19
6.461538461538462,0,0.01080855291381607,2024-07-08,2fdaa093,0,0.4634146341463415,39,"[{""connected_to"": ""7efe7072"", ""via"": ""repair_shop"", ""value"": ""repair_7"", ""timestamp"": ""2024-07-08 00:00:00""}, {""connected_to"": ""b9d5e6dc"", ""via"": ""repair_shop"", ""value"": ""repair_7"", ""timestamp"": ""2024-07-08 00:00:00""}, {""connected_to"": ""5adc9a25"", ""via"": ""insurer_phone_number"", ""value"": 600809302, ""timestamp"": ""2024-07-08 00:00:00""}, {""connected_to"": ""4cb83c72"", ""via"": ""insurer_phone_number"", ""value"": 600809302, ""timestamp"": ""2024-07-08 00:00:00""}, {""connected_to"": ""11c352f3"", ""via"": ""repair_shop"", ""value"": ""repair_7"", ""timestamp"": ""2024-07-08 00:00:00""}, {""connected_to"": ""f28e3ec7"", ""via"": ""repair_shop"", ""value"": ""repair_7"", ""timestamp"": ""2024-07-08 00:00:00""}]",0.15789473684210525,0,0,0,0,2,50,4,0,18,31,24,39,37,16,23,20
6.55,1,0.021946405847334635,2024-07-21,07e13cb7,0,0.43333333333333335,40,"[{""connected_to"": ""c06aa294"", ""via"": ""bank_account"", ""value"": ""ES29088754"", ""timestamp"": ""2024-07-21 00:00:00""}, {""connected_to"": ""a4b96898"", ""via"": ""repair_shop"", ""value"": ""repair_27"", ""timestamp"": ""2024-07-21 00:00:00""}, {""connected_to"": ""4c287ede"", ""via"": ""insurer_phone_number"", ""value"": 600596153, ""timestamp"": ""2024-07-21 00:00:00""}, {""connected_to"": ""1028b1e7"", ""via"": ""insurer_phone_number"", ""value"": 600596153, ""timestamp"": ""2024-07-21 00:00:00""}, {""connected_to"": ""d8033cc3"", ""via"": ""insurer_address"", ""value"": ""39 Avenida Central"", ""timestamp"": ""2024-07-21 00:00:00""}]",0.1282051282051282,0,1,0,0,2,53,1,0,18,32,24,40,38,16,23,21
7.446808510638298,1,0.008260555869251522,2024-07-22,1704ee21,0,0.42990654205607476,47,"[{""connected_to"": ""2db8cd46"", ""via"": ""insurer_phone_number"", ""value"": 600621704, ""timestamp"": ""2024-07-22 00:00:00""}, {""connected_to"": ""c9504603"", ""via"": ""insurer_phone_number"", ""value"": 600621704, ""timestamp"": ""2024-07-22 00:00:00""}, {""connected_to"": ""b9d5e6dc"", ""via"": ""insurer_phone_number"", ""value"": 600621704, ""timestamp"": ""2024-07-22 00:00:00""}, {""connected_to"": ""7634221b"", ""via"": ""insurer_email"", ""value"": ""insured_150@mail.com"", ""timestamp"": ""2024-07-22 00:00:00""}, {""connected_to"": ""4f111138"", ""via"": ""bank_account"", ""value"": ""ES71007570"", ""timestamp"": ""2024-07-22 00:00:00""}]",0.10869565217391304,0,0,1,0,3,63,0,0,18,38,29,46,44,16,27,25
7.446808510638298,1,0.020425615715470788,2024-07-22,21c54feb,0,0.5,47,"[{""connected_to"": ""5257a996"", ""via"": ""repair_shop"", ""value"": ""repair_12"", ""timestamp"": ""2024-07-22 00:00:00""}, {""connected_to"": ""b9d5e6dc"", ""via"": ""bank_account"", ""value"": ""ES73593231"", ""timestamp"": ""2024-07-22 00:00:00""}, {""connected_to"": ""c6eb903b"", ""via"": ""insurer_address"", ""value"": ""26 Avenida Central"", ""timestamp"": ""2024-07-22 00:00:00""}, {""connected_to"": ""b08e7bfd"", ""via"": ""repair_shop"", ""value"": ""repair_12"", ""timestamp"": ""2024-07-22 00:00:00""}, {""connected_to"": ""dbfb58bf"", ""via"": ""insurer_phone_number"", ""value"": 600335293, ""timestamp"": ""2024-07-22 00:00:00""}, {""connected_to"": ""51ef5249"", ""via"": ""insurer_license_plate"", ""value"": ""PA7291"", ""timestamp"": ""2024-07-22 00:00:00""}, {""connected_to"": ""ab824ba6"", ""via"": ""insurer_phone_number"", ""value"": 600335293, ""timestamp"": ""2024-07-22 00:00:00""}, {""connected_to"": ""a25a1ebb"", ""via"": ""insurer_phone_number"", ""value"": 600335293, ""timestamp"": ""2024-07-22 00:00:00""}, {""connected_to"": ""4cdc9102"", ""via"": ""insurer_phone_number"", ""value"": 600335293, ""timestamp"": ""2024-07-22 00:00:00""}, {""connected_to"": ""48734acd"", ""via"": ""insurer_phone_number"", ""value"": 600335293, ""timestamp"": ""2024-07-22 00:00:00""}]",0.21739130434782608,0,1,0,1,5,63,2,0,18,38,29,46,44,16,27,25
7.446808510638298,3,0.01692201518288475,2024-07-22,63429b74,1,0.44660194174757284,47,"[{""connected_to"": ""7efe7072"", ""via"": ""insurer_phone_number"", ""value"": 600768374, ""timestamp"": ""2024-07-22 00:00:00""}, {""connected_to"": ""a4b96898"", ""via"": ""bank_account"", ""value"": ""ES54532647"", ""timestamp"": ""2024-07-22 00:00:00""}, {""connected_to"": ""7634221b"", ""via"": ""bank_account"", ""value"": ""ES54532647"", ""timestamp"": ""2024-07-22 00:00:00""}, {""connected_to"": ""dbfb58bf"", ""via"": ""bank_account"", ""value"": ""ES54532647"", ""timestamp"": ""2024-07-22 00:00:00""}, {""connected_to"": ""5d452b93"", ""via"": ""insurer_phone_number"", ""value"": 600768374, ""timestamp"": ""2024-07-22 00:00:00""}, {""connected_to"": ""b40777f6"", ""via"": ""claim_location"", ""value"": ""Zone_40"", ""timestamp"": ""2024-07-22 00:00:00""}]",0.13043478260869565,0,0,0,0,2,63,0,0,18,38,29,46,44,16,27,25
7.446808510638298,4,0.016419369680239247,2024-07-22,c6eb903b,0,0.4339622641509434,47,"[{""connected_to"": ""deb6383f"", ""via"": ""insurer_phone_number"", ""value"": 600432795, ""timestamp"": ""2024-07-22 00:00:00""}, {""connected_to"": ""2db8cd46"", ""via"": ""bank_account"", ""value"": ""ES87084490"", ""timestamp"": ""2024-07-22 00:00:00""}, {""connected_to"": ""fc2f929f"", ""via"": ""bank_account"", ""value"": ""ES87084490"", ""timestamp"": ""2024-07-22 00:00:00""}, {""connected_to"": ""21c54feb"", ""via"": ""insurer_address"", ""value"": ""26 Avenida Central"", ""timestamp"": ""2024-07-22 00:00:00""}, {""connected_to"": ""b08e7bfd"", ""via"": ""insurer_phone_number"", ""value"": 600432795, ""timestamp"": ""2024-07-22 00:00:00""}, {""connected_to"": ""3dbeee40"", ""via"": ""repair_shop"", ""value"": ""repair_2"", ""timestamp"": ""2024-07-22 00:00:00""}, {""connected_to"": ""a25a1ebb"", ""via"": ""bank_account"", ""value"": ""ES87084490"", ""timestamp"": ""2024-07-22 00:00:00""}, {""connected_to"": ""dbb83833"", ""via"": ""bank_account"", ""value"": ""ES87084490"", ""timestamp"": ""2024-07-22 00:00:00""}]",0.17391304347826086,0,1,0,0,2,63,1,0,18,38,29,46,44,16,27,25
7.446808510638298,1,0.017318875434817464,2024-07-22,cd2da2b4,0,0.44660194174757284,47,"[{""connected_to"": ""a4b96898"", ""via"": ""insurer_phone_number"", ""value"": 600446081, ""timestamp"": ""2024-07-22 00:00:00""}, {""connected_to"": ""9849c843"", ""via"": ""insurer_phone_number"", ""value"": 600446081, ""timestamp"": ""2024-07-22 00:00:00""}, {""connected_to"": ""1b005a35"", ""via"": ""repair_shop"", ""value"": ""repair_0"", ""timestamp"": ""2024-07-22 00:00:00""}, {""connected_to"": ""a2cef4f7"", ""via"": ""insurer_phone_number"", ""value"": 600446081, ""timestamp"": ""2024-07-22 00:00:00""}, {""connected_to"": ""90a7e45b"", ""via"": ""bank_account"", ""value"": ""ES31320114"", ""timestamp"": ""2024-07-22 00:00:00""}, {""connected_to"": ""f28e3ec7"", ""via"": ""insurer_phone_number"", ""value"": 600446081, ""timestamp"": ""2024-07-22 00:00:00""}]",0.13043478260869565,0,0,0,0,4,63,1,0,18,38,29,46,44,16,27,25
7.446808510638298,1,0.008339572397543411,2024-07-22,efc3d4b7,0,0.4339622641509434,47,"[{""connected_to"": ""71d88f8f"", ""via"": ""insurer_phone_number"", ""value"": 600664650, ""timestamp"": ""2024-07-22 00:00:00""}, {""connected_to"": ""1b005a35"", ""via"": ""insurer_phone_number"", ""value"": 600664650, ""timestamp"": ""2024-07-22 00:00:00""}, {""connected_to"": ""a2cef4f7"", ""via"": ""bank_account"", ""value"": ""ES42901579"", ""timestamp"": ""2024-07-22 00:00:00""}, {""connected_to"": ""d8033cc3"", ""via"": ""insurer_phone_number"", ""value"": 600664650, ""timestamp"": ""2024-07-22 00:00:00""}, {""connected_to"": ""709da1d8"", ""via"": ""insurer_phone_number"", ""value"": 600664650, ""timestamp"": ""2024-07-22 00:00:00""}, {""connected_to"": ""4cdc9102"", ""via"": ""insurer_address"", ""value"": ""40 Avenida Central"", ""timestamp"": ""2024-07-22 00:00:00""}]",0.13043478260869565,0,1,0,0,4,63,0,0,18,38,29,46,44,16,27,25
7.446808510638298,1,0.0031447323476308984,2024-07-22,f4a75ecd,0,0.4144144144144144,47,"[{""connected_to"": ""4c287ede"", ""via"": ""insurer_phone_number"", ""value"": 600596153, ""timestamp"": ""2024-07-22 00:00:00""}, {""connected_to"": ""51ef5249"", ""via"": ""bank_account"", ""value"": ""ES38273233"", ""timestamp"": ""2024-07-22 00:00:00""}, {""connected_to"": ""1028b1e7"", ""via"": ""insurer_phone_number"", ""value"": 600596153, ""timestamp"": ""2024-07-22 00:00:00""}, {""connected_to"": ""07e13cb7"", ""via"": ""insurer_phone_number"", ""value"": 600596153, ""timestamp"": ""2024-07-22 00:00:00""}]",0.08695652173913043,0,0,0,0,3,63,0,0,18,38,29,46,44,16,27,25
7.583333333333333,2,0.02501338213641637,2024-07-24,a022bc0f,0,0.46534653465346537,48,"[{""connected_to"": ""71d88f8f"", ""via"": ""insurer_address"", ""value"": ""19 Avenida Central"", ""timestamp"": ""2024-07-24 00:00:00""}, {""connected_to"": ""0146fadf"", ""via"": ""insurer_phone_number"", ""value"": 600379103, ""timestamp"": ""2024-07-24 00:00:00""}, {""connected_to"": ""c9504603"", ""via"": ""bank_account"", ""value"": ""ES14234477"", ""timestamp"": ""2024-07-24 00:00:00""}, {""connected_to"": ""fc2f929f"", ""via"": ""insurer_phone_number"", ""value"": 600379103, ""timestamp"": ""2024-07-24 00:00:00""}, {""connected_to"": ""4cb83c72"", ""via"": ""bank_account"", ""value"": ""ES14234477"", ""timestamp"": ""2024-07-24 00:00:00""}, {""connected_to"": ""a2cef4f7"", ""via"": ""repair_shop"", ""value"": ""repair_35"", ""timestamp"": ""2024-07-24 00:00:00""}, {""connected_to"": ""f28e3ec7"", ""via"": ""insurer_address"", ""value"": ""19 Avenida Central"", ""timestamp"": ""2024-07-24 00:00:00""}]",0.14893617021276595,0,2,0,0,2,64,1,0,18,39,29,47,45,16,27,25
9.423728813559322,3,0.005704681317204002,2024-07-25,1b344808,0,0.4233576642335766,59,"[{""connected_to"": ""c06aa294"", ""via"": ""bank_account"", ""value"": ""ES29088754"", ""timestamp"": ""2024-07-25 00:00:00""}, {""connected_to"": ""35c1dbd1"", ""via"": ""bank_account"", ""value"": ""ES29088754"", ""timestamp"": ""2024-07-25 00:00:00""}, {""connected_to"": ""63429b74"", ""via"": ""repair_shop"", ""value"": ""repair_34"", ""timestamp"": ""2024-07-25 00:00:00""}, {""connected_to"": ""1028b1e7"", ""via"": ""insurer_address"", ""value"": ""20 Avenida Central"", ""timestamp"": ""2024-07-25 00:00:00""}, {""connected_to"": ""11c352f3"", ""via"": ""insurer_phone_number"", ""value"": 600481783, ""timestamp"": ""2024-07-25 00:00:00""}, {""connected_to"": ""07e13cb7"", ""via"": ""bank_account"", ""value"": ""ES29088754"", ""timestamp"": ""2024-07-25 00:00:00""}]",0.10344827586206896,0,1,0,0,1,83,1,0,19,46,32,58,53,16,30,34
9.423728813559322,3,0.027257936649670224,2024-07-25,35c1dbd1,0,0.5,59,"[{""connected_to"": ""c06aa294"", ""via"": ""bank_account"", ""value"": ""ES29088754"", ""timestamp"": ""2024-07-25 00:00:00""}, {""connected_to"": ""2db8cd46"", ""via"": ""insurer_phone_number"", ""value"": 600621704, ""timestamp"": ""2024-07-25 00:00:00""}, {""connected_to"": ""1b344808"", ""via"": ""bank_account"", ""value"": ""ES29088754"", ""timestamp"": ""2024-07-25 00:00:00""}, {""connected_to"": ""c9504603"", ""via"": ""insurer_phone_number"", ""value"": 600621704, ""timestamp"": ""2024-07-25 00:00:00""}, {""connected_to"": ""b9d5e6dc"", ""via"": ""insurer_phone_number"", ""value"": 600621704, ""timestamp"": ""2024-07-25 00:00:00""}, {""connected_to"": ""1704ee21"", ""via"": ""insurer_phone_number"", ""value"": 600621704, ""timestamp"": ""2024-07-25 00:00:00""}, {""connected_to"": ""fc2f929f"", ""via"": ""repair_shop"", ""value"": ""repair_30"", ""timestamp"": ""2024-07-25 00:00:00""}, {""connected_to"": ""ea9d7eb4"", ""via"": ""insurer_license_plate"", ""value"": ""EE7852"", ""timestamp"": ""2024-07-25 00:00:00""}, {""connected_to"": ""b40777f6"", ""via"": ""repair_shop"", ""value"": ""repair_30"", ""timestamp"": ""2024-07-25 00:00:00""}, {""connected_to"": ""07e13cb7"", ""via"": ""bank_account"", ""value"": ""ES29088754"", ""timestamp"": ""2024-07-25 00:00:00""}]",0.1724137931034483,0,0,0,1,4,83,2,0,19,46,32,58,53,16,30,34
9.423728813559322,1,0.01911690063614794,2024-07-25,42bf7d42,0,0.5043478260869565,59,"[{""connected_to"": ""c9504603"", ""via"": ""insurer_address"", ""value"": ""33 Avenida Central"", ""timestamp"": ""2024-07-25 00:00:00""}, {""connected_to"": ""9849c843"", ""via"": ""insurer_address"", ""value"": ""33 Avenida Central"", ""timestamp"": ""2024-07-25 00:00:00""}, {""connected_to"": ""4c287ede"", ""via"": ""insurer_phone_number"", ""value"": 600596153, ""timestamp"": ""2024-07-25 00:00:00""}, {""connected_to"": ""b08e7bfd"", ""via"": ""bank_account"", ""value"": ""ES67429369"", ""timestamp"": ""2024-07-25 00:00:00""}, {""connected_to"": ""7c2166f9"", ""via"": ""insurer_address"", ""value"": ""33 Avenida Central"", ""timestamp"": ""2024-07-25 00:00:00""}, {""connected_to"": ""fb3640e4"", ""via"": ""insurer_address"", ""value"": ""33 Avenida Central"", ""timestamp"": ""2024-07-25 00:00:00""}, {""connected_to"": ""1028b1e7"", ""via"": ""insurer_phone_number"", ""value"": 600596153, ""timestamp"": ""2024-07-25 00:00:00""}, {""connected_to"": ""07e13cb7"", ""via"": ""insurer_phone_number"", ""value"": 600596153, ""timestamp"": ""2024-07-25 00:00:00""}, {""connected_to"": ""f4a75ecd"", ""via"": ""insurer_phone_number"", ""value"": 600596153, ""timestamp"": ""2024-07-25 00:00:00""}]",0.15517241379310345,0,4,0,0,4,83,0,0,19,46,32,58,53,16,30,34
9.423728813559322,2,0.0348408096193575,2024-07-25,608a6c32,1,0.5132743362831859,59,"[{""connected_to"": ""71d88f8f"", ""via"": ""insurer_phone_number"", ""value"": 600664650, ""timestamp"": ""2024-07-25 00:00:00""}, {""connected_to"": ""0146fadf"", ""via"": ""repair_shop"", ""value"": ""repair_28"", ""timestamp"": ""2024-07-25 00:00:00""}, {""connected_to"": ""5257a996"", ""via"": ""insurer_address"", ""value"": ""30 Avenida Central"", ""timestamp"": ""2024-07-25 00:00:00""}, {""connected_to"": ""1704ee21"", ""via"": ""bank_account"", ""value"": ""ES71007570"", ""timestamp"": ""2024-07-25 00:00:00""}, {""connected_to"": ""ea9d7eb4"", ""via"": ""insurer_phone_number"", ""value"": 600664650, ""timestamp"": ""2024-07-25 00:00:00""}, {""connected_to"": ""1b005a35"", ""via"": ""insurer_phone_number"", ""value"": 600664650, ""timestamp"": ""2024-07-25 00:00:00""}, {""connected_to"": ""d8033cc3"", ""via"": ""insurer_phone_number"", ""value"": 600664650, ""timestamp"": ""2024-07-25 00:00:00""}, {""connected_to"": ""f949707f"", ""via"": ""claim_location"", ""value"": ""Zone_66"", ""timestamp"": ""2024-07-25 00:00:00""}, {""connected_to"": ""fb3640e4"", ""via"": ""insurer_phone_number"", ""value"": 600664650, ""timestamp"": ""2024-07-25 00:00:00""}, {""connected_to"": ""efc3d4b7"", ""via"": ""insurer_phone_number"", ""value"": 600664650, ""timestamp"": ""2024-07-25 00:00:00""}, {""connected_to"": ""709da1d8"", ""via"": ""insurer_phone_number"", ""value"": 600664650, ""timestamp"": ""2024-07-25 00:00:00""}, {""connected_to"": ""dbb83833"", ""via"": ""repair_shop"", ""value"": ""repair_28"", ""timestamp"": ""2024-07-25 00:00:00""}, {""connected_to"": ""4f111138"", ""via"": ""bank_account"", ""value"": ""ES71007570"", ""timestamp"": ""2024-07-25 00:00:00""}]",0.22413793103448276,0,1,0,0,7,83,2,0,19,46,32,58,53,16,30,34
9.423728813559322,4,0.024053255059081787,2024-07-25,bf3e5d6f,0,0.4915254237288136,59,"[{""connected_to"": ""deb6383f"", ""via"": ""bank_account"", ""value"": ""ES54795355"", ""timestamp"": ""2024-07-25 00:00:00""}, {""connected_to"": ""d387f17a"", ""via"": ""bank_account"", ""value"": ""ES54795355"", ""timestamp"": ""2024-07-25 00:00:00""}, {""connected_to"": ""7efe7072"", ""via"": ""insurer_phone_number"", ""value"": 600768374, ""timestamp"": ""2024-07-25 00:00:00""}, {""connected_to"": ""63429b74"", ""via"": ""insurer_license_plate"", ""value"": ""KE8952"", ""timestamp"": ""2024-07-25 00:00:00""}, {""connected_to"": ""1704ee21"", ""via"": ""insurer_address"", ""value"": ""22 Avenida Central"", ""timestamp"": ""2024-07-25 00:00:00""}, {""connected_to"": ""4c287ede"", ""via"": ""repair_shop"", ""value"": ""repair_11"", ""timestamp"": ""2024-07-25 00:00:00""}, {""connected_to"": ""ab824ba6"", ""via"": ""bank_account"", ""value"": ""ES54795355"", ""timestamp"": ""2024-07-25 00:00:00""}, {""connected_to"": ""5d452b93"", ""via"": ""insurer_phone_number"", ""value"": 600768374, ""timestamp"": ""2024-07-25 00:00:00""}, {""connected_to"": ""709da1d8"", ""via"": ""bank_account"", ""value"": ""ES54795355"", ""timestamp"": ""2024-07-25 00:00:00""}]",0.15517241379310345,0,1,0,1,2,83,1,0,19,46,32,58,53,16,30,34
9.423728813559322,4,0.016888083207693482,2024-07-25,d387f17a,1,0.464,59,"[{""connected_to"": ""deb6383f"", ""via"": ""bank_account"", ""value"": ""ES54795355"", ""timestamp"": ""2024-07-25 00:00:00""}, {""connected_to"": ""bf3e5d6f"", ""via"": ""bank_account"", ""value"": ""ES54795355"", ""timestamp"": ""2024-07-25 00:00:00""}, {""connected_to"": ""c6eb903b"", ""via"": ""claim_location"", ""value"": ""Zone_18"", ""timestamp"": ""2024-07-25 00:00:00""}, {""connected_to"": ""3dbeee40"", ""via"": ""insurer_phone_number"", ""value"": 600904155, ""timestamp"": ""2024-07-25 00:00:00""}, {""connected_to"": ""ab824ba6"", ""via"": ""bank_account"", ""value"": ""ES54795355"", ""timestamp"": ""2024-07-25 00:00:00""}, {""connected_to"": ""90a7e45b"", ""via"": ""insurer_phone_number"", ""value"": 600904155, ""timestamp"": ""2024-07-25 00:00:00""}, {""connected_to"": ""709da1d8"", ""via"": ""bank_account"", ""value"": ""ES54795355"", ""timestamp"": ""2024-07-25 00:00:00""}, {""connected_to"": ""2fdaa093"", ""via"": ""insurer_address"", ""value"": ""24 Avenida Central"", ""timestamp"": ""2024-07-25 00:00:00""}]",0.13793103448275862,0,1,0,0,2,83,0,0,19,46,32,58,53,16,30,34
9.423728813559322,2,0.015784413286281544,2024-07-25,e039d1f7,1,0.47540983606557374,59,"[{""connected_to"": ""5adc9a25"", ""via"": ""insurer_phone_number"", ""value"": 600809302, ""timestamp"": ""2024-07-25 00:00:00""}, {""connected_to"": ""4cb83c72"", ""via"": ""insurer_phone_number"", ""value"": 600809302, ""timestamp"": ""2024-07-25 00:00:00""}, {""connected_to"": ""7c2166f9"", ""via"": ""claim_location"", ""value"": ""Zone_79"", ""timestamp"": ""2024-07-25 00:00:00""}, {""connected_to"": ""51ef5249"", ""via"": ""bank_account"", ""value"": ""ES38273233"", ""timestamp"": ""2024-07-25 00:00:00""}, {""connected_to"": ""efc3d4b7"", ""via"": ""insurer_address"", ""value"": ""40 Avenida Central"", ""timestamp"": ""2024-07-25 00:00:00""}, {""connected_to"": ""4cdc9102"", ""via"": ""insurer_address"", ""value"": ""40 Avenida Central"", ""timestamp"": ""2024-07-25 00:00:00""}, {""connected_to"": ""f4a75ecd"", ""via"": ""bank_account"", ""value"": ""ES38273233"", ""timestamp"": ""2024-07-25 00:00:00""}, {""connected_to"": ""2fdaa093"", ""via"": ""insurer_phone_number"", ""value"": 600809302, ""timestamp"": ""2024-07-25 00:00:00""}]",0.13793103448275862,0,2,0,0,3,83,0,0,19,46,32,58,53,16,30,34
9.423728813559322,1,0.02225217382888772,2024-07-25,ea9d7eb4,0,0.5087719298245614,59,"[{""connected_to"": ""71d88f8f"", ""via"": ""insurer_phone_number"", ""value"": 600664650, ""timestamp"": ""2024-07-25 00:00:00""}, {""connected_to"": ""2db8cd46"", ""via"": ""repair_shop"", ""value"": ""repair_16"", ""timestamp"": ""2024-07-25 00:00:00""}, {""connected_to"": ""35c1dbd1"", ""via"": ""insurer_license_plate"", ""value"": ""EE7852"", ""timestamp"": ""2024-07-25 00:00:00""}, {""connected_to"": ""608a6c32"", ""via"": ""insurer_phone_number"", ""value"": 600664650, ""timestamp"": ""2024-07-25 00:00:00""}, {""connected_to"": ""f76a94f8"", ""via"": ""bank_account"", ""value"": ""ES94588658"", ""timestamp"": ""2024-07-25 00:00:00""}, {""connected_to"": ""fb3640e4"", ""via"": ""insurer_phone_number"", ""value"": 600664650, ""timestamp"": ""2024-07-25 00:00:00""}, {""connected_to"": ""1b005a35"", ""via"": ""insurer_phone_number"", ""value"": 600664650, ""timestamp"": ""2024-07-25 00:00:00""}, {""connected_to"": ""5d452b93"", ""via"": ""insurer_address"", ""value"": ""17 Avenida Central"", ""timestamp"": ""2024-07-25 00:00:00""}, {""connected_to"": ""d8033cc3"", ""via"": ""insurer_phone_number"", ""value"": 600664650, ""timestamp"": ""2024-07-25 00:00:00""}, {""connected_to"": ""efc3d4b7"", ""via"": ""insurer_phone_number"", ""value"": 600664650, ""timestamp"": ""2024-07-25 00:00:00""}, {""connected_to"": ""709da1d8"", ""via"": ""insurer_phone_number"", ""value"": 600664650, ""timestamp"": ""2024-07-25 00:00:00""}]",0.1896551724137931,0,1,0,1,7,83,1,0,19,46,32,58,53,16,30,34
9.423728813559322,1,0.004455615793290611,2024-07-25,f76a94f8,0,0.4393939393939394,59,"[{""connected_to"": ""cd2da2b4"", ""via"": ""insurer_phone_number"", ""value"": 600446081, ""timestamp"": ""2024-07-25 00:00:00""}, {""connected_to"": ""a4b96898"", ""via"": ""insurer_phone_number"", ""value"": 600446081, ""timestamp"": ""2024-07-25 00:00:00""}, {""connected_to"": ""9849c843"", ""via"": ""insurer_phone_number"", ""value"": 600446081, ""timestamp"": ""2024-07-25 00:00:00""}, {""connected_to"": ""ea9d7eb4"", ""via"": ""bank_account"", ""value"": ""ES94588658"", ""timestamp"": ""2024-07-25 00:00:00""}, {""connected_to"": ""a2cef4f7"", ""via"": ""insurer_phone_number"", ""value"": 600446081, ""timestamp"": ""2024-07-25 00:00:00""}, {""connected_to"": ""efc3d4b7"", ""via"": ""repair_shop"", ""value"": ""repair_17"", ""timestamp"": ""2024-07-25 00:00:00""}, {""connected_to"": ""f28e3ec7"", ""via"": ""insurer_phone_number"", ""value"": 600446081, ""timestamp"": ""2024-07-25 00:00:00""}]",0.12068965517241378,0,0,0,0,5,83,1,0,19,46,32,58,53,16,30,34
9.423728813559322,3,0.022303109341382,2024-07-25,f949707f,1,0.48739495798319327,59,"[{""connected_to"": ""5257a996"", ""via"": ""insurer_phone_number"", ""value"": 600997261, ""timestamp"": ""2024-07-25 00:00:00""}, {""connected_to"": ""7634221b"", ""via"": ""insurer_phone_number"", ""value"": 600997261, ""timestamp"": ""2024-07-25 00:00:00""}, {""connected_to"": ""fc2f929f"", ""via"": ""insurer_license_plate"", ""value"": ""MH3801"", ""timestamp"": ""2024-07-25 00:00:00""}, {""connected_to"": ""1b005a35"", ""via"": ""bank_account"", ""value"": ""ES67781085"", ""timestamp"": ""2024-07-25 00:00:00""}, {""connected_to"": ""b08e7bfd"", ""via"": ""repair_shop"", ""value"": ""repair_12"", ""timestamp"": ""2024-07-25 00:00:00""}, {""connected_to"": ""21c54feb"", ""via"": ""repair_shop"", ""value"": ""repair_12"", ""timestamp"": ""2024-07-25 00:00:00""}, {""connected_to"": ""5d452b93"", ""via"": ""bank_account"", ""value"": ""ES67781085"", ""timestamp"": ""2024-07-25 00:00:00""}, {""connected_to"": ""b40777f6"", ""via"": ""bank_account"", ""value"": ""ES67781085"", ""timestamp"": ""2024-07-25 00:00:00""}, {""connected_to"": ""608a6c32"", ""via"": ""claim_location"", ""value"": ""Zone_66"", ""timestamp"": ""2024-07-25 00:00:00""}, {""connected_to"": ""4cdc9102"", ""via"": ""repair_shop"", ""value"": ""repair_12"", ""timestamp"": ""2024-07-25 00:00:00""}, {""connected_to"": ""dbb83833"", ""via"": ""insurer_phone_number"", ""value"": 600997261, ""timestamp"": ""2024-07-25 00:00:00""}]",0.1896551724137931,0,0,0,1,3,83,3,0,19,46,32,58,53,16,30,34
9.423728813559322,1,0.025732087372757596,2024-07-25,fb3640e4,1,0.5087719298245614,59,"[{""connected_to"": ""71d88f8f"", ""via"": ""insurer_phone_number"", ""value"": 600664650, ""timestamp"": ""2024-07-25 00:00:00""}, {""connected_to"": ""c9504603"", ""via"": ""insurer_address"", ""value"": ""33 Avenida Central"", ""timestamp"": ""2024-07-25 00:00:00""}, {""connected_to"": ""9849c843"", ""via"": ""insurer_address"", ""value"": ""33 Avenida Central"", ""timestamp"": ""2024-07-25 00:00:00""}, {""connected_to"": ""ea9d7eb4"", ""via"": ""insurer_phone_number"", ""value"": 600664650, ""timestamp"": ""2024-07-25 00:00:00""}, {""connected_to"": ""1b005a35"", ""via"": ""insurer_phone_number"", ""value"": 600664650, ""timestamp"": ""2024-07-25 00:00:00""}, {""connected_to"": ""7c2166f9"", ""via"": ""insurer_address"", ""value"": ""33 Avenida Central"", ""timestamp"": ""2024-07-25 00:00:00""}, {""connected_to"": ""42bf7d42"", ""via"": ""insurer_address"", ""value"": ""33 Avenida Central"", ""timestamp"": ""2024-07-25 00:00:00""}, {""connected_to"": ""a2cef4f7"", ""via"": ""bank_account"", ""value"": ""ES42901579"", ""timestamp"": ""2024-07-25 00:00:00""}, {""connected_to"": ""d8033cc3"", ""via"": ""insurer_phone_number"", ""value"": 600664650, ""timestamp"": ""2024-07-25 00:00:00""}, {""connected_to"": ""608a6c32"", ""via"": ""insurer_phone_number"", ""value"": 600664650, ""timestamp"": ""2024-07-25 00:00:00""}, {""connected_to"": ""efc3d4b7"", ""via"": ""insurer_phone_number"", ""value"": 600664650, ""timestamp"": ""2024-07-25 00:00:00""}, {""connected_to"": ""709da1d8"", ""via"": ""insurer_phone_number"", ""value"": 600664650, ""timestamp"": ""2024-07-25 00:00:00""}, {""connected_to"": ""2fdaa093"", ""via"": ""claim_location"", ""value"": ""Zone_52"", ""timestamp"": ""2024-07-25 00:00:00""}]",0.22413793103448276,0,4,0,0,7,83,0,0,19,46,32,58,53,16,30,34
10.925373134328359,5,0.02136893001481973,2024-07-26,3de72026,1,0.5238095238095238,67,"[{""connected_to"": ""1b005a35"", ""via"": ""bank_account"", ""value"": ""ES67781085"", ""timestamp"": ""2024-07-26 00:00:00""}, {""connected_to"": ""21c54feb"", ""via"": ""insurer_phone_number"", ""value"": 600335293, ""timestamp"": ""2024-07-26 00:00:00""}, {""connected_to"": ""dbfb58bf"", ""via"": ""insurer_phone_number"", ""value"": 600335293, ""timestamp"": ""2024-07-26 00:00:00""}, {""connected_to"": ""1b344808"", ""via"": ""claim_location"", ""value"": ""Zone_15"", ""timestamp"": ""2024-07-26 00:00:00""}, {""connected_to"": ""51ef5249"", ""via"": ""insurer_phone_number"", ""value"": 600335293, ""timestamp"": ""2024-07-26 00:00:00""}, {""connected_to"": ""ab824ba6"", ""via"": ""insurer_phone_number"", ""value"": 600335293, ""timestamp"": ""2024-07-26 00:00:00""}, {""connected_to"": ""a25a1ebb"", ""via"": ""insurer_phone_number"", ""value"": 600335293, ""timestamp"": ""2024-07-26 00:00:00""}, {""connected_to"": ""f949707f"", ""via"": ""bank_account"", ""value"": ""ES67781085"", ""timestamp"": ""2024-07-26 00:00:00""}, {""connected_to"": ""5d452b93"", ""via"": ""bank_account"", ""value"": ""ES67781085"", ""timestamp"": ""2024-07-26 00:00:00""}, {""connected_to"": ""b40777f6"", ""via"": ""bank_account"", ""value"": ""ES67781085"", ""timestamp"": ""2024-07-26 00:00:00""}, {""connected_to"": ""e039d1f7"", ""via"": ""repair_shop"", ""value"": ""repair_24"", ""timestamp"": ""2024-07-26 00:00:00""}, {""connected_to"": ""4cdc9102"", ""via"": ""insurer_phone_number"", ""value"": 600335293, ""timestamp"": ""2024-07-26 00:00:00""}, {""connected_to"": ""6c2948c2"", ""via"": ""bank_account"", ""value"": ""ES67781085"", ""timestamp"": ""2024-07-26 00:00:00""}, {""connected_to"": ""48734acd"", ""via"": ""insurer_phone_number"", ""value"": 600335293, ""timestamp"": ""2024-07-26 00:00:00""}]",0.21212121212121213,0,0,0,0,7,97,1,0,19,48,33,65,58,16,33,39
10.925373134328359,3,0.012389577385247348,2024-07-26,5b0e5acd,2,0.49624060150375937,67,"[{""connected_to"": ""deb6383f"", ""via"": ""bank_account"", ""value"": ""ES54795355"", ""timestamp"": ""2024-07-26 00:00:00""}, {""connected_to"": ""bf3e5d6f"", ""via"": ""bank_account"", ""value"": ""ES54795355"", ""timestamp"": ""2024-07-26 00:00:00""}, {""connected_to"": ""a4b96898"", ""via"": ""claim_location"", ""value"": ""Zone_78"", ""timestamp"": ""2024-07-26 00:00:00""}, {""connected_to"": ""b9d5e6dc"", ""via"": ""claim_location"", ""value"": ""Zone_78"", ""timestamp"": ""2024-07-26 00:00:00""}, {""connected_to"": ""d387f17a"", ""via"": ""insurer_email"", ""value"": ""insured_28@mail.com"", ""timestamp"": ""2024-07-26 00:00:00""}, {""connected_to"": ""7c2166f9"", ""via"": ""insurer_phone_number"", ""value"": 600826184, ""timestamp"": ""2024-07-26 00:00:00""}, {""connected_to"": ""baa5ea2a"", ""via"": ""insurer_phone_number"", ""value"": 600826184, ""timestamp"": ""2024-07-26 00:00:00""}, {""connected_to"": ""ab824ba6"", ""via"": ""bank_account"", ""value"": ""ES54795355"", ""timestamp"": ""2024-07-26 00:00:00""}, {""connected_to"": ""709da1d8"", ""via"": ""insurer_address"", ""value"": ""11 Avenida Central"", ""timestamp"": ""2024-07-26 00:00:00""}, {""connected_to"": ""4f111138"", ""via"": ""insurer_phone_number"", ""value"": 600826184, ""timestamp"": ""2024-07-26 00:00:00""}]",0.15151515151515152,0,1,1,0,3,97,0,0,19,48,33,65,58,16,33,39
10.925373134328359,5,0.01631869056488554,2024-07-26,6c2948c2,0,0.4888888888888889,67,"[{""connected_to"": ""0146fadf"", ""via"": ""insurer_phone_number"", ""value"": 600379103, ""timestamp"": ""2024-07-26 00:00:00""}, {""connected_to"": ""7634221b"", ""via"": ""insurer_address"", ""value"": ""31 Avenida Central"", ""timestamp"": ""2024-07-26 00:00:00""}, {""connected_to"": ""fc2f929f"", ""via"": ""insurer_phone_number"", ""value"": 600379103, ""timestamp"": ""2024-07-26 00:00:00""}, {""connected_to"": ""1b005a35"", ""via"": ""bank_account"", ""value"": ""ES67781085"", ""timestamp"": ""2024-07-26 00:00:00""}, {""connected_to"": ""f76a94f8"", ""via"": ""repair_shop"", ""value"": ""repair_17"", ""timestamp"": ""2024-07-26 00:00:00""}, {""connected_to"": ""f949707f"", ""via"": ""bank_account"", ""value"": ""ES67781085"", ""timestamp"": ""2024-07-26 00:00:00""}, {""connected_to"": ""5d452b93"", ""via"": ""bank_account"", ""value"": ""ES67781085"", ""timestamp"": ""2024-07-26 00:00:00""}, {""connected_to"": ""b40777f6"", ""via"": ""bank_account"", ""value"": ""ES67781085"", ""timestamp"": ""2024-07-26 00:00:00""}, {""connected_to"": ""efc3d4b7"", ""via"": ""repair_shop"", ""value"": ""repair_17"", ""timestamp"": ""2024-07-26 00:00:00""}, {""connected_to"": ""3de72026"", ""via"": ""bank_account"", ""value"": ""ES67781085"", ""timestamp"": ""2024-07-26 00:00:00""}, {""connected_to"": ""dbb83833"", ""via"": ""insurer_address"", ""value"": ""31 Avenida Central"", ""timestamp"": ""2024-07-26 00:00:00""}, {""connected_to"": ""a022bc0f"", ""via"": ""insurer_phone_number"", ""value"": 600379103, ""timestamp"": ""2024-07-26 00:00:00""}]",0.18181818181818182,0,2,0,0,3,97,2,0,19,48,33,65,58,16,33,39
10.925373134328359,4,0.02796631332716764,2024-07-26,91c88928,2,0.5196850393700787,67,"[{""connected_to"": ""cd2da2b4"", ""via"": ""claim_location"", ""value"": ""Zone_5"", ""timestamp"": ""2024-07-26 00:00:00""}, {""connected_to"": ""9849c843"", ""via"": ""bank_account"", ""value"": ""ES82859036"", ""timestamp"": ""2024-07-26 00:00:00""}, {""connected_to"": ""63429b74"", ""via"": ""repair_shop"", ""value"": ""repair_34"", ""timestamp"": ""2024-07-26 00:00:00""}, {""connected_to"": ""4c287ede"", ""via"": ""insurer_license_plate"", ""value"": ""EF7402"", ""timestamp"": ""2024-07-26 00:00:00""}, {""connected_to"": ""5adc9a25"", ""via"": ""insurer_phone_number"", ""value"": 600809302, ""timestamp"": ""2024-07-26 00:00:00""}, {""connected_to"": ""d387f17a"", ""via"": ""insurer_address"", ""value"": ""24 Avenida Central"", ""timestamp"": ""2024-07-26 00:00:00""}, {""connected_to"": ""b205b267"", ""via"": ""insurer_phone_number"", ""value"": 600809302, ""timestamp"": ""2024-07-26 00:00:00""}, {""connected_to"": ""4cb83c72"", ""via"": ""insurer_phone_number"", ""value"": 600809302, ""timestamp"": ""2024-07-26 00:00:00""}, {""connected_to"": ""1b344808"", ""via"": ""repair_shop"", ""value"": ""repair_34"", ""timestamp"": ""2024-07-26 00:00:00""}, {""connected_to"": ""1028b1e7"", ""via"": ""bank_account"", ""value"": ""ES82859036"", ""timestamp"": ""2024-07-26 00:00:00""}, {""connected_to"": ""e039d1f7"", ""via"": ""insurer_phone_number"", ""value"": 600809302, ""timestamp"": ""2024-07-26 00:00:00""}, {""connected_to"": ""7c9666a8"", ""via"": ""bank_account"", ""value"": ""ES82859036"", ""timestamp"": ""2024-07-26 00:00:00""}, {""connected_to"": ""e4b967fc"", ""via"": ""claim_location"", ""value"": ""Zone_5"", ""timestamp"": ""2024-07-26 00:00:00""}, {""connected_to"": ""f28e3ec7"", ""via"": ""bank_account"", ""value"": ""ES82859036"", ""timestamp"": ""2024-07-26 00:00:00""}, {""connected_to"": ""2fdaa093"", ""via"": ""insurer_phone_number"", ""value"": 600809302, ""timestamp"": ""2024-07-26 00:00:00""}]",0.2272727272727273,0,1,0,1,5,97,2,0,19,48,33,65,58,16,33,39
10.925373134328359,2,0.025552022255891146,2024-07-26,b205b267,1,0.5409836065573771,67,"[{""connected_to"": ""bf3e5d6f"", ""via"": ""repair_shop"", ""value"": ""repair_11"", ""timestamp"": ""2024-07-26 00:00:00""}, {""connected_to"": ""5257a996"", ""via"": ""insurer_address"", ""value"": ""30 Avenida Central"", ""timestamp"": ""2024-07-26 00:00:00""}, {""connected_to"": ""4c287ede"", ""via"": ""repair_shop"", ""value"": ""repair_11"", ""timestamp"": ""2024-07-26 00:00:00""}, {""connected_to"": ""5adc9a25"", ""via"": ""insurer_phone_number"", ""value"": 600809302, ""timestamp"": ""2024-07-26 00:00:00""}, {""connected_to"": ""91c88928"", ""via"": ""insurer_phone_number"", ""value"": 600809302, ""timestamp"": ""2024-07-26 00:00:00""}, {""connected_to"": ""4cb83c72"", ""via"": ""insurer_phone_number"", ""value"": 600809302, ""timestamp"": ""2024-07-26 00:00:00""}, {""connected_to"": ""51ef5249"", ""via"": ""bank_account"", ""value"": ""ES38273233"", ""timestamp"": ""2024-07-26 00:00:00""}, {""connected_to"": ""f76a94f8"", ""via"": ""claim_location"", ""value"": ""Zone_23"", ""timestamp"": ""2024-07-26 00:00:00""}, {""connected_to"": ""5d452b93"", ""via"": ""insurer_license_plate"", ""value"": ""KF7403"", ""timestamp"": ""2024-07-26 00:00:00""}, {""connected_to"": ""608a6c32"", ""via"": ""insurer_address"", ""value"": ""30 Avenida Central"", ""timestamp"": ""2024-07-26 00:00:00""}, {""connected_to"": ""e039d1f7"", ""via"": ""insurer_phone_number"", ""value"": 600809302, ""timestamp"": ""2024-07-26 00:00:00""}, {""connected_to"": ""f4a75ecd"", ""via"": ""bank_account"", ""value"": ""ES38273233"", ""timestamp"": ""2024-07-26 00:00:00""}, {""connected_to"": ""2fdaa093"", ""via"": ""insurer_phone_number"", ""value"": 600809302, ""timestamp"": ""2024-07-26 00:00:00""}]",0.19696969696969696,0,2,0,1,5,97,2,0,19,48,33,65,58,16,33,39
10.925373134328359,1,0.008843931827272016,2024-07-26,baa5ea2a,1,0.4489795918367347,67,"[{""connected_to"": ""7efe7072"", ""via"": ""bank_account"", ""value"": ""ES51016557"", ""timestamp"": ""2024-07-26 00:00:00""}, {""connected_to"": ""1704ee21"", ""via"": ""claim_location"", ""value"": ""Zone_70"", ""timestamp"": ""2024-07-26 00:00:00""}, {""connected_to"": ""4c287ede"", ""via"": ""insurer_address"", ""value"": ""18 Avenida Central"", ""timestamp"": ""2024-07-26 00:00:00""}, {""connected_to"": ""7c2166f9"", ""via"": ""insurer_phone_number"", ""value"": 600826184, ""timestamp"": ""2024-07-26 00:00:00""}, {""connected_to"": ""5b0e5acd"", ""via"": ""insurer_phone_number"", ""value"": 600826184, ""timestamp"": ""2024-07-26 00:00:00""}, {""connected_to"": ""90a7e45b"", ""via"": ""insurer_address"", ""value"": ""18 Avenida Central"", ""timestamp"": ""2024-07-26 00:00:00""}, {""connected_to"": ""7c9666a8"", ""via"": ""insurer_address"", ""value"": ""18 Avenida Central"", ""timestamp"": ""2024-07-26 00:00:00""}, {""connected_to"": ""4f111138"", ""via"": ""insurer_phone_number"", ""value"": 600826184, ""timestamp"": ""2024-07-26 00:00:00""}]",0.12121212121212122,0,3,0,0,3,97,0,0,19,48,33,65,58,16,33,39
10.925373134328359,2,0.01200158465481378,2024-07-26,e4b967fc,1,0.4647887323943662,67,"[{""connected_to"": ""deb6383f"", ""via"": ""insurer_phone_number"", ""value"": 600432795, ""timestamp"": ""2024-07-26 00:00:00""}, {""connected_to"": ""cd2da2b4"", ""via"": ""bank_account"", ""value"": ""ES31320114"", ""timestamp"": ""2024-07-26 00:00:00""}, {""connected_to"": ""63429b74"", ""via"": ""insurer_address"", ""value"": ""25 Avenida Central"", ""timestamp"": ""2024-07-26 00:00:00""}, {""connected_to"": ""c6eb903b"", ""via"": ""insurer_phone_number"", ""value"": 600432795, ""timestamp"": ""2024-07-26 00:00:00""}, {""connected_to"": ""b08e7bfd"", ""via"": ""insurer_phone_number"", ""value"": 600432795, ""timestamp"": ""2024-07-26 00:00:00""}, {""connected_to"": ""7c2166f9"", ""via"": ""insurer_license_plate"", ""value"": ""MI6914"", ""timestamp"": ""2024-07-26 00:00:00""}, {""connected_to"": ""90a7e45b"", ""via"": ""bank_account"", ""value"": ""ES31320114"", ""timestamp"": ""2024-07-26 00:00:00""}, {""connected_to"": ""91c88928"", ""via"": ""claim_location"", ""value"": ""Zone_5"", ""timestamp"": ""2024-07-26 00:00:00""}]",0.12121212121212122,0,1,0,1,3,97,0,0,19,48,33,65,58,16,33,39
10.925373134328359,4,0.02339880902384962,2024-07-26,e73b8797,0,0.528,67,"[{""connected_to"": ""c06aa294"", ""via"": ""bank_account"", ""value"": ""ES29088754"", ""timestamp"": ""2024-07-26 00:00:00""}, {""connected_to"": ""35c1dbd1"", ""via"": ""bank_account"", ""value"": ""ES29088754"", ""timestamp"": ""2024-07-26 00:00:00""}, {""connected_to"": ""d387f17a"", ""via"": ""insurer_phone_number"", ""value"": 600904155, ""timestamp"": ""2024-07-26 00:00:00""}, {""connected_to"": ""3dbeee40"", ""via"": ""insurer_phone_number"", ""value"": 600904155, ""timestamp"": ""2024-07-26 00:00:00""}, {""connected_to"": ""1b344808"", ""via"": ""bank_account"", ""value"": ""ES29088754"", ""timestamp"": ""2024-07-26 00:00:00""}, {""connected_to"": ""51ef5249"", ""via"": ""third_party_license_plate"", ""value"": ""CF3049"", ""timestamp"": ""2024-07-26 00:00:00""}, {""connected_to"": ""90a7e45b"", ""via"": ""insurer_phone_number"", ""value"": 600904155, ""timestamp"": ""2024-07-26 00:00:00""}, {""connected_to"": ""5d452b93"", ""via"": ""repair_shop"", ""value"": ""repair_14"", ""timestamp"": ""2024-07-26 00:00:00""}, {""connected_to"": ""e039d1f7"", ""via"": ""insurer_address"", ""value"": ""40 Avenida Central"", ""timestamp"": ""2024-07-26 00:00:00""}, {""connected_to"": ""efc3d4b7"", ""via"": ""insurer_address"", ""value"": ""40 Avenida Central"", ""timestamp"": ""2024-07-26 00:00:00""}, {""connected_to"": ""4cdc9102"", ""via"": ""insurer_address"", ""value"": ""40 Avenida Central"", ""timestamp"": ""2024-07-26 00:00:00""}, {""connected_to"": ""07e13cb7"", ""via"": ""bank_account"", ""value"": ""ES29088754"", ""timestamp"": ""2024-07-26 00:00:00""}]",0.18181818181818182,0,3,0,0,3,97,1,1,19,48,33,65,58,16,33,39
11.835616438356164,5,0.01236627206907085,2024-07-27,0ab73345,2,0.5034965034965035,73,"[{""connected_to"": ""bf3e5d6f"", ""via"": ""repair_shop"", ""value"": ""repair_11"", ""timestamp"": ""2024-07-27 00:00:00""}, {""connected_to"": ""c06aa294"", ""via"": ""bank_account"", ""value"": ""ES29088754"", ""timestamp"": ""2024-07-27 00:00:00""}, {""connected_to"": ""35c1dbd1"", ""via"": ""bank_account"", ""value"": ""ES29088754"", ""timestamp"": ""2024-07-27 00:00:00""}, {""connected_to"": ""fb3640e4"", ""via"": ""claim_location"", ""value"": ""Zone_52"", ""timestamp"": ""2024-07-27 00:00:00""}, {""connected_to"": ""4c287ede"", ""via"": ""repair_shop"", ""value"": ""repair_11"", ""timestamp"": ""2024-07-27 00:00:00""}, {""connected_to"": ""b205b267"", ""via"": ""repair_shop"", ""value"": ""repair_11"", ""timestamp"": ""2024-07-27 00:00:00""}, {""connected_to"": ""1b344808"", ""via"": ""bank_account"", ""value"": ""ES29088754"", ""timestamp"": ""2024-07-27 00:00:00""}, {""connected_to"": ""b40777f6"", ""via"": ""insurer_phone_number"", ""value"": 600189326, ""timestamp"": ""2024-07-27 00:00:00""}, {""connected_to"": ""07e13cb7"", ""via"": ""bank_account"", ""value"": ""ES29088754"", ""timestamp"": ""2024-07-27 00:00:00""}, {""connected_to"": ""d2ed0339"", ""via"": ""insurer_phone_number"", ""value"": 600189326, ""timestamp"": ""2024-07-27 00:00:00""}, {""connected_to"": ""f4a75ecd"", ""via"": ""insurer_address"", ""value"": ""35 Avenida Central"", ""timestamp"": ""2024-07-27 00:00:00""}, {""connected_to"": ""e73b8797"", ""via"": ""bank_account"", ""value"": ""ES29088754"", ""timestamp"": ""2024-07-27 00:00:00""}, {""connected_to"": ""2fdaa093"", ""via"": ""claim_location"", ""value"": ""Zone_52"", ""timestamp"": ""2024-07-27 00:00:00""}]",0.18055555555555555,0,1,0,0,2,106,3,0,19,50,34,71,64,16,33,40
11.835616438356164,4,0.025278949398315126,2024-07-27,2a6e407a,1,0.5454545454545454,73,"[{""connected_to"": ""91c88928"", ""via"": ""repair_shop"", ""value"": ""repair_34"", ""timestamp"": ""2024-07-27 00:00:00""}, {""connected_to"": ""5257a996"", ""via"": ""insurer_address"", ""value"": ""30 Avenida Central"", ""timestamp"": ""2024-07-27 00:00:00""}, {""connected_to"": ""9849c843"", ""via"": ""bank_account"", ""value"": ""ES82859036"", ""timestamp"": ""2024-07-27 00:00:00""}, {""connected_to"": ""63429b74"", ""via"": ""repair_shop"", ""value"": ""repair_34"", ""timestamp"": ""2024-07-27 00:00:00""}, {""connected_to"": ""4c287ede"", ""via"": ""insurer_phone_number"", ""value"": 600596153, ""timestamp"": ""2024-07-27 00:00:00""}, {""connected_to"": ""5adc9a25"", ""via"": ""bank_account"", ""value"": ""ES82859036"", ""timestamp"": ""2024-07-27 00:00:00""}, {""connected_to"": ""d2ed0339"", ""via"": ""repair_shop"", ""value"": ""repair_34"", ""timestamp"": ""2024-07-27 00:00:00""}, {""connected_to"": ""b205b267"", ""via"": ""insurer_address"", ""value"": ""30 Avenida Central"", ""timestamp"": ""2024-07-27 00:00:00""}, {""connected_to"": ""1b344808"", ""via"": ""repair_shop"", ""value"": ""repair_34"", ""timestamp"": ""2024-07-27 00:00:00""}, {""connected_to"": ""42bf7d42"", ""via"": ""insurer_phone_number"", ""value"": 600596153, ""timestamp"": ""2024-07-27 00:00:00""}, {""connected_to"": ""1028b1e7"", ""via"": ""insurer_phone_number"", ""value"": 600596153, ""timestamp"": ""2024-07-27 00:00:00""}, {""connected_to"": ""f949707f"", ""via"": ""claim_location"", ""value"": ""Zone_66"", ""timestamp"": ""2024-07-27 00:00:00""}, {""connected_to"": ""608a6c32"", ""via"": ""insurer_address"", ""value"": ""30 Avenida Central"", ""timestamp"": ""2024-07-27 00:00:00""}, {""connected_to"": ""7c9666a8"", ""via"": ""bank_account"", ""value"": ""ES82859036"", ""timestamp"": ""2024-07-27 00:00:00""}, {""connected_to"": ""07e13cb7"", ""via"": ""insurer_phone_number"", ""value"": 600596153, ""timestamp"": ""2024-07-27 00:00:00""}, {""connected_to"": ""f28e3ec7"", ""via"": ""bank_account"", ""value"": ""ES82859036"", ""timestamp"": ""2024-07-27 00:00:00""}, {""connected_to"": ""f4a75ecd"", ""via"": ""insurer_phone_number"", ""value"": 600596153, ""timestamp"": ""2024-07-27 00:00:00""}]",0.2361111111111111,0,3,0,0,5,106,4,0,19,50,34,71,64,16,33,40
11.835616438356164,1,0.0010543672696797393,2024-07-27,6db026f9,0,0.4235294117647059,73,"[{""connected_to"": ""91ebb156"", ""via"": ""insurer_phone_number"", ""value"": 600481783, ""timestamp"": ""2024-07-27 00:00:00""}, {""connected_to"": ""1b344808"", ""via"": ""insurer_phone_number"", ""value"": 600481783, ""timestamp"": ""2024-07-27 00:00:00""}, {""connected_to"": ""d8033cc3"", ""via"": ""insurer_address"", ""value"": ""39 Avenida Central"", ""timestamp"": ""2024-07-27 00:00:00""}, {""connected_to"": ""11c352f3"", ""via"": ""insurer_phone_number"", ""value"": 600481783, ""timestamp"": ""2024-07-27 00:00:00""}, {""connected_to"": ""07e13cb7"", ""via"": ""insurer_address"", ""value"": ""39 Avenida Central"", ""timestamp"": ""2024-07-27 00:00:00""}, {""connected_to"": ""2fdaa093"", ""via"": ""bank_account"", ""value"": ""ES97868719"", ""timestamp"": ""2024-07-27 00:00:00""}]",0.08333333333333333,0,2,0,0,3,106,0,0,19,50,34,71,64,16,33,40
11.835616438356164,4,0.007998056130232833,2024-07-27,91ebb156,0,0.46153846153846156,73,"[{""connected_to"": ""71d88f8f"", ""via"": ""bank_account"", ""value"": ""ES42901579"", ""timestamp"": ""2024-07-27 00:00:00""}, {""connected_to"": ""fb3640e4"", ""via"": ""bank_account"", ""value"": ""ES42901579"", ""timestamp"": ""2024-07-27 00:00:00""}, {""connected_to"": ""6db026f9"", ""via"": ""insurer_phone_number"", ""value"": 600481783, ""timestamp"": ""2024-07-27 00:00:00""}, {""connected_to"": ""1b344808"", ""via"": ""insurer_phone_number"", ""value"": 600481783, ""timestamp"": ""2024-07-27 00:00:00""}, {""connected_to"": ""a2cef4f7"", ""via"": ""bank_account"", ""value"": ""ES42901579"", ""timestamp"": ""2024-07-27 00:00:00""}, {""connected_to"": ""90a7e45b"", ""via"": ""repair_shop"", ""value"": ""repair_39"", ""timestamp"": ""2024-07-27 00:00:00""}, {""connected_to"": ""efc3d4b7"", ""via"": ""bank_account"", ""value"": ""ES42901579"", ""timestamp"": ""2024-07-27 00:00:00""}, {""connected_to"": ""11c352f3"", ""via"": ""insurer_phone_number"", ""value"": 600481783, ""timestamp"": ""2024-07-27 00:00:00""}, {""connected_to"": ""2fdaa093"", ""via"": ""third_party_license_plate"", ""value"": ""OD8760"", ""timestamp"": ""2024-07-27 00:00:00""}]",0.125,0,0,0,0,3,106,1,1,19,50,34,71,64,16,33,40
11.835616438356164,3,0.012368165212561651,2024-07-27,c93a329f,3,0.4931506849315068,73,"[{""connected_to"": ""a4b96898"", ""via"": ""claim_location"", ""value"": ""Zone_78"", ""timestamp"": ""2024-07-27 00:00:00""}, {""connected_to"": ""35c1dbd1"", ""via"": ""insurer_address"", ""value"": ""6 Avenida Central"", ""timestamp"": ""2024-07-27 00:00:00""}, {""connected_to"": ""5257a996"", ""via"": ""insurer_phone_number"", ""value"": 600997261, ""timestamp"": ""2024-07-27 00:00:00""}, {""connected_to"": ""b9d5e6dc"", ""via"": ""claim_location"", ""value"": ""Zone_78"", ""timestamp"": ""2024-07-27 00:00:00""}, {""connected_to"": ""7634221b"", ""via"": ""insurer_phone_number"", ""value"": 600997261, ""timestamp"": ""2024-07-27 00:00:00""}, {""connected_to"": ""1704ee21"", ""via"": ""bank_account"", ""value"": ""ES71007570"", ""timestamp"": ""2024-07-27 00:00:00""}, {""connected_to"": ""d387f17a"", ""via"": ""repair_shop"", ""value"": ""repair_18"", ""timestamp"": ""2024-07-27 00:00:00""}, {""connected_to"": ""5b0e5acd"", ""via"": ""claim_location"", ""value"": ""Zone_78"", ""timestamp"": ""2024-07-27 00:00:00""}, {""connected_to"": ""f949707f"", ""via"": ""insurer_phone_number"", ""value"": 600997261, ""timestamp"": ""2024-07-27 00:00:00""}, {""connected_to"": ""608a6c32"", ""via"": ""bank_account"", ""value"": ""ES71007570"", ""timestamp"": ""2024-07-27 00:00:00""}, {""connected_to"": ""dbb83833"", ""via"": ""insurer_phone_number"", ""value"": 600997261, ""timestamp"": ""2024-07-27 00:00:00""}, {""connected_to"": ""4f111138"", ""via"": ""bank_account"", ""value"": ""ES71007570"", ""timestamp"": ""2024-07-27 00:00:00""}]",0.16666666666666666,0,1,0,0,4,106,1,0,19,50,34,71,64,16,33,40
11.835616438356164,1,0.010695333487905596,2024-07-27,d2ed0339,1,0.5217391304347826,73,"[{""connected_to"": ""2db8cd46"", ""via"": ""claim_location"", ""value"": ""Zone_46"", ""timestamp"": ""2024-07-27 00:00:00""}, {""connected_to"": ""91c88928"", ""via"": ""repair_shop"", ""value"": ""repair_34"", ""timestamp"": ""2024-07-27 00:00:00""}, {""connected_to"": ""63429b74"", ""via"": ""repair_shop"", ""value"": ""repair_34"", ""timestamp"": ""2024-07-27 00:00:00""}, {""connected_to"": ""2a6e407a"", ""via"": ""repair_shop"", ""value"": ""repair_34"", ""timestamp"": ""2024-07-27 00:00:00""}, {""connected_to"": ""1b344808"", ""via"": ""repair_shop"", ""value"": ""repair_34"", ""timestamp"": ""2024-07-27 00:00:00""}, {""connected_to"": ""b40777f6"", ""via"": ""insurer_phone_number"", ""value"": 600189326, ""timestamp"": ""2024-07-27 00:00:00""}, {""connected_to"": ""e039d1f7"", ""via"": ""insurer_address"", ""value"": ""40 Avenida Central"", ""timestamp"": ""2024-07-27 00:00:00""}, {""connected_to"": ""efc3d4b7"", ""via"": ""insurer_address"", ""value"": ""40 Avenida Central"", ""timestamp"": ""2024-07-27 00:00:00""}, {""connected_to"": ""4cdc9102"", ""via"": ""insurer_address"", ""value"": ""40 Avenida Central"", ""timestamp"": ""2024-07-27 00:00:00""}, {""connected_to"": ""0ab73345"", ""via"": ""insurer_phone_number"", ""value"": 600189326, ""timestamp"": ""2024-07-27 00:00:00""}, {""connected_to"": ""48734acd"", ""via"": ""bank_account"", ""value"": ""ES95330972"", ""timestamp"": ""2024-07-27 00:00:00""}, {""connected_to"": ""e73b8797"", ""via"": ""insurer_address"", ""value"": ""40 Avenida Central"", ""timestamp"": ""2024-07-27 00:00:00""}]",0.16666666666666666,0,4,0,0,2,106,4,0,19,50,34,71,64,16,33,40
13.1,0,0.006081477598163374,2024-07-28,3a3d6e6e,2,0.48466257668711654,80,"[{""connected_to"": ""4c287ede"", ""via"": ""insurer_phone_number"", ""value"": 600596153, ""timestamp"": ""2024-07-28 00:00:00""}, {""connected_to"": ""1028b1e7"", ""via"": ""insurer_phone_number"", ""value"": 600596153, ""timestamp"": ""2024-07-28 00:00:00""}, {""connected_to"": ""07e13cb7"", ""via"": ""insurer_phone_number"", ""value"": 600596153, ""timestamp"": ""2024-07-28 00:00:00""}, {""connected_to"": ""2a6e407a"", ""via"": ""insurer_phone_number"", ""value"": 600596153, ""timestamp"": ""2024-07-28 00:00:00""}, {""connected_to"": ""1b344808"", ""via"": ""claim_location"", ""value"": ""Zone_15"", ""timestamp"": ""2024-07-28 00:00:00""}, {""connected_to"": ""42bf7d42"", ""via"": ""insurer_phone_number"", ""value"": 600596153, ""timestamp"": ""2024-07-28 00:00:00""}, {""connected_to"": ""b40777f6"", ""via"": ""insurer_address"", ""value"": ""15 Avenida Central"", ""timestamp"": ""2024-07-28 00:00:00""}, {""connected_to"": ""3de72026"", ""via"": ""claim_location"", ""value"": ""Zone_15"", ""timestamp"": ""2024-07-28 00:00:00""}, {""connected_to"": ""11c352f3"", ""via"": ""insurer_address"", ""value"": ""15 Avenida Central"", ""timestamp"": ""2024-07-28 00:00:00""}, {""connected_to"": ""71d88f8f"", ""via"": ""repair_shop"", ""value"": ""repair_22"", ""timestamp"": ""2024-07-28 00:00:00""}, {""connected_to"": ""f4a75ecd"", ""via"": ""insurer_phone_number"", ""value"": 600596153, ""timestamp"": ""2024-07-28 00:00:00""}]",0.13924050632911392,0,2,0,0,6,118,1,0,20,53,34,77,68,16,34,43
13.1,1,0.028641490656207257,2024-07-28,4fd0f508,2,0.5563380281690141,80,"[{""connected_to"": ""0146fadf"", ""via"": ""bank_account"", ""value"": ""ES12961077"", ""timestamp"": ""2024-07-28 00:00:00""}, {""connected_to"": ""c93a329f"", ""via"": ""insurer_phone_number"", ""value"": 600997261, ""timestamp"": ""2024-07-28 00:00:00""}, {""connected_to"": ""baa5ea2a"", ""via"": ""claim_location"", ""value"": ""Zone_70"", ""timestamp"": ""2024-07-28 00:00:00""}, {""connected_to"": ""c9504603"", ""via"": ""insurer_address"", ""value"": ""33 Avenida Central"", ""timestamp"": ""2024-07-28 00:00:00""}, {""connected_to"": ""42bf7d42"", ""via"": ""insurer_address"", ""value"": ""33 Avenida Central"", ""timestamp"": ""2024-07-28 00:00:00""}, {""connected_to"": ""f949707f"", ""via"": ""insurer_phone_number"", ""value"": 600997261, ""timestamp"": ""2024-07-28 00:00:00""}, {""connected_to"": ""c06aa294"", ""via"": ""repair_shop"", ""value"": ""repair_32"", ""timestamp"": ""2024-07-28 00:00:00""}, {""connected_to"": ""fb3640e4"", ""via"": ""insurer_address"", ""value"": ""33 Avenida Central"", ""timestamp"": ""2024-07-28 00:00:00""}, {""connected_to"": ""5257a996"", ""via"": ""insurer_phone_number"", ""value"": 600997261, ""timestamp"": ""2024-07-28 00:00:00""}, {""connected_to"": ""1704ee21"", ""via"": ""claim_location"", ""value"": ""Zone_70"", ""timestamp"": ""2024-07-28 00:00:00""}, {""connected_to"": ""5adc9a25"", ""via"": ""repair_shop"", ""value"": ""repair_32"", ""timestamp"": ""2024-07-28 00:00:00""}, {""connected_to"": ""bb742b13"", ""via"": ""insurer_phone_number"", ""value"": 600997261, ""timestamp"": ""2024-07-28 00:00:00""}, {""connected_to"": ""b40777f6"", ""via"": ""insurer_license_plate"", ""value"": ""EL1845"", ""timestamp"": ""2024-07-28 00:00:00""}, {""connected_to"": ""dbb83833"", ""via"": ""insurer_phone_number"", ""value"": 600997261, ""timestamp"": ""2024-07-28 00:00:00""}, {""connected_to"": ""b9d5e6dc"", ""via"": ""insurer_license_plate"", ""value"": ""EL1845"", ""timestamp"": ""2024-07-28 00:00:00""}, {""connected_to"": ""9849c843"", ""via"": ""insurer_address"", ""value"": ""33 Avenida Central"", ""timestamp"": ""2024-07-28 00:00:00""}, {""connected_to"": ""7634221b"", ""via"": ""insurer_phone_number"", ""value"": 600997261, ""timestamp"": ""2024-07-28 00:00:00""}, {""connected_to"": ""7c2166f9"", ""via"": ""insurer_address"", ""value"": ""33 Avenida Central"", ""timestamp"": ""2024-07-28 00:00:00""}]",0.22784810126582278,0,5,0,2,6,118,2,0,20,53,34,77,68,16,34,43
13.1,4,0.011907905172168439,2024-07-28,a86c8802,0,0.5302013422818792,80,"[{""connected_to"": ""35c1dbd1"", ""via"": ""insurer_phone_number"", ""value"": 600621704, ""timestamp"": ""2024-07-28 00:00:00""}, {""connected_to"": ""4c287ede"", ""via"": ""bank_account"", ""value"": ""ES42953246"", ""timestamp"": ""2024-07-28 00:00:00""}, {""connected_to"": ""c04a4443"", ""via"": ""insurer_address"", ""value"": ""28 Avenida Central"", ""timestamp"": ""2024-07-28 00:00:00""}, {""connected_to"": ""ca8b2ffe"", ""via"": ""repair_shop"", ""value"": ""repair_19"", ""timestamp"": ""2024-07-28 00:00:00""}, {""connected_to"": ""4cdc9102"", ""via"": ""bank_account"", ""value"": ""ES42953246"", ""timestamp"": ""2024-07-28 00:00:00""}, {""connected_to"": ""c9504603"", ""via"": ""insurer_phone_number"", ""value"": 600621704, ""timestamp"": ""2024-07-28 00:00:00""}, {""connected_to"": ""d8033cc3"", ""via"": ""bank_account"", ""value"": ""ES42953246"", ""timestamp"": ""2024-07-28 00:00:00""}, {""connected_to"": ""608a6c32"", ""via"": ""insurer_license_plate"", ""value"": ""IL5920"", ""timestamp"": ""2024-07-28 00:00:00""}, {""connected_to"": ""1704ee21"", ""via"": ""insurer_phone_number"", ""value"": 600621704, ""timestamp"": ""2024-07-28 00:00:00""}, {""connected_to"": ""11c352f3"", ""via"": ""bank_account"", ""value"": ""ES42953246"", ""timestamp"": ""2024-07-28 00:00:00""}, {""connected_to"": ""2db8cd46"", ""via"": ""insurer_phone_number"", ""value"": 600621704, ""timestamp"": ""2024-07-28 00:00:00""}, {""connected_to"": ""b9d5e6dc"", ""via"": ""insurer_phone_number"", ""value"": 600621704, ""timestamp"": ""2024-07-28 00:00:00""}, {""connected_to"": ""dbfb58bf"", ""via"": ""insurer_address"", ""value"": ""28 Avenida Central"", ""timestamp"": ""2024-07-28 00:00:00""}, {""connected_to"": ""48734acd"", ""via"": ""insurer_email"", ""value"": ""insured_160@mail.com"", ""timestamp"": ""2024-07-28 00:00:00""}]",0.17721518987341772,0,2,1,1,5,118,1,0,20,53,34,77,68,16,34,43
13.1,3,0.0070806576607981495,2024-07-28,bb742b13,1,0.49375,80,"[{""connected_to"": ""c93a329f"", ""via"": ""insurer_phone_number"", ""value"": 600997261, ""timestamp"": ""2024-07-28 00:00:00""}, {""connected_to"": ""5b0e5acd"", ""via"": ""repair_shop"", ""value"": ""repair_29"", ""timestamp"": ""2024-07-28 00:00:00""}, {""connected_to"": ""f949707f"", ""via"": ""insurer_phone_number"", ""value"": 600997261, ""timestamp"": ""2024-07-28 00:00:00""}, {""connected_to"": ""5257a996"", ""via"": ""insurer_phone_number"", ""value"": 600997261, ""timestamp"": ""2024-07-28 00:00:00""}, {""connected_to"": ""4fd0f508"", ""via"": ""insurer_phone_number"", ""value"": 600997261, ""timestamp"": ""2024-07-28 00:00:00""}, {""connected_to"": ""ca8b2ffe"", ""via"": ""bank_account"", ""value"": ""ES73593231"", ""timestamp"": ""2024-07-28 00:00:00""}, {""connected_to"": ""dbb83833"", ""via"": ""insurer_phone_number"", ""value"": 600997261, ""timestamp"": ""2024-07-28 00:00:00""}, {""connected_to"": ""71d88f8f"", ""via"": ""claim_location"", ""value"": ""Zone_67"", ""timestamp"": ""2024-07-28 00:00:00""}, {""connected_to"": ""b9d5e6dc"", ""via"": ""bank_account"", ""value"": ""ES73593231"", ""timestamp"": ""2024-07-28 00:00:00""}, {""connected_to"": ""7634221b"", ""via"": ""insurer_phone_number"", ""value"": 600997261, ""timestamp"": ""2024-07-28 00:00:00""}, {""connected_to"": ""6c2948c2"", ""via"": ""insurer_address"", ""value"": ""31 Avenida Central"", ""timestamp"": ""2024-07-28 00:00:00""}, {""connected_to"": ""21c54feb"", ""via"": ""bank_account"", ""value"": ""ES73593231"", ""timestamp"": ""2024-07-28 00:00:00""}]",0.1518987341772152,0,1,0,0,6,118,1,0,20,53,34,77,68,16,34,43
13.1,6,0.01167787651372403,2024-07-28,c04a4443,0,0.5064102564102564,80,"[{""connected_to"": ""a86c8802"", ""via"": ""insurer_address"", ""value"": ""28 Avenida Central"", ""timestamp"": ""2024-07-28 00:00:00""}, {""connected_to"": ""c6eb903b"", ""via"": ""insurer_phone_number"", ""value"": 600432795, ""timestamp"": ""2024-07-28 00:00:00""}, {""connected_to"": ""b08e7bfd"", ""via"": ""insurer_phone_number"", ""value"": 600432795, ""timestamp"": ""2024-07-28 00:00:00""}, {""connected_to"": ""5b0e5acd"", ""via"": ""bank_account"", ""value"": ""ES54795355"", ""timestamp"": ""2024-07-28 00:00:00""}, {""connected_to"": ""709da1d8"", ""via"": ""bank_account"", ""value"": ""ES54795355"", ""timestamp"": ""2024-07-28 00:00:00""}, {""connected_to"": ""deb6383f"", ""via"": ""insurer_phone_number"", ""value"": 600432795, ""timestamp"": ""2024-07-28 00:00:00""}, {""connected_to"": ""bf3e5d6f"", ""via"": ""bank_account"", ""value"": ""ES54795355"", ""timestamp"": ""2024-07-28 00:00:00""}, {""connected_to"": ""e4b967fc"", ""via"": ""insurer_phone_number"", ""value"": 600432795, ""timestamp"": ""2024-07-28 00:00:00""}, {""connected_to"": ""9849c843"", ""via"": ""repair_shop"", ""value"": ""repair_5"", ""timestamp"": ""2024-07-28 00:00:00""}, {""connected_to"": ""d387f17a"", ""via"": ""bank_account"", ""value"": ""ES54795355"", ""timestamp"": ""2024-07-28 00:00:00""}, {""connected_to"": ""dbfb58bf"", ""via"": ""insurer_address"", ""value"": ""28 Avenida Central"", ""timestamp"": ""2024-07-28 00:00:00""}, {""connected_to"": ""7c2166f9"", ""via"": ""repair_shop"", ""value"": ""repair_5"", ""timestamp"": ""2024-07-28 00:00:00""}, {""connected_to"": ""ab824ba6"", ""via"": ""bank_account"", ""value"": ""ES54795355"", ""timestamp"": ""2024-07-28 00:00:00""}, {""connected_to"": ""ef4d9ae4"", ""via"": ""bank_account"", ""value"": ""ES54795355"", ""timestamp"": ""2024-07-28 00:00:00""}]",0.17721518987341772,0,2,0,0,4,118,2,0,20,53,34,77,68,16,34,43
13.1,4,0.00778390380582925,2024-07-28,ca8b2ffe,1,0.4906832298136646,80,"[{""connected_to"": ""63429b74"", ""via"": ""insurer_address"", ""value"": ""25 Avenida Central"", ""timestamp"": ""2024-07-28 00:00:00""}, {""connected_to"": ""a86c8802"", ""via"": ""repair_shop"", ""value"": ""repair_19"", ""timestamp"": ""2024-07-28 00:00:00""}, {""connected_to"": ""d8033cc3"", ""via"": ""insurer_license_plate"", ""value"": ""LC4785"", ""timestamp"": ""2024-07-28 00:00:00""}, {""connected_to"": ""5257a996"", ""via"": ""bank_account"", ""value"": ""ES73593231"", ""timestamp"": ""2024-07-28 00:00:00""}, {""connected_to"": ""bb742b13"", ""via"": ""bank_account"", ""value"": ""ES73593231"", ""timestamp"": ""2024-07-28 00:00:00""}, {""connected_to"": ""7c9666a8"", ""via"": ""insurer_phone_number"", ""value"": 600354258, ""timestamp"": ""2024-07-28 00:00:00""}, {""connected_to"": ""e4b967fc"", ""via"": ""insurer_address"", ""value"": ""25 Avenida Central"", ""timestamp"": ""2024-07-28 00:00:00""}, {""connected_to"": ""b9d5e6dc"", ""via"": ""bank_account"", ""value"": ""ES73593231"", ""timestamp"": ""2024-07-28 00:00:00""}, {""connected_to"": ""21c54feb"", ""via"": ""bank_account"", ""value"": ""ES73593231"", ""timestamp"": ""2024-07-28 00:00:00""}, {""connected_to"": ""51ef5249"", ""via"": ""claim_location"", ""value"": ""Zone_45"", ""timestamp"": ""2024-07-28 00:00:00""}]",0.12658227848101267,0,2,0,1,1,118,1,0,20,53,34,77,68,16,34,43
13.1,6,0.019147592811514545,2024-07-28,ef4d9ae4,0,0.5486111111111112,80,"[{""connected_to"": ""1b005a35"", ""via"": ""insurer_phone_number"", ""value"": 600664650, ""timestamp"": ""2024-07-28 00:00:00""}, {""connected_to"": ""5b0e5acd"", ""via"": ""bank_account"", ""value"": ""ES54795355"", ""timestamp"": ""2024-07-28 00:00:00""}, {""connected_to"": ""d8033cc3"", ""via"": ""insurer_phone_number"", ""value"": 600664650, ""timestamp"": ""2024-07-28 00:00:00""}, {""connected_to"": ""608a6c32"", ""via"": ""insurer_phone_number"", ""value"": 600664650, ""timestamp"": ""2024-07-28 00:00:00""}, {""connected_to"": ""709da1d8"", ""via"": ""insurer_phone_number"", ""value"": 600664650, ""timestamp"": ""2024-07-28 00:00:00""}, {""connected_to"": ""deb6383f"", ""via"": ""bank_account"", ""value"": ""ES54795355"", ""timestamp"": ""2024-07-28 00:00:00""}, {""connected_to"": ""bf3e5d6f"", ""via"": ""bank_account"", ""value"": ""ES54795355"", ""timestamp"": ""2024-07-28 00:00:00""}, {""connected_to"": ""fb3640e4"", ""via"": ""insurer_phone_number"", ""value"": 600664650, ""timestamp"": ""2024-07-28 00:00:00""}, {""connected_to"": ""1704ee21"", ""via"": ""repair_shop"", ""value"": ""repair_9"", ""timestamp"": ""2024-07-28 00:00:00""}, {""connected_to"": ""ea9d7eb4"", ""via"": ""insurer_phone_number"", ""value"": 600664650, ""timestamp"": ""2024-07-28 00:00:00""}, {""connected_to"": ""3dbeee40"", ""via"": ""insurer_address"", ""value"": ""5 Avenida Central"", ""timestamp"": ""2024-07-28 00:00:00""}, {""connected_to"": ""71d88f8f"", ""via"": ""insurer_phone_number"", ""value"": 600664650, ""timestamp"": ""2024-07-28 00:00:00""}, {""connected_to"": ""2db8cd46"", ""via"": ""insurer_address"", ""value"": ""5 Avenida Central"", ""timestamp"": ""2024-07-28 00:00:00""}, {""connected_to"": ""d387f17a"", ""via"": ""bank_account"", ""value"": ""ES54795355"", ""timestamp"": ""2024-07-28 00:00:00""}, {""connected_to"": ""51ef5249"", ""via"": ""insurer_address"", ""value"": ""5 Avenida Central"", ""timestamp"": ""2024-07-28 00:00:00""}, {""connected_to"": ""ab824ba6"", ""via"": ""bank_account"", ""value"": ""ES54795355"", ""timestamp"": ""2024-07-28 00:00:00""}, {""connected_to"": ""efc3d4b7"", ""via"": ""insurer_phone_number"", ""value"": 600664650, ""timestamp"": ""2024-07-28 00:00:00""}, {""connected_to"": ""c04a4443"", ""via"": ""bank_account"", ""value"": ""ES54795355"", ""timestamp"": ""2024-07-28 00:00:00""}]",0.22784810126582278,0,3,0,0,8,118,1,0,20,53,34,77,68,16,34,43
14.32183908045977,2,0.003265677766434508,2024-07-29,0e3d08eb,0,0.46994535519125685,87,"[{""connected_to"": ""593855ae"", ""via"": ""bank_account"", ""value"": ""ES64784211"", ""timestamp"": ""2024-07-29 00:00:00""}, {""connected_to"": ""7efe7072"", ""via"": ""insurer_phone_number"", ""value"": 600768374, ""timestamp"": ""2024-07-29 00:00:00""}, {""connected_to"": ""63429b74"", ""via"": ""insurer_phone_number"", ""value"": 600768374, ""timestamp"": ""2024-07-29 00:00:00""}, {""connected_to"": ""1b005a35"", ""via"": ""insurer_address"", ""value"": ""34 Avenida Central"", ""timestamp"": ""2024-07-29 00:00:00""}, {""connected_to"": ""4cb83c72"", ""via"": ""insurer_address"", ""value"": ""34 Avenida Central"", ""timestamp"": ""2024-07-29 00:00:00""}, {""connected_to"": ""bf3e5d6f"", ""via"": ""insurer_phone_number"", ""value"": 600768374, ""timestamp"": ""2024-07-29 00:00:00""}, {""connected_to"": ""ea9d7eb4"", ""via"": ""third_party_license_plate"", ""value"": ""EI7604"", ""timestamp"": ""2024-07-29 00:00:00""}, {""connected_to"": ""3a3d6e6e"", ""via"": ""bank_account"", ""value"": ""ES64784211"", ""timestamp"": ""2024-07-29 00:00:00""}, {""connected_to"": ""5d452b93"", ""via"": ""insurer_phone_number"", ""value"": 600768374, ""timestamp"": ""2024-07-29 00:00:00""}]",0.10465116279069767,0,2,0,0,4,127,0,1,20,56,35,82,73,16,36,43
14.32183908045977,6,0.005793305580440404,2024-07-29,24e31115,2,0.46994535519125685,87,"[{""connected_to"": ""1028b1e7"", ""via"": ""bank_account"", ""value"": ""ES82859036"", ""timestamp"": ""2024-07-29 00:00:00""}, {""connected_to"": ""f28e3ec7"", ""via"": ""bank_account"", ""value"": ""ES82859036"", ""timestamp"": ""2024-07-29 00:00:00""}, {""connected_to"": ""2a6e407a"", ""via"": ""bank_account"", ""value"": ""ES82859036"", ""timestamp"": ""2024-07-29 00:00:00""}, {""connected_to"": ""91ebb156"", ""via"": ""insurer_address"", ""value"": ""2 Avenida Central"", ""timestamp"": ""2024-07-29 00:00:00""}, {""connected_to"": ""5adc9a25"", ""via"": ""bank_account"", ""value"": ""ES82859036"", ""timestamp"": ""2024-07-29 00:00:00""}, {""connected_to"": ""ca8b2ffe"", ""via"": ""insurer_phone_number"", ""value"": 600354258, ""timestamp"": ""2024-07-29 00:00:00""}, {""connected_to"": ""b205b267"", ""via"": ""claim_location"", ""value"": ""Zone_23"", ""timestamp"": ""2024-07-29 00:00:00""}, {""connected_to"": ""7c9666a8"", ""via"": ""insurer_phone_number"", ""value"": 600354258, ""timestamp"": ""2024-07-29 00:00:00""}, {""connected_to"": ""91c88928"", ""via"": ""bank_account"", ""value"": ""ES82859036"", ""timestamp"": ""2024-07-29 00:00:00""}, {""connected_to"": ""9849c843"", ""via"": ""bank_account"", ""value"": ""ES82859036"", ""timestamp"": ""2024-07-29 00:00:00""}, {""connected_to"": ""8379280e"", ""via"": ""insurer_phone_number"", ""value"": 600354258, ""timestamp"": ""2024-07-29 00:00:00""}, {""connected_to"": ""f76a94f8"", ""via"": ""claim_location"", ""value"": ""Zone_23"", ""timestamp"": ""2024-07-29 00:00:00""}, {""connected_to"": ""f4a75ecd"", ""via"": ""repair_shop"", ""value"": ""repair_8"", ""timestamp"": ""2024-07-29 00:00:00""}]",0.1511627906976744,0,1,0,0,3,127,1,0,20,56,35,82,73,16,36,43
14.32183908045977,2,0.011215695109326294,2024-07-29,593855ae,0,0.5212121212121212,87,"[{""connected_to"": ""0e3d08eb"", ""via"": ""bank_account"", ""value"": ""ES64784211"", ""timestamp"": ""2024-07-29 00:00:00""}, {""connected_to"": ""4c287ede"", ""via"": ""repair_shop"", ""value"": ""repair_11"", ""timestamp"": ""2024-07-29 00:00:00""}, {""connected_to"": ""c93a329f"", ""via"": ""insurer_phone_number"", ""value"": 600997261, ""timestamp"": ""2024-07-29 00:00:00""}, {""connected_to"": ""5b0e5acd"", ""via"": ""insurer_address"", ""value"": ""11 Avenida Central"", ""timestamp"": ""2024-07-29 00:00:00""}, {""connected_to"": ""f949707f"", ""via"": ""insurer_phone_number"", ""value"": 600997261, ""timestamp"": ""2024-07-29 00:00:00""}, {""connected_to"": ""709da1d8"", ""via"": ""insurer_address"", ""value"": ""11 Avenida Central"", ""timestamp"": ""2024-07-29 00:00:00""}, {""connected_to"": ""bf3e5d6f"", ""via"": ""repair_shop"", ""value"": ""repair_11"", ""timestamp"": ""2024-07-29 00:00:00""}, {""connected_to"": ""5257a996"", ""via"": ""insurer_phone_number"", ""value"": 600997261, ""timestamp"": ""2024-07-29 00:00:00""}, {""connected_to"": ""b205b267"", ""via"": ""repair_shop"", ""value"": ""repair_11"", ""timestamp"": ""2024-07-29 00:00:00""}, {""connected_to"": ""0ab73345"", ""via"": ""repair_shop"", ""value"": ""repair_11"", ""timestamp"": ""2024-07-29 00:00:00""}, {""connected_to"": ""bb742b13"", ""via"": ""insurer_phone_number"", ""value"": 600997261, ""timestamp"": ""2024-07-29 00:00:00""}, {""connected_to"": ""3a3d6e6e"", ""via"": ""bank_account"", ""value"": ""ES64784211"", ""timestamp"": ""2024-07-29 00:00:00""}, {""connected_to"": ""dbb83833"", ""via"": ""insurer_phone_number"", ""value"": 600997261, ""timestamp"": ""2024-07-29 00:00:00""}, {""connected_to"": ""7634221b"", ""via"": ""insurer_phone_number"", ""value"": 600997261, ""timestamp"": ""2024-07-29 00:00:00""}, {""connected_to"": ""4fd0f508"", ""via"": ""insurer_phone_number"", ""value"": 600997261, ""timestamp"": ""2024-07-29 00:00:00""}]",0.1744186046511628,0,2,0,0,7,127,4,0,20,56,35,82,73,16,36,43
14.32183908045977,3,0.007239513742623452,2024-07-29,8379280e,2,0.4858757062146893,87,"[{""connected_to"": ""6db026f9"", ""via"": ""insurer_email"", ""value"": ""insured_37@mail.com"", ""timestamp"": ""2024-07-29 00:00:00""}, {""connected_to"": ""ca8b2ffe"", ""via"": ""insurer_phone_number"", ""value"": 600354258, ""timestamp"": ""2024-07-29 00:00:00""}, {""connected_to"": ""b205b267"", ""via"": ""bank_account"", ""value"": ""ES38273233"", ""timestamp"": ""2024-07-29 00:00:00""}, {""connected_to"": ""bb742b13"", ""via"": ""claim_location"", ""value"": ""Zone_67"", ""timestamp"": ""2024-07-29 00:00:00""}, {""connected_to"": ""e039d1f7"", ""via"": ""repair_shop"", ""value"": ""repair_24"", ""timestamp"": ""2024-07-29 00:00:00""}, {""connected_to"": ""7c9666a8"", ""via"": ""insurer_phone_number"", ""value"": 600354258, ""timestamp"": ""2024-07-29 00:00:00""}, {""connected_to"": ""3de72026"", ""via"": ""insurer_address"", ""value"": ""1 Avenida Central"", ""timestamp"": ""2024-07-29 00:00:00""}, {""connected_to"": ""71d88f8f"", ""via"": ""claim_location"", ""value"": ""Zone_67"", ""timestamp"": ""2024-07-29 00:00:00""}, {""connected_to"": ""24e31115"", ""via"": ""insurer_phone_number"", ""value"": 600354258, ""timestamp"": ""2024-07-29 00:00:00""}, {""connected_to"": ""51ef5249"", ""via"": ""bank_account"", ""value"": ""ES38273233"", ""timestamp"": ""2024-07-29 00:00:00""}, {""connected_to"": ""f4a75ecd"", ""via"": ""bank_account"", ""value"": ""ES38273233"", ""timestamp"": ""2024-07-29 00:00:00""}]",0.12790697674418605,0,1,1,0,3,127,1,0,20,56,35,82,73,16,36,43
14.32183908045977,6,0.015333089861757517,2024-07-29,a0e2a79f,0,0.5443037974683544,87,"[{""connected_to"": ""35c1dbd1"", ""via"": ""bank_account"", ""value"": ""ES29088754"", ""timestamp"": ""2024-07-29 00:00:00""}, {""connected_to"": ""07e13cb7"", ""via"": ""bank_account"", ""value"": ""ES29088754"", ""timestamp"": ""2024-07-29 00:00:00""}, {""connected_to"": ""e73b8797"", ""via"": ""bank_account"", ""value"": ""ES29088754"", ""timestamp"": ""2024-07-29 00:00:00""}, {""connected_to"": ""1b005a35"", ""via"": ""insurer_phone_number"", ""value"": 600664650, ""timestamp"": ""2024-07-29 00:00:00""}, {""connected_to"": ""1b344808"", ""via"": ""bank_account"", ""value"": ""ES29088754"", ""timestamp"": ""2024-07-29 00:00:00""}, {""connected_to"": ""d8033cc3"", ""via"": ""insurer_phone_number"", ""value"": 600664650, ""timestamp"": ""2024-07-29 00:00:00""}, {""connected_to"": ""608a6c32"", ""via"": ""insurer_phone_number"", ""value"": 600664650, ""timestamp"": ""2024-07-29 00:00:00""}, {""connected_to"": ""709da1d8"", ""via"": ""insurer_phone_number"", ""value"": 600664650, ""timestamp"": ""2024-07-29 00:00:00""}, {""connected_to"": ""c06aa294"", ""via"": ""bank_account"", ""value"": ""ES29088754"", ""timestamp"": ""2024-07-29 00:00:00""}, {""connected_to"": ""fb3640e4"", ""via"": ""insurer_phone_number"", ""value"": 600664650, ""timestamp"": ""2024-07-29 00:00:00""}, {""connected_to"": ""ea9d7eb4"", ""via"": ""insurer_phone_number"", ""value"": 600664650, ""timestamp"": ""2024-07-29 00:00:00""}, {""connected_to"": ""0ab73345"", ""via"": ""bank_account"", ""value"": ""ES29088754"", ""timestamp"": ""2024-07-29 00:00:00""}, {""connected_to"": ""a25a1ebb"", ""via"": ""insurer_license_plate"", ""value"": ""DG3242"", ""timestamp"": ""2024-07-29 00:00:00""}, {""connected_to"": ""b40777f6"", ""via"": ""insurer_address"", ""value"": ""15 Avenida Central"", ""timestamp"": ""2024-07-29 00:00:00""}, {""connected_to"": ""11c352f3"", ""via"": ""insurer_address"", ""value"": ""15 Avenida Central"", ""timestamp"": ""2024-07-29 00:00:00""}, {""connected_to"": ""3a3d6e6e"", ""via"": ""insurer_email"", ""value"": ""insured_136@mail.com"", ""timestamp"": ""2024-07-29 00:00:00""}, {""connected_to"": ""71d88f8f"", ""via"": ""insurer_phone_number"", ""value"": 600664650, ""timestamp"": ""2024-07-29 00:00:00""}, {""connected_to"": ""ef4d9ae4"", ""via"": ""insurer_phone_number"", ""value"": 600664650, ""timestamp"": ""2024-07-29 00:00:00""}, {""connected_to"": ""efc3d4b7"", ""via"": ""insurer_phone_number"", ""value"": 600664650, ""timestamp"": ""2024-07-29 00:00:00""}]",0.22093023255813954,0,2,1,1,9,127,0,0,20,56,35,82,73,16,36,43
14.32183908045977,2,0.012378982033723599,2024-07-29,e854cd62,1,0.5180722891566265,87,"[{""connected_to"": ""4c287ede"", ""via"": ""insurer_phone_number"", ""value"": 600596153, ""timestamp"": ""2024-07-29 00:00:00""}, {""connected_to"": ""c93a329f"", ""via"": ""repair_shop"", ""value"": ""repair_18"", ""timestamp"": ""2024-07-29 00:00:00""}, {""connected_to"": ""1028b1e7"", ""via"": ""insurer_phone_number"", ""value"": 600596153, ""timestamp"": ""2024-07-29 00:00:00""}, {""connected_to"": ""07e13cb7"", ""via"": ""insurer_phone_number"", ""value"": 600596153, ""timestamp"": ""2024-07-29 00:00:00""}, {""connected_to"": ""2a6e407a"", ""via"": ""insurer_phone_number"", ""value"": 600596153, ""timestamp"": ""2024-07-29 00:00:00""}, {""connected_to"": ""42bf7d42"", ""via"": ""insurer_phone_number"", ""value"": 600596153, ""timestamp"": ""2024-07-29 00:00:00""}, {""connected_to"": ""bf3e5d6f"", ""via"": ""insurer_address"", ""value"": ""22 Avenida Central"", ""timestamp"": ""2024-07-29 00:00:00""}, {""connected_to"": ""6db026f9"", ""via"": ""bank_account"", ""value"": ""ES97868719"", ""timestamp"": ""2024-07-29 00:00:00""}, {""connected_to"": ""1704ee21"", ""via"": ""insurer_address"", ""value"": ""22 Avenida Central"", ""timestamp"": ""2024-07-29 00:00:00""}, {""connected_to"": ""3a3d6e6e"", ""via"": ""insurer_phone_number"", ""value"": 600596153, ""timestamp"": ""2024-07-29 00:00:00""}, {""connected_to"": ""ed782d93"", ""via"": ""insurer_phone_number"", ""value"": 600596153, ""timestamp"": ""2024-07-29 00:00:00""}, {""connected_to"": ""d387f17a"", ""via"": ""repair_shop"", ""value"": ""repair_18"", ""timestamp"": ""2024-07-29 00:00:00""}, {""connected_to"": ""c04a4443"", ""via"": ""claim_location"", ""value"": ""Zone_43"", ""timestamp"": ""2024-07-29 00:00:00""}, {""connected_to"": ""f4a75ecd"", ""via"": ""insurer_phone_number"", ""value"": 600596153, ""timestamp"": ""2024-07-29 00:00:00""}, {""connected_to"": ""2fdaa093"", ""via"": ""bank_account"", ""value"": ""ES97868719"", ""timestamp"": ""2024-07-29 00:00:00""}]",0.1744186046511628,0,2,0,0,8,127,2,0,20,56,35,82,73,16,36,43
14.32183908045977,4,0.020965798880822027,2024-07-29,ed782d93,3,0.5584415584415584,87,"[{""connected_to"": ""4c287ede"", ""via"": ""insurer_phone_number"", ""value"": 600596153, ""timestamp"": ""2024-07-29 00:00:00""}, {""connected_to"": ""a86c8802"", ""via"": ""bank_account"", ""value"": ""ES42953246"", ""timestamp"": ""2024-07-29 00:00:00""}, {""connected_to"": ""1028b1e7"", ""via"": ""insurer_phone_number"", ""value"": 600596153, ""timestamp"": ""2024-07-29 00:00:00""}, {""connected_to"": ""4cdc9102"", ""via"": ""bank_account"", ""value"": ""ES42953246"", ""timestamp"": ""2024-07-29 00:00:00""}, {""connected_to"": ""07e13cb7"", ""via"": ""insurer_phone_number"", ""value"": 600596153, ""timestamp"": ""2024-07-29 00:00:00""}, {""connected_to"": ""baa5ea2a"", ""via"": ""claim_location"", ""value"": ""Zone_70"", ""timestamp"": ""2024-07-29 00:00:00""}, {""connected_to"": ""2a6e407a"", ""via"": ""insurer_phone_number"", ""value"": 600596153, ""timestamp"": ""2024-07-29 00:00:00""}, {""connected_to"": ""42bf7d42"", ""via"": ""insurer_phone_number"", ""value"": 600596153, ""timestamp"": ""2024-07-29 00:00:00""}, {""connected_to"": ""d8033cc3"", ""via"": ""bank_account"", ""value"": ""ES42953246"", ""timestamp"": ""2024-07-29 00:00:00""}, {""connected_to"": ""709da1d8"", ""via"": ""insurer_license_plate"", ""value"": ""PD7111"", ""timestamp"": ""2024-07-29 00:00:00""}, {""connected_to"": ""1704ee21"", ""via"": ""claim_location"", ""value"": ""Zone_70"", ""timestamp"": ""2024-07-29 00:00:00""}, {""connected_to"": ""11c352f3"", ""via"": ""bank_account"", ""value"": ""ES42953246"", ""timestamp"": ""2024-07-29 00:00:00""}, {""connected_to"": ""3a3d6e6e"", ""via"": ""insurer_phone_number"", ""value"": 600596153, ""timestamp"": ""2024-07-29 00:00:00""}, {""connected_to"": ""6c2948c2"", ""via"": ""repair_shop"", ""value"": ""repair_17"", ""timestamp"": ""2024-07-29 00:00:00""}, {""connected_to"": ""e854cd62"", ""via"": ""insurer_phone_number"", ""value"": 600596153, ""timestamp"": ""2024-07-29 00:00:00""}, {""connected_to"": ""ab824ba6"", ""via"": ""insurer_license_plate"", ""value"": ""PD7111"", ""timestamp"": ""2024-07-29 00:00:00""}, {""connected_to"": ""f76a94f8"", ""via"": ""repair_shop"", ""value"": ""repair_17"", ""timestamp"": ""2024-07-29 00:00:00""}, {""connected_to"": ""efc3d4b7"", ""via"": ""repair_shop"", ""value"": ""repair_17"", ""timestamp"": ""2024-07-29 00:00:00""}, {""connected_to"": ""4fd0f508"", ""via"": ""claim_location"", ""value"": ""Zone_70"", ""timestamp"": ""2024-07-29 00:00:00""}, {""connected_to"": ""f4a75ecd"", ""via"": ""insurer_phone_number"", ""value"": 600596153, ""timestamp"": ""2024-07-29 00:00:00""}]",0.23255813953488372,0,0,0,2,8,127,3,0,20,56,35,82,73,16,36,43
14.477272727272727,2,0.006037988469529408,2024-07-30,1238c8f5,1,0.5178571428571429,88,"[{""connected_to"": ""0146fadf"", ""via"": ""bank_account"", ""value"": ""ES12961077"", ""timestamp"": ""2024-07-30 00:00:00""}, {""connected_to"": ""1b005a35"", ""via"": ""insurer_phone_number"", ""value"": 600664650, ""timestamp"": ""2024-07-30 00:00:00""}, {""connected_to"": ""d8033cc3"", ""via"": ""insurer_phone_number"", ""value"": 600664650, ""timestamp"": ""2024-07-30 00:00:00""}, {""connected_to"": ""608a6c32"", ""via"": ""insurer_phone_number"", ""value"": 600664650, ""timestamp"": ""2024-07-30 00:00:00""}, {""connected_to"": ""709da1d8"", ""via"": ""insurer_phone_number"", ""value"": 600664650, ""timestamp"": ""2024-07-30 00:00:00""}, {""connected_to"": ""fb3640e4"", ""via"": ""insurer_phone_number"", ""value"": 600664650, ""timestamp"": ""2024-07-30 00:00:00""}, {""connected_to"": ""ea9d7eb4"", ""via"": ""insurer_phone_number"", ""value"": 600664650, ""timestamp"": ""2024-07-30 00:00:00""}, {""connected_to"": ""a0e2a79f"", ""via"": ""insurer_phone_number"", ""value"": 600664650, ""timestamp"": ""2024-07-30 00:00:00""}, {""connected_to"": ""71d88f8f"", ""via"": ""insurer_phone_number"", ""value"": 600664650, ""timestamp"": ""2024-07-30 00:00:00""}, {""connected_to"": ""21c54feb"", ""via"": ""claim_location"", ""value"": ""Zone_34"", ""timestamp"": ""2024-07-30 00:00:00""}, {""connected_to"": ""f76a94f8"", ""via"": ""insurer_address"", ""value"": ""37 Avenida Central"", ""timestamp"": ""2024-07-30 00:00:00""}, {""connected_to"": ""ef4d9ae4"", ""via"": ""insurer_phone_number"", ""value"": 600664650, ""timestamp"": ""2024-07-30 00:00:00""}, {""connected_to"": ""efc3d4b7"", ""via"": ""insurer_phone_number"", ""value"": 600664650, ""timestamp"": ""2024-07-30 00:00:00""}, {""connected_to"": ""4fd0f508"", ""via"": ""bank_account"", ""value"": ""ES12961077"", ""timestamp"": ""2024-07-30 00:00:00""}]",0.16091954022988506,0,1,0,0,10,129,0,0,20,56,35,83,74,16,37,44
15.446808510638299,4,0.005434301700642887,2024-07-31,26e7f538,1,0.47692307692307695,94,"[{""connected_to"": ""7efe7072"", ""via"": ""insurer_phone_number"", ""value"": 600768374, ""timestamp"": ""2024-07-31 00:00:00""}, {""connected_to"": ""63429b74"", ""via"": ""insurer_phone_number"", ""value"": 600768374, ""timestamp"": ""2024-07-31 00:00:00""}, {""connected_to"": ""c93a329f"", ""via"": ""bank_account"", ""value"": ""ES71007570"", ""timestamp"": ""2024-07-31 00:00:00""}, {""connected_to"": ""0e3d08eb"", ""via"": ""insurer_phone_number"", ""value"": 600768374, ""timestamp"": ""2024-07-31 00:00:00""}, {""connected_to"": ""5b0e5acd"", ""via"": ""repair_shop"", ""value"": ""repair_29"", ""timestamp"": ""2024-07-31 00:00:00""}, {""connected_to"": ""608a6c32"", ""via"": ""bank_account"", ""value"": ""ES71007570"", ""timestamp"": ""2024-07-31 00:00:00""}, {""connected_to"": ""bf3e5d6f"", ""via"": ""insurer_phone_number"", ""value"": 600768374, ""timestamp"": ""2024-07-31 00:00:00""}, {""connected_to"": ""1704ee21"", ""via"": ""bank_account"", ""value"": ""ES71007570"", ""timestamp"": ""2024-07-31 00:00:00""}, {""connected_to"": ""ea9d7eb4"", ""via"": ""claim_location"", ""value"": ""Zone_22"", ""timestamp"": ""2024-07-31 00:00:00""}, {""connected_to"": ""bb742b13"", ""via"": ""repair_shop"", ""value"": ""repair_29"", ""timestamp"": ""2024-07-31 00:00:00""}, {""connected_to"": ""4f111138"", ""via"": ""bank_account"", ""value"": ""ES71007570"", ""timestamp"": ""2024-07-31 00:00:00""}, {""connected_to"": ""b9d5e6dc"", ""via"": ""insurer_address"", ""value"": ""38 Avenida Central"", ""timestamp"": ""2024-07-31 00:00:00""}, {""connected_to"": ""5d452b93"", ""via"": ""insurer_phone_number"", ""value"": 600768374, ""timestamp"": ""2024-07-31 00:00:00""}]",0.13978494623655915,0,1,0,0,5,135,2,0,20,57,35,88,79,16,37,48
15.446808510638299,6,0.02305892669436296,2024-07-31,5baa7dfc,1,0.5502958579881657,94,"[{""connected_to"": ""4c287ede"", ""via"": ""insurer_address"", ""value"": ""18 Avenida Central"", ""timestamp"": ""2024-07-31 00:00:00""}, {""connected_to"": ""c6eb903b"", ""via"": ""bank_account"", ""value"": ""ES87084490"", ""timestamp"": ""2024-07-31 00:00:00""}, {""connected_to"": ""f28e3ec7"", ""via"": ""insurer_phone_number"", ""value"": 600446081, ""timestamp"": ""2024-07-31 00:00:00""}, {""connected_to"": ""baa5ea2a"", ""via"": ""insurer_address"", ""value"": ""18 Avenida Central"", ""timestamp"": ""2024-07-31 00:00:00""}, {""connected_to"": ""f949707f"", ""via"": ""insurer_email"", ""value"": ""insured_187@mail.com"", ""timestamp"": ""2024-07-31 00:00:00""}, {""connected_to"": ""1704ee21"", ""via"": ""repair_shop"", ""value"": ""repair_9"", ""timestamp"": ""2024-07-31 00:00:00""}, {""connected_to"": ""5adc9a25"", ""via"": ""claim_location"", ""value"": ""Zone_50"", ""timestamp"": ""2024-07-31 00:00:00""}, {""connected_to"": ""a2cef4f7"", ""via"": ""insurer_phone_number"", ""value"": 600446081, ""timestamp"": ""2024-07-31 00:00:00""}, {""connected_to"": ""a25a1ebb"", ""via"": ""bank_account"", ""value"": ""ES87084490"", ""timestamp"": ""2024-07-31 00:00:00""}, {""connected_to"": ""90a7e45b"", ""via"": ""insurer_address"", ""value"": ""18 Avenida Central"", ""timestamp"": ""2024-07-31 00:00:00""}, {""connected_to"": ""7c9666a8"", ""via"": ""insurer_address"", ""value"": ""18 Avenida Central"", ""timestamp"": ""2024-07-31 00:00:00""}, {""connected_to"": ""dbb83833"", ""via"": ""bank_account"", ""value"": ""ES87084490"", ""timestamp"": ""2024-07-31 00:00:00""}, {""connected_to"": ""3dbeee40"", ""via"": ""bank_account"", ""value"": ""ES87084490"", ""timestamp"": ""2024-07-31 00:00:00""}, {""connected_to"": ""cd2da2b4"", ""via"": ""insurer_phone_number"", ""value"": 600446081, ""timestamp"": ""2024-07-31 00:00:00""}, {""connected_to"": ""2db8cd46"", ""via"": ""bank_account"", ""value"": ""ES87084490"", ""timestamp"": ""2024-07-31 00:00:00""}, {""connected_to"": ""a4b96898"", ""via"": ""insurer_phone_number"", ""value"": 600446081, ""timestamp"": ""2024-07-31 00:00:00""}, {""connected_to"": ""9849c843"", ""via"": ""insurer_phone_number"", ""value"": 600446081, ""timestamp"": ""2024-07-31 00:00:00""}, {""connected_to"": ""fc2f929f"", ""via"": ""bank_account"", ""value"": ""ES87084490"", ""timestamp"": ""2024-07-31 00:00:00""}, {""connected_to"": ""f76a94f8"", ""via"": ""insurer_phone_number"", ""value"": 600446081, ""timestamp"": ""2024-07-31 00:00:00""}, {""connected_to"": ""ef4d9ae4"", ""via"": ""repair_shop"", ""value"": ""repair_9"", ""timestamp"": ""2024-07-31 00:00:00""}]",0.21505376344086025,0,4,1,0,6,135,2,0,20,57,35,88,79,16,37,48
15.446808510638299,3,0.00636040117594095,2024-07-31,5e9d92cf,0,0.4696969696969697,94,"[{""connected_to"": ""c9504603"", ""via"": ""bank_account"", ""value"": ""ES14234477"", ""timestamp"": ""2024-07-31 00:00:00""}, {""connected_to"": ""4cb83c72"", ""via"": ""bank_account"", ""value"": ""ES14234477"", ""timestamp"": ""2024-07-31 00:00:00""}, {""connected_to"": ""24e31115"", ""via"": ""insurer_phone_number"", ""value"": 600354258, ""timestamp"": ""2024-07-31 00:00:00""}, {""connected_to"": ""ca8b2ffe"", ""via"": ""insurer_phone_number"", ""value"": 600354258, ""timestamp"": ""2024-07-31 00:00:00""}, {""connected_to"": ""bb742b13"", ""via"": ""insurer_address"", ""value"": ""31 Avenida Central"", ""timestamp"": ""2024-07-31 00:00:00""}, {""connected_to"": ""7c9666a8"", ""via"": ""insurer_phone_number"", ""value"": 600354258, ""timestamp"": ""2024-07-31 00:00:00""}, {""connected_to"": ""dbb83833"", ""via"": ""insurer_address"", ""value"": ""31 Avenida Central"", ""timestamp"": ""2024-07-31 00:00:00""}, {""connected_to"": ""a022bc0f"", ""via"": ""bank_account"", ""value"": ""ES14234477"", ""timestamp"": ""2024-07-31 00:00:00""}, {""connected_to"": ""7634221b"", ""via"": ""insurer_address"", ""value"": ""31 Avenida Central"", ""timestamp"": ""2024-07-31 00:00:00""}, {""connected_to"": ""6c2948c2"", ""via"": ""insurer_address"", ""value"": ""31 Avenida Central"", ""timestamp"": ""2024-07-31 00:00:00""}, {""connected_to"": ""8379280e"", ""via"": ""insurer_phone_number"", ""value"": 600354258, ""timestamp"": ""2024-07-31 00:00:00""}]",0.11827956989247312,0,4,0,0,4,135,0,0,20,57,35,88,79,16,37,48
15.446808510638299,1,0.003942549145554889,2024-07-31,8554a2c8,0,0.4696969696969697,94,"[{""connected_to"": ""7efe7072"", ""via"": ""bank_account"", ""value"": ""ES51016557"", ""timestamp"": ""2024-07-31 00:00:00""}, {""connected_to"": ""baa5ea2a"", ""via"": ""insurer_phone_number"", ""value"": 600826184, ""timestamp"": ""2024-07-31 00:00:00""}, {""connected_to"": ""5b0e5acd"", ""via"": ""insurer_phone_number"", ""value"": 600826184, ""timestamp"": ""2024-07-31 00:00:00""}, {""connected_to"": ""0ab73345"", ""via"": ""insurer_address"", ""value"": ""35 Avenida Central"", ""timestamp"": ""2024-07-31 00:00:00""}, {""connected_to"": ""4f111138"", ""via"": ""insurer_phone_number"", ""value"": 600826184, ""timestamp"": ""2024-07-31 00:00:00""}, {""connected_to"": ""7634221b"", ""via"": ""repair_shop"", ""value"": ""repair_23"", ""timestamp"": ""2024-07-31 00:00:00""}, {""connected_to"": ""7c2166f9"", ""via"": ""insurer_phone_number"", ""value"": 600826184, ""timestamp"": ""2024-07-31 00:00:00""}, {""connected_to"": ""51ef5249"", ""via"": ""repair_shop"", ""value"": ""repair_23"", ""timestamp"": ""2024-07-31 00:00:00""}, {""connected_to"": ""f4a75ecd"", ""via"": ""insurer_address"", ""value"": ""35 Avenida Central"", ""timestamp"": ""2024-07-31 00:00:00""}]",0.09677419354838711,0,2,0,0,4,135,2,0,20,57,35,88,79,16,37,48
15.446808510638299,2,0.012629710612793674,2024-07-31,bdb8cc65,3,0.5254237288135594,94,"[{""connected_to"": ""0146fadf"", ""via"": ""insurer_phone_number"", ""value"": 600379103, ""timestamp"": ""2024-07-31 00:00:00""}, {""connected_to"": ""1b344808"", ""via"": ""claim_location"", ""value"": ""Zone_15"", ""timestamp"": ""2024-07-31 00:00:00""}, {""connected_to"": ""42bf7d42"", ""via"": ""repair_shop"", ""value"": ""repair_6"", ""timestamp"": ""2024-07-31 00:00:00""}, {""connected_to"": ""709da1d8"", ""via"": ""insurer_license_plate"", ""value"": ""PD7111"", ""timestamp"": ""2024-07-31 00:00:00""}, {""connected_to"": ""bf3e5d6f"", ""via"": ""insurer_address"", ""value"": ""22 Avenida Central"", ""timestamp"": ""2024-07-31 00:00:00""}, {""connected_to"": ""1238c8f5"", ""via"": ""bank_account"", ""value"": ""ES12961077"", ""timestamp"": ""2024-07-31 00:00:00""}, {""connected_to"": ""fb3640e4"", ""via"": ""repair_shop"", ""value"": ""repair_6"", ""timestamp"": ""2024-07-31 00:00:00""}, {""connected_to"": ""1704ee21"", ""via"": ""insurer_address"", ""value"": ""22 Avenida Central"", ""timestamp"": ""2024-07-31 00:00:00""}, {""connected_to"": ""3de72026"", ""via"": ""claim_location"", ""value"": ""Zone_15"", ""timestamp"": ""2024-07-31 00:00:00""}, {""connected_to"": ""3a3d6e6e"", ""via"": ""claim_location"", ""value"": ""Zone_15"", ""timestamp"": ""2024-07-31 00:00:00""}, {""connected_to"": ""a022bc0f"", ""via"": ""insurer_phone_number"", ""value"": 600379103, ""timestamp"": ""2024-07-31 00:00:00""}, {""connected_to"": ""ed782d93"", ""via"": ""insurer_license_plate"", ""value"": ""PD7111"", ""timestamp"": ""2024-07-31 00:00:00""}, {""connected_to"": ""6c2948c2"", ""via"": ""insurer_phone_number"", ""value"": 600379103, ""timestamp"": ""2024-07-31 00:00:00""}, {""connected_to"": ""e854cd62"", ""via"": ""insurer_address"", ""value"": ""22 Avenida Central"", ""timestamp"": ""2024-07-31 00:00:00""}, {""connected_to"": ""fc2f929f"", ""via"": ""insurer_phone_number"", ""value"": 600379103, ""timestamp"": ""2024-07-31 00:00:00""}, {""connected_to"": ""ab824ba6"", ""via"": ""insurer_license_plate"", ""value"": ""PD7111"", ""timestamp"": ""2024-07-31 00:00:00""}, {""connected_to"": ""4fd0f508"", ""via"": ""bank_account"", ""value"": ""ES12961077"", ""timestamp"": ""2024-07-31 00:00:00""}]",0.1827956989247312,0,3,0,3,4,135,2,0,20,57,35,88,79,16,37,48
15.446808510638299,5,0.01093292073279688,2024-07-31,d88fa9c6,1,0.5344827586206896,94,"[{""connected_to"": ""35c1dbd1"", ""via"": ""claim_location"", ""value"": ""Zone_69"", ""timestamp"": ""2024-07-31 00:00:00""}, {""connected_to"": ""4cdc9102"", ""via"": ""insurer_phone_number"", ""value"": 600335293, ""timestamp"": ""2024-07-31 00:00:00""}, {""connected_to"": ""07e13cb7"", ""via"": ""repair_shop"", ""value"": ""repair_27"", ""timestamp"": ""2024-07-31 00:00:00""}, {""connected_to"": ""1b005a35"", ""via"": ""bank_account"", ""value"": ""ES67781085"", ""timestamp"": ""2024-07-31 00:00:00""}, {""connected_to"": ""f949707f"", ""via"": ""bank_account"", ""value"": ""ES67781085"", ""timestamp"": ""2024-07-31 00:00:00""}, {""connected_to"": ""a25a1ebb"", ""via"": ""insurer_phone_number"", ""value"": 600335293, ""timestamp"": ""2024-07-31 00:00:00""}, {""connected_to"": ""b40777f6"", ""via"": ""bank_account"", ""value"": ""ES67781085"", ""timestamp"": ""2024-07-31 00:00:00""}, {""connected_to"": ""3de72026"", ""via"": ""insurer_phone_number"", ""value"": 600335293, ""timestamp"": ""2024-07-31 00:00:00""}, {""connected_to"": ""3dbeee40"", ""via"": ""insurer_address"", ""value"": ""5 Avenida Central"", ""timestamp"": ""2024-07-31 00:00:00""}, {""connected_to"": ""2db8cd46"", ""via"": ""insurer_address"", ""value"": ""5 Avenida Central"", ""timestamp"": ""2024-07-31 00:00:00""}, {""connected_to"": ""a4b96898"", ""via"": ""repair_shop"", ""value"": ""repair_27"", ""timestamp"": ""2024-07-31 00:00:00""}, {""connected_to"": ""6c2948c2"", ""via"": ""bank_account"", ""value"": ""ES67781085"", ""timestamp"": ""2024-07-31 00:00:00""}, {""connected_to"": ""21c54feb"", ""via"": ""insurer_phone_number"", ""value"": 600335293, ""timestamp"": ""2024-07-31 00:00:00""}, {""connected_to"": ""dbfb58bf"", ""via"": ""insurer_phone_number"", ""value"": 600335293, ""timestamp"": ""2024-07-31 00:00:00""}, {""connected_to"": ""51ef5249"", ""via"": ""insurer_phone_number"", ""value"": 600335293, ""timestamp"": ""2024-07-31 00:00:00""}, {""connected_to"": ""ab824ba6"", ""via"": ""insurer_phone_number"", ""value"": 600335293, ""timestamp"": ""2024-07-31 00:00:00""}, {""connected_to"": ""ef4d9ae4"", ""via"": ""insurer_address"", ""value"": ""5 Avenida Central"", ""timestamp"": ""2024-07-31 00:00:00""}, {""connected_to"": ""5d452b93"", ""via"": ""bank_account"", ""value"": ""ES67781085"", ""timestamp"": ""2024-07-31 00:00:00""}, {""connected_to"": ""48734acd"", ""via"": ""insurer_phone_number"", ""value"": 600335293, ""timestamp"": ""2024-07-31 00:00:00""}]",0.20430107526881722,0,3,0,0,8,135,2,0,20,57,35,88,79,16,37,48
