claim_id,claim_date,insurer_license_plate,insurer_phone_number,insurer_email,insurer_address,repair_shop,bank_account,claim_location,third_party_license_plate,is_fraud
20000000,2024-01-01,PLT101005,+34600003552,user1408@ex.com,STREET_463,SHOP_803,ES761000003697,LOC_481,TP_6635,0
20000072,2024-01-01,PLT107895,+34600001725,user4997@ex.com,STREET_2314,SHOP_698,ES761000001396,LOC_937,TP_1955,0
20000071,2024-01-01,PLT101436,+34600001020,user4833@ex.com,STREET_2550,SHOP_478,ES761000003455,LOC_394,TP_4109,0
20000070,2024-01-01,PLT103464,+34600003876,user1760@ex.com,STREET_2462,SHOP_759,ES761000003790,LOC_722,TP_4883,0
20000069,2024-01-01,PLT101926,+34600003602,user4493@ex.com,STREET_1935,SHOP_633,ES761000001070,LOC_727,TP_2861,0
20000068,2024-01-01,PLT104783,+34600000469,user2190@ex.com,STREET_2793,SHOP_369,ES761000002761,LOC_861,TP_4602,0
20000067,2024-01-01,PLT105597,+34600001510,user722@ex.com,STREET_1752,SHOP_167,ES761000003501,LOC_794,TP_1837,0
20000066,2024-01-01,PLT103247,+34600002884,user4317@ex.com,STREET_1068,SHOP_571,ES761000000961,LOC_101,TP_6718,0
20000065,2024-01-01,PLT104045,+34600000981,user3584@ex.com,STREET_1553,SHOP_886,ES761000002671,LOC_310,TP_565,0
20000064,2024-01-01,PLT103417,+34600000198,user2325@ex.com,STREET_368,SHOP_710,ES761000003783,LOC_704,TP_276,0
20000063,2024-01-01,PLT106014,+34600001194,user2564@ex.com,STREET_698,SHOP_999,ES761000000334,LOC_349,TP_2192,0
20000062,2024-01-01,PLT105853,+34600001199,user1206@ex.com,STREET_1346,SHOP_218,ES761000001427,LOC_53,TP_7226,0
20000061,2024-01-01,PLT106440,+34600000585,user1022@ex.com,STREET_448,SHOP_777,ES761000000053,LOC_563,TP_5094,0
20000060,2024-01-01,PLT101892,+34600003085,user4713@ex.com,STREET_751,SHOP_872,ES761000000186,LOC_816,TP_4710,0
20000059,2024-01-01,PLT105142,+34600001756,user1169@ex.com,STREET_1759,SHOP_17,ES761000002694,LOC_1097,TP_541,0
20000058,2024-01-01,PLT100529,+34600003968,user3323@ex.com,STREET_996,SHOP_28,ES761000003396,LOC_696,TP_1283,0
20000057,2024-01-01,PLT102781,+34600003482,user21@ex.com,STREET_2922,SHOP_467,ES761000002940,LOC_1066,TP_7271,0
20000056,2024-01-01,PLT107322,+34600000457,user1300@ex.com,STREET_1270,SHOP_583,ES761000001934,LOC_296,TP_3381,0
20000055,2024-01-01,PLT106263,+34600002941,user4331@ex.com,STREET_2397,SHOP_261,ES761000001606,LOC_74,TP_4857,0
20000054,2024-01-01,PLT102654,+34600000893,user3575@ex.com,STREET_2109,SHOP_714,ES761000001066,LOC_50,TP_4447,1
20000053,2024-01-01,PLT106546,+34600001087,user3733@ex.com,STREET_2210,SHOP_491,ES761000001888,LOC_118,TP_5790,0
20000052,2024-01-01,PLT104161,+34600000603,user45@ex.com,STREET_2051,SHOP_235,ES761000001456,LOC_912,TP_902,0
20000073,2024-01-01,PLT105798,+34600001569,user4992@ex.com,STREET_815,SHOP_98,ES761000001515,LOC_191,TP_6595,0
20000051,2024-01-01,PLT106595,+34600003425,user2474@ex.com,STREET_2098,SHOP_334,ES761000003643,LOC_752,TP_6703,1
20000075,2024-01-01,PLT103269,+34600003944,user906@ex.com,STREET_2554,SHOP_120,ES761000003762,LOC_293,TP_132,0
20000077,2024-01-01,PLT102451,+34600002801,user3132@ex.com,STREET_2642,SHOP_210,ES761000002595,LOC_695,TP_1791,0
20000098,2024-01-01,PLT104569,+34600002012,user3596@ex.com,STREET_2141,SHOP_665,ES761000003033,LOC_289,TP_6770,1
20000097,2024-01-01,PLT103081,+34600001404,user1390@ex.com,STREET_1141,SHOP_555,ES761000000271,LOC_460,TP_4641,0
20000096,2024-01-01,PLT104113,+34600001377,user4560@ex.com,STREET_2931,SHOP_408,ES761000000215,LOC_619,TP_4226,0
20000095,2024-01-01,PLT107707,+34600002710,user3214@ex.com,STREET_72,SHOP_901,ES761000003328,LOC_431,TP_3806,0
20000094,2024-01-01,PLT107279,+34600003194,user1420@ex.com,STREET_1240,SHOP_86,ES761000003589,LOC_292,TP_7744,0
20000093,2024-01-01,PLT103545,+34600001812,user2183@ex.com,STREET_812,SHOP_528,ES761000000113,LOC_932,TP_4797,0
20000092,2024-01-01,PLT100392,+34600001434,user42@ex.com,STREET_2879,SHOP_613,ES761000000379,LOC_429,TP_787,0
20000091,2024-01-01,PLT104341,+34600000390,user703@ex.com,STREET_44,SHOP_790,ES761000003666,LOC_716,TP_1752,0
20000090,2024-01-01,PLT102819,+34600000134,user361@ex.com,STREET_1733,SHOP_405,ES761000002661,LOC_967,TP_4364,0
20000089,2024-01-01,PLT101436,+34600001787,user1895@ex.com,STREET_1175,SHOP_639,ES761000001673,LOC_84,TP_1034,0
20000088,2024-01-01,PLT107618,+34600003434,user191@ex.com,STREET_1880,SHOP_160,ES761000001532,LOC_1007,TP_5002,0
20000087,2024-01-01,PLT103477,+34600001824,user833@ex.com,STREET_1302,SHOP_131,ES761000002126,LOC_700,TP_4847,0
20000086,2024-01-01,PLT102071,+34600001352,user2860@ex.com,STREET_1670,SHOP_299,ES761000003658,LOC_280,TP_2395,0
20000085,2024-01-01,PLT106581,+34600001888,user293@ex.com,STREET_577,SHOP_569,ES761000003569,LOC_1058,TP_6545,0
20000084,2024-01-01,PLT107707,+34600003556,user2715@ex.com,STREET_668,SHOP_669,ES761000001275,LOC_423,TP_216,1
20000083,2024-01-01,PLT103269,+34600002732,user2178@ex.com,STREET_2988,SHOP_445,ES761000003566,LOC_778,TP_288,0
20000082,2024-01-01,PLT106345,+34600003225,user4433@ex.com,STREET_2534,SHOP_716,ES761000000044,LOC_441,TP_1961,0
20000081,2024-01-01,PLT102834,+34600001692,user4417@ex.com,STREET_979,SHOP_779,ES761000000543,LOC_990,TP_6796,0
20000080,2024-01-01,PLT100828,+34600003959,user1455@ex.com,STREET_1562,SHOP_669,ES761000003672,LOC_452,TP_1065,0
20000079,2024-01-01,PLT101178,+34600002512,user359@ex.com,STREET_898,SHOP_354,ES761000000102,LOC_1126,TP_7333,0
20000078,2024-01-01,PLT106339,+34600002812,user270@ex.com,STREET_1158,SHOP_130,ES761000002605,LOC_28,TP_5669,0
20000076,2024-01-01,PLT107826,+34600000012,user62@ex.com,STREET_600,SHOP_290,ES761000003639,LOC_1188,TP_5134,0
20000050,2024-01-01,PLT100423,+34600001639,user2966@ex.com,STREET_2749,SHOP_147,ES761000002083,LOC_718,TP_5149,0
20000074,2024-01-01,PLT103879,+34600000876,user50@ex.com,STREET_1497,SHOP_856,ES761000002860,LOC_494,TP_2052,0
20000048,2024-01-01,PLT101144,+34600000619,user597@ex.com,STREET_2634,SHOP_540,ES761000002457,LOC_829,TP_944,0
20000022,2024-01-01,PLT104971,+34600002031,user2427@ex.com,STREET_465,SHOP_155,ES761000001246,LOC_272,TP_3617,1
20000021,2024-01-01,PLT106397,+34600002125,user2699@ex.com,STREET_1309,SHOP_161,ES761000001621,LOC_533,TP_7313,0
20000020,2024-01-01,PLT100281,+34600003392,user3749@ex.com,STREET_1035,SHOP_41,ES761000001527,LOC_757,TP_4789,0
20000019,2024-01-01,PLT104170,+34600001986,user1442@ex.com,STREET_441,SHOP_508,ES761000003374,LOC_812,TP_3100,1
20000018,2024-01-01,PLT105141,+34600000173,user3941@ex.com,STREET_1817,SHOP_484,ES761000000594,LOC_1174,TP_3679,0
20000017,2024-01-01,PLT106372,+34600002879,user3907@ex.com,STREET_1832,SHOP_723,ES761000000191,LOC_1007,TP_1725,1
20000016,2024-01-01,PLT100652,+34600001713,user2639@ex.com,STREET_1162,SHOP_388,ES761000003245,LOC_740,TP_5284,1
20000015,2024-01-01,PLT107965,+34600001693,user3918@ex.com,STREET_1276,SHOP_977,ES761000000900,LOC_1188,TP_4211,0
20000014,2024-01-01,PLT103759,+34600003572,user3012@ex.com,STREET_2205,SHOP_586,ES761000001840,LOC_1163,TP_2765,0
20000012,2024-01-01,PLT102312,+34600002934,user3604@ex.com,STREET_598,SHOP_913,ES761000001433,LOC_1121,TP_2264,0
20000023,2024-01-01,PLT106559,+34600001952,user1128@ex.com,STREET_1315,SHOP_899,ES761000001408,LOC_115,TP_600,0
20000011,2024-01-01,PLT103826,+34600000379,user3060@ex.com,STREET_2065,SHOP_163,ES761000002600,LOC_476,TP_6186,0
20000009,2024-01-01,PLT103620,+34600000022,user583@ex.com,STREET_309,SHOP_258,ES761000001149,LOC_399,TP_5129,0
20000008,2024-01-01,PLT101620,+34600000001,user662@ex.com,STREET_2060,SHOP_856,ES761000000706,LOC_410,TP_7901,0
20000007,2024-01-01,PLT104467,+34600001034,user2057@ex.com,STREET_221,SHOP_396,ES761000003050,LOC_567,TP_3093,0
20000006,2024-01-01,PLT100019,+34600003869,user646@ex.com,STREET_129,SHOP_437,ES761000001470,LOC_1124,TP_4802,0
20000005,2024-01-01,PLT104147,+34600002553,user2764@ex.com,STREET_2238,SHOP_544,ES761000000791,LOC_656,TP_6757,1
20000004,2024-01-01,PLT103262,+34600002916,user254@ex.com,STREET_1848,SHOP_364,ES761000000530,LOC_728,TP_1409,0
20000003,2024-01-01,PLT106185,+34600002281,user478@ex.com,STREET_2061,SHOP_42,ES761000003201,LOC_624,TP_3932,0
20000002,2024-01-01,PLT106372,+34600003244,user3269@ex.com,STREET_1073,SHOP_185,ES761000003555,LOC_82,TP_858,0
20000001,2024-01-01,PLT100555,+34600000897,user682@ex.com,STREET_1000,SHOP_485,ES761000003674,LOC_90,TP_402,0
20000049,2024-01-01,PLT102257,+34600003127,user112@ex.com,STREET_851,SHOP_677,ES761000000457,LOC_278,TP_3159,0
20000010,2024-01-01,PLT106546,+34600001294,user3268@ex.com,STREET_571,SHOP_280,ES761000003472,LOC_219,TP_1296,0
20000024,2024-01-01,PLT103281,+34600003356,user111@ex.com,STREET_531,SHOP_676,ES761000001705,LOC_44,TP_1339,0
20000013,2024-01-01,PLT101597,+34600001793,user1512@ex.com,STREET_2794,SHOP_103,ES761000000609,LOC_827,TP_46,0
20000025,2024-01-01,PLT106333,+34600003754,user1771@ex.com,STREET_1848,SHOP_95,ES761000000954,LOC_454,TP_1397,0
20000046,2024-01-01,PLT101012,+34600000635,user411@ex.com,STREET_1573,SHOP_807,ES761000000607,LOC_233,TP_942,0
20000045,2024-01-01,PLT100428,+34600000529,user3794@ex.com,STREET_1380,SHOP_338,ES761000003172,LOC_556,TP_1244,0
20000044,2024-01-01,PLT102542,+34600003516,user4599@ex.com,STREET_2928,SHOP_182,ES761000001573,LOC_241,TP_3351,0
20000043,2024-01-01,PLT102886,+34600001153,user3528@ex.com,STREET_412,SHOP_870,ES761000003487,LOC_438,TP_5268,0
20000042,2024-01-01,PLT102811,+34600003531,user1609@ex.com,STREET_2111,SHOP_706,ES761000003373,LOC_341,TP_5140,0
20000041,2024-01-01,PLT107215,+34600000512,user1795@ex.com,STREET_1875,SHOP_523,ES761000001730,LOC_281,TP_1645,0
20000040,2024-01-01,PLT100821,+34600001290,user2539@ex.com,STREET_2505,SHOP_503,ES761000001888,LOC_679,TP_2785,0
20000039,2024-01-01,PLT104977,+34600002755,user4596@ex.com,STREET_307,SHOP_496,ES761000003052,LOC_470,TP_3465,0
20000038,2024-01-01,PLT103492,+34600003529,user1420@ex.com,STREET_2631,SHOP_895,ES761000002551,LOC_1160,TP_7637,0
20000037,2024-01-01,PLT105859,+34600002981,user2807@ex.com,STREET_1010,SHOP_470,ES761000001840,LOC_181,TP_4670,0
20000036,2024-01-01,PLT102198,+34600002310,user1249@ex.com,STREET_1351,SHOP_837,ES761000001747,LOC_96,TP_7660,0
20000047,2024-01-01,PLT107819,+34600002593,user90@ex.com,STREET_1185,SHOP_216,ES761000003034,LOC_631,TP_3472,0
20000034,2024-01-01,PLT100361,+34600003813,user3459@ex.com,STREET_30,SHOP_836,ES761000002023,LOC_79,TP_4251,0
20000033,2024-01-01,PLT107247,+34600002888,user2235@ex.com,STREET_2545,SHOP_168,ES761000000272,LOC_419,TP_283,1
20000032,2024-01-01,PLT105550,+34600002578,user4825@ex.com,STREET_2450,SHOP_798,ES761000000817,LOC_1123,TP_3996,1
20000031,2024-01-01,PLT107748,+34600002879,user4282@ex.com,STREET_2723,SHOP_886,ES761000003792,LOC_1189,TP_5144,0
20000030,2024-01-01,PLT104073,+34600001549,user974@ex.com,STREET_1682,SHOP_287,ES761000003121,LOC_605,TP_1686,1
20000029,2024-01-01,PLT104007,+34600002907,user3282@ex.com,STREET_574,SHOP_45,ES761000002999,LOC_506,TP_474,0
20000028,2024-01-01,PLT103545,+34600003204,user4072@ex.com,STREET_1383,SHOP_80,ES761000000272,LOC_265,TP_4931,0
20000027,2024-01-01,PLT107418,+34600003544,user271@ex.com,STREET_1351,SHOP_259,ES761000002817,LOC_864,TP_3626,0
20000026,2024-01-01,PLT106665,+34600001411,user2901@ex.com,STREET_2759,SHOP_437,ES761000003947,LOC_781,TP_6605,0
20000035,2024-01-01,PLT101066,+34600002393,user3683@ex.com,STREET_2595,SHOP_488,ES761000001112,LOC_131,TP_4869,0
20000175,2024-01-02,PLT105577,+34600000620,user2877@ex.com,STREET_350,SHOP_47,ES761000001955,LOC_1069,TP_3074,0
20000166,2024-01-02,PLT101266,+34600003660,user4697@ex.com,STREET_350,SHOP_925,ES761000001321,LOC_689,TP_6924,0
20000167,2024-01-02,PLT106587,+34600003316,user3230@ex.com,STREET_1882,SHOP_285,ES761000003935,LOC_769,TP_5496,0
20000169,2024-01-02,PLT103417,+34600003146,user1972@ex.com,STREET_692,SHOP_80,ES761000001547,LOC_670,TP_2240,0
20000174,2024-01-02,PLT101597,+34600001237,user1699@ex.com,STREET_2205,SHOP_64,ES761000001906,LOC_675,TP_2114,0
20000171,2024-01-02,PLT102616,+34600001564,user4087@ex.com,STREET_2192,SHOP_47,ES761000002171,LOC_419,TP_1333,0
20000172,2024-01-02,PLT106478,+34600001698,user4428@ex.com,STREET_1296,SHOP_295,ES761000001444,LOC_343,TP_5263,0
20000173,2024-01-02,PLT101261,+34600002569,user3338@ex.com,STREET_2705,SHOP_893,ES761000000513,LOC_656,TP_3974,0
20000165,2024-01-02,PLT102071,+34600002624,user800@ex.com,STREET_2155,SHOP_409,ES761000000200,LOC_103,TP_5789,0
20000170,2024-01-02,PLT103799,+34600001229,user127@ex.com,STREET_2912,SHOP_633,ES761000000093,LOC_550,TP_5338,0
20000164,2024-01-02,PLT102760,+34600003448,user105@ex.com,STREET_2697,SHOP_373,ES761000000957,LOC_1014,TP_5678,0
20000158,2024-01-02,PLT104072,+34600001256,user4943@ex.com,STREET_2879,SHOP_37,ES761000001211,LOC_114,TP_1776,0
20000162,2024-01-02,PLT104886,+34600001782,user4485@ex.com,STREET_2135,SHOP_60,ES761000001409,LOC_61,TP_6041,0
20000161,2024-01-02,PLT105714,+34600003144,user2558@ex.com,STREET_1541,SHOP_203,ES761000001170,LOC_1024,TP_2852,0
20000160,2024-01-02,PLT105358,+34600001147,user4100@ex.com,STREET_89,SHOP_584,ES761000001861,LOC_841,TP_7897,0
20000159,2024-01-02,PLT107638,+34600002418,user1822@ex.com,STREET_1586,SHOP_391,ES761000002503,LOC_987,TP_3856,0
20000157,2024-01-02,PLT102035,+34600000770,user790@ex.com,STREET_1571,SHOP_293,ES761000003173,LOC_162,TP_4090,0
20000156,2024-01-02,PLT105714,+34600002633,user4076@ex.com,STREET_2606,SHOP_777,ES761000000273,LOC_1092,TP_5527,1
20000155,2024-01-02,PLT105714,+34600002421,user236@ex.com,STREET_121,SHOP_979,ES761000003587,LOC_208,TP_2838,1
20000154,2024-01-02,PLT106266,+34600003539,user3462@ex.com,STREET_271,SHOP_139,ES761000001497,LOC_417,TP_2751,0
20000153,2024-01-02,PLT106754,+34600002098,user2769@ex.com,STREET_197,SHOP_669,ES761000001970,LOC_467,TP_6367,0
20000152,2024-01-02,PLT106014,+34600002760,user189@ex.com,STREET_1208,SHOP_445,ES761000003981,LOC_312,TP_5128,1
20000163,2024-01-02,PLT101972,+34600000086,user272@ex.com,STREET_2908,SHOP_553,ES761000001281,LOC_392,TP_5031,0
20000176,2024-01-02,PLT102166,+34600001097,user3614@ex.com,STREET_2310,SHOP_149,ES761000002853,LOC_1076,TP_2877,0
20000200,2024-01-02,PLT104511,+34600003851,user4113@ex.com,STREET_321,SHOP_351,ES761000000517,LOC_241,TP_2144,0
20000178,2024-01-02,PLT107826,+34600003292,user729@ex.com,STREET_188,SHOP_542,ES761000000316,LOC_1150,TP_7657,0
20000151,2024-01-02,PLT107216,+34600000023,user4865@ex.com,STREET_2941,SHOP_373,ES761000003689,LOC_704,TP_2600,1
20000199,2024-01-02,PLT106937,+34600003079,user3498@ex.com,STREET_332,SHOP_776,ES761000003062,LOC_104,TP_1729,0
20000198,2024-01-02,PLT107051,+34600000237,user2310@ex.com,STREET_2806,SHOP_27,ES761000000667,LOC_350,TP_1514,0
20000197,2024-01-02,PLT102071,+34600000237,user3895@ex.com,STREET_1537,SHOP_552,ES761000000190,LOC_1044,TP_3733,1
20000196,2024-01-02,PLT105399,+34600002941,user4241@ex.com,STREET_2247,SHOP_537,ES761000002486,LOC_37,TP_4669,0
20000195,2024-01-02,PLT101436,+34600002644,user2507@ex.com,STREET_1709,SHOP_506,ES761000002929,LOC_686,TP_1505,1
20000194,2024-01-02,PLT101285,+34600003999,user448@ex.com,STREET_324,SHOP_941,ES761000000065,LOC_1078,TP_5372,0
20000193,2024-01-02,PLT107331,+34600001161,user1982@ex.com,STREET_792,SHOP_768,ES761000003377,LOC_23,TP_3750,0
20000192,2024-01-02,PLT103256,+34600001909,user1830@ex.com,STREET_2725,SHOP_523,ES761000002114,LOC_603,TP_2103,0
20000191,2024-01-02,PLT107213,+34600002387,user4069@ex.com,STREET_1090,SHOP_776,ES761000001413,LOC_978,TP_3686,0
20000177,2024-01-02,PLT106586,+34600000669,user2196@ex.com,STREET_2741,SHOP_96,ES761000003633,LOC_1110,TP_3975,0
20000190,2024-01-02,PLT107899,+34600002280,user2868@ex.com,STREET_2858,SHOP_479,ES761000001410,LOC_4,TP_5456,0
20000188,2024-01-02,PLT102166,+34600002569,user1702@ex.com,STREET_1467,SHOP_663,ES761000002146,LOC_287,TP_5105,0
20000187,2024-01-02,PLT105870,+34600003673,user4094@ex.com,STREET_2561,SHOP_233,ES761000002855,LOC_880,TP_1232,0
20000186,2024-01-02,PLT100433,+34600002863,user48@ex.com,STREET_1277,SHOP_659,ES761000001736,LOC_1195,TP_716,0
20000185,2024-01-02,PLT102262,+34600000732,user2701@ex.com,STREET_484,SHOP_748,ES761000001238,LOC_719,TP_7995,0
20000184,2024-01-02,PLT105224,+34600003517,user763@ex.com,STREET_316,SHOP_212,ES761000002117,LOC_237,TP_1022,0
20000183,2024-01-02,PLT105816,+34600003053,user475@ex.com,STREET_481,SHOP_220,ES761000002379,LOC_748,TP_5265,0
20000182,2024-01-02,PLT105148,+34600002054,user68@ex.com,STREET_61,SHOP_341,ES761000003837,LOC_897,TP_4604,0
20000181,2024-01-02,PLT107180,+34600003602,user3018@ex.com,STREET_2999,SHOP_846,ES761000000792,LOC_923,TP_7483,0
20000180,2024-01-02,PLT105795,+34600000134,user1304@ex.com,STREET_600,SHOP_139,ES761000000056,LOC_159,TP_1728,0
20000179,2024-01-02,PLT103100,+34600001408,user1029@ex.com,STREET_188,SHOP_366,ES761000002106,LOC_142,TP_1851,0
20000189,2024-01-02,PLT101069,+34600003830,user3655@ex.com,STREET_1874,SHOP_620,ES761000003228,LOC_1020,TP_908,0
20000150,2024-01-02,PLT102545,+34600000775,user890@ex.com,STREET_1511,SHOP_717,ES761000001041,LOC_654,TP_1309,0
20000168,2024-01-02,PLT104202,+34600002572,user570@ex.com,STREET_2637,SHOP_898,ES761000003708,LOC_572,TP_2726,0
20000148,2024-01-02,PLT104467,+34600002307,user713@ex.com,STREET_2232,SHOP_998,ES761000001509,LOC_1026,TP_6910,0
20000121,2024-01-02,PLT103581,+34600001895,user2750@ex.com,STREET_421,SHOP_716,ES761000001458,LOC_291,TP_7272,0
20000120,2024-01-02,PLT106191,+34600002862,user4917@ex.com,STREET_1786,SHOP_716,ES761000002840,LOC_1160,TP_3041,0
20000119,2024-01-02,PLT100828,+34600002834,user1455@ex.com,STREET_1789,SHOP_287,ES761000003843,LOC_459,TP_6184,0
20000118,2024-01-02,PLT104123,+34600002787,user3533@ex.com,STREET_58,SHOP_591,ES761000003622,LOC_1058,TP_4507,0
20000117,2024-01-02,PLT104069,+34600001033,user540@ex.com,STREET_926,SHOP_176,ES761000000196,LOC_1169,TP_5606,0
20000116,2024-01-02,PLT100192,+34600001110,user823@ex.com,STREET_2373,SHOP_662,ES761000002346,LOC_504,TP_3709,0
20000115,2024-01-02,PLT107872,+34600002404,user3699@ex.com,STREET_214,SHOP_745,ES761000002998,LOC_974,TP_7085,0
20000114,2024-01-02,PLT104216,+34600001897,user1335@ex.com,STREET_2236,SHOP_336,ES761000003328,LOC_970,TP_6464,0
20000113,2024-01-02,PLT106710,+34600003709,user2604@ex.com,STREET_2842,SHOP_133,ES761000001639,LOC_432,TP_6238,0
20000112,2024-01-02,PLT103287,+34600002512,user1608@ex.com,STREET_2926,SHOP_624,ES761000000255,LOC_909,TP_1680,0
20000111,2024-01-02,PLT100869,+34600001584,user3639@ex.com,STREET_2811,SHOP_661,ES761000002921,LOC_1148,TP_7094,0
20000110,2024-01-02,PLT103842,+34600000898,user4492@ex.com,STREET_984,SHOP_366,ES761000002896,LOC_813,TP_7766,0
20000109,2024-01-02,PLT104249,+34600000170,user2817@ex.com,STREET_1575,SHOP_520,ES761000002723,LOC_454,TP_4538,0
20000108,2024-01-02,PLT102624,+34600000862,user1852@ex.com,STREET_255,SHOP_121,ES761000000349,LOC_389,TP_3707,0
20000107,2024-01-02,PLT100423,+34600002839,user124@ex.com,STREET_1010,SHOP_387,ES761000003182,LOC_280,TP_1437,0
20000106,2024-01-02,PLT102675,+34600000321,user2087@ex.com,STREET_1743,SHOP_617,ES761000000807,LOC_467,TP_7628,0
20000105,2024-01-02,PLT101298,+34600003935,user3631@ex.com,STREET_2106,SHOP_650,ES761000002038,LOC_1188,TP_762,0
20000104,2024-01-02,PLT101146,+34600001970,user3961@ex.com,STREET_2921,SHOP_742,ES761000001080,LOC_480,TP_7322,0
20000103,2024-01-02,PLT104257,+34600000129,user2791@ex.com,STREET_2206,SHOP_489,ES761000000059,LOC_775,TP_6889,0
20000149,2024-01-02,PLT104932,+34600002340,user2853@ex.com,STREET_1277,SHOP_171,ES761000003192,LOC_25,TP_7453,0
20000101,2024-01-02,PLT106082,+34600001693,user839@ex.com,STREET_1898,SHOP_946,ES761000001143,LOC_94,TP_2704,0
20000100,2024-01-02,PLT102600,+34600002654,user1897@ex.com,STREET_63,SHOP_419,ES761000003539,LOC_329,TP_6182,1
20000099,2024-01-02,PLT106587,+34600002320,user2539@ex.com,STREET_2318,SHOP_716,ES761000003906,LOC_228,TP_917,0
20000122,2024-01-02,PLT105569,+34600002298,user4658@ex.com,STREET_1694,SHOP_183,ES761000000910,LOC_645,TP_6816,0
20000123,2024-01-02,PLT102018,+34600003087,user1243@ex.com,STREET_2532,SHOP_582,ES761000003804,LOC_353,TP_4489,0
20000102,2024-01-02,PLT106563,+34600000757,user617@ex.com,STREET_370,SHOP_506,ES761000000100,LOC_1162,TP_2941,0
20000125,2024-01-02,PLT102124,+34600001245,user4008@ex.com,STREET_163,SHOP_765,ES761000000315,LOC_6,TP_4562,0
20000124,2024-01-02,PLT100022,+34600000775,user3525@ex.com,STREET_1878,SHOP_816,ES761000003875,LOC_51,TP_7724,0
20000147,2024-01-02,PLT100759,+34600001336,user1760@ex.com,STREET_2184,SHOP_721,ES761000001227,LOC_721,TP_1678,0
20000145,2024-01-02,PLT106185,+34600002661,user2111@ex.com,STREET_76,SHOP_455,ES761000001237,LOC_554,TP_5414,0
20000144,2024-01-02,PLT107716,+34600003482,user4384@ex.com,STREET_951,SHOP_950,ES761000003205,LOC_550,TP_6751,1
20000143,2024-01-02,PLT107581,+34600001518,user1149@ex.com,STREET_880,SHOP_889,ES761000002607,LOC_916,TP_3193,0
20000142,2024-01-02,PLT105131,+34600000580,user2817@ex.com,STREET_1753,SHOP_353,ES761000002813,LOC_814,TP_501,1
20000141,2024-01-02,PLT102341,+34600001015,user3987@ex.com,STREET_811,SHOP_355,ES761000001435,LOC_53,TP_7632,0
20000140,2024-01-02,PLT104007,+34600002704,user2394@ex.com,STREET_854,SHOP_768,ES761000001341,LOC_94,TP_1879,0
20000139,2024-01-02,PLT106301,+34600002978,user4894@ex.com,STREET_984,SHOP_759,ES761000001548,LOC_575,TP_5703,0
20000138,2024-01-02,PLT102028,+34600003830,user4194@ex.com,STREET_1180,SHOP_125,ES761000003179,LOC_1057,TP_1665,0
20000137,2024-01-02,PLT101083,+34600001198,user3983@ex.com,STREET_1183,SHOP_223,ES761000001847,LOC_977,TP_1821,0
20000146,2024-01-02,PLT103477,+34600002848,user1683@ex.com,STREET_2138,SHOP_241,ES761000000995,LOC_918,TP_3205,0
20000135,2024-01-02,PLT103269,+34600000552,user2206@ex.com,STREET_511,SHOP_847,ES761000003469,LOC_14,TP_557,0
20000136,2024-01-02,PLT102186,+34600003241,user2610@ex.com,STREET_2842,SHOP_391,ES761000001402,LOC_512,TP_120,0
20000127,2024-01-02,PLT100714,+34600002964,user4507@ex.com,STREET_1546,SHOP_856,ES761000002394,LOC_227,TP_4228,0
20000128,2024-01-02,PLT104123,+34600003247,user2865@ex.com,STREET_1584,SHOP_460,ES761000002151,LOC_88,TP_7345,0
20000129,2024-01-02,PLT107812,+34600000966,user2543@ex.com,STREET_1144,SHOP_717,ES761000002104,LOC_32,TP_4187,1
20000130,2024-01-02,PLT101895,+34600003921,user2413@ex.com,STREET_1784,SHOP_981,ES761000000401,LOC_255,TP_4177,0
20000126,2024-01-02,PLT107707,+34600003637,user3984@ex.com,STREET_458,SHOP_272,ES761000003353,LOC_1040,TP_5879,0
20000131,2024-01-02,PLT106484,+34600002444,user4@ex.com,STREET_1807,SHOP_263,ES761000000915,LOC_320,TP_1679,0
20000132,2024-01-02,PLT107752,+34600002502,user1307@ex.com,STREET_2661,SHOP_172,ES761000000884,LOC_1111,TP_906,0
20000133,2024-01-02,PLT105281,+34600000919,user4909@ex.com,STREET_2887,SHOP_91,ES761000000616,LOC_458,TP_2619,0
20000134,2024-01-02,PLT101069,+34600003920,user1845@ex.com,STREET_2961,SHOP_312,ES761000001717,LOC_47,TP_1000,0
20000256,2024-01-03,PLT104141,+34600003625,user3069@ex.com,STREET_850,SHOP_308,ES761000003546,LOC_40,TP_468,0
20000262,2024-01-03,PLT104273,+34600003463,user1695@ex.com,STREET_1028,SHOP_99,ES761000000541,LOC_592,TP_3833,0
20000261,2024-01-03,PLT107782,+34600003786,user4230@ex.com,STREET_1998,SHOP_210,ES761000001908,LOC_1028,TP_1483,0
20000260,2024-01-03,PLT102286,+34600003619,user735@ex.com,STREET_2688,SHOP_953,ES761000001811,LOC_1112,TP_3192,0
20000259,2024-01-03,PLT107247,+34600000592,user70@ex.com,STREET_743,SHOP_651,ES761000003119,LOC_818,TP_7196,0
20000258,2024-01-03,PLT102075,+34600000634,user3388@ex.com,STREET_1530,SHOP_714,ES761000002308,LOC_1018,TP_6510,0
20000257,2024-01-03,PLT104515,+34600001424,user1599@ex.com,STREET_2823,SHOP_685,ES761000002827,LOC_170,TP_2290,0
20000264,2024-01-03,PLT101186,+34600003262,user2939@ex.com,STREET_930,SHOP_552,ES761000003863,LOC_668,TP_5757,0
20000263,2024-01-03,PLT107604,+34600002227,user1390@ex.com,STREET_1201,SHOP_948,ES761000000103,LOC_961,TP_6205,0
20000251,2024-01-03,PLT100623,+34600000555,user4602@ex.com,STREET_2701,SHOP_979,ES761000003131,LOC_1176,TP_5758,1
20000254,2024-01-03,PLT104273,+34600002488,user1073@ex.com,STREET_2320,SHOP_178,ES761000000915,LOC_52,TP_1718,0
20000253,2024-01-03,PLT106014,+34600000724,user1081@ex.com,STREET_2078,SHOP_199,ES761000003177,LOC_355,TP_585,0
20000252,2024-01-03,PLT105057,+34600001704,user1971@ex.com,STREET_2563,SHOP_922,ES761000003254,LOC_1130,TP_4607,1
20000250,2024-01-03,PLT100638,+34600003825,user3094@ex.com,STREET_2860,SHOP_671,ES761000003315,LOC_22,TP_4072,0
20000249,2024-01-03,PLT103067,+34600000299,user4309@ex.com,STREET_915,SHOP_596,ES761000001432,LOC_430,TP_5620,1
20000248,2024-01-03,PLT101802,+34600002634,user2117@ex.com,STREET_309,SHOP_712,ES761000002788,LOC_179,TP_7272,1
20000247,2024-01-03,PLT100694,+34600001295,user299@ex.com,STREET_1968,SHOP_41,ES761000001438,LOC_950,TP_2384,0
20000265,2024-01-03,PLT107829,+34600000010,user890@ex.com,STREET_2129,SHOP_377,ES761000001188,LOC_397,TP_4615,0
20000246,2024-01-03,PLT104123,+34600000490,user3886@ex.com,STREET_114,SHOP_550,ES761000003882,LOC_639,TP_7587,0
20000255,2024-01-03,PLT102886,+34600001436,user2535@ex.com,STREET_1791,SHOP_174,ES761000000539,LOC_301,TP_5898,0
20000266,2024-01-03,PLT103477,+34600003794,user1224@ex.com,STREET_2356,SHOP_281,ES761000001948,LOC_863,TP_3096,0
20000278,2024-01-03,PLT101327,+34600001031,user3638@ex.com,STREET_2788,SHOP_314,ES761000000507,LOC_887,TP_7501,0
20000268,2024-01-03,PLT104918,+34600001962,user4185@ex.com,STREET_1704,SHOP_437,ES761000000681,LOC_29,TP_3284,0
20000288,2024-01-03,PLT104249,+34600003718,user2066@ex.com,STREET_1490,SHOP_414,ES761000002495,LOC_499,TP_6413,0
20000287,2024-01-03,PLT101416,+34600002277,user4204@ex.com,STREET_763,SHOP_639,ES761000003845,LOC_906,TP_7121,0
20000286,2024-01-03,PLT107184,+34600003859,user2961@ex.com,STREET_552,SHOP_410,ES761000002158,LOC_232,TP_604,0
20000285,2024-01-03,PLT107090,+34600000921,user2024@ex.com,STREET_2016,SHOP_562,ES761000003152,LOC_825,TP_4409,0
20000284,2024-01-03,PLT105057,+34600003895,user1073@ex.com,STREET_2276,SHOP_637,ES761000000964,LOC_314,TP_2758,0
20000283,2024-01-03,PLT104007,+34600003306,user2564@ex.com,STREET_660,SHOP_212,ES761000002082,LOC_822,TP_4593,0
20000282,2024-01-03,PLT100092,+34600001120,user3404@ex.com,STREET_1014,SHOP_341,ES761000003019,LOC_725,TP_5123,0
20000281,2024-01-03,PLT105228,+34600003298,user2097@ex.com,STREET_908,SHOP_796,ES761000002215,LOC_98,TP_353,0
20000280,2024-01-03,PLT100926,+34600001407,user1064@ex.com,STREET_1826,SHOP_937,ES761000003898,LOC_528,TP_7425,0
20000279,2024-01-03,PLT102967,+34600001583,user1881@ex.com,STREET_2833,SHOP_350,ES761000002314,LOC_1115,TP_5683,0
20000277,2024-01-03,PLT101435,+34600002798,user1299@ex.com,STREET_2856,SHOP_722,ES761000003359,LOC_231,TP_4806,0
20000276,2024-01-03,PLT103256,+34600000312,user1125@ex.com,STREET_2794,SHOP_850,ES761000003151,LOC_238,TP_5879,0
20000275,2024-01-03,PLT102384,+34600000405,user325@ex.com,STREET_315,SHOP_464,ES761000001058,LOC_1048,TP_7921,0
20000274,2024-01-03,PLT107173,+34600002458,user3868@ex.com,STREET_377,SHOP_218,ES761000002154,LOC_982,TP_7129,0
20000273,2024-01-03,PLT105148,+34600003941,user44@ex.com,STREET_2418,SHOP_455,ES761000000970,LOC_622,TP_7827,0
20000272,2024-01-03,PLT105798,+34600000505,user1311@ex.com,STREET_2941,SHOP_163,ES761000000114,LOC_509,TP_1585,0
20000271,2024-01-03,PLT105214,+34600003535,user1165@ex.com,STREET_555,SHOP_713,ES761000002176,LOC_754,TP_6047,0
20000270,2024-01-03,PLT105537,+34600003643,user3843@ex.com,STREET_2807,SHOP_751,ES761000000042,LOC_706,TP_272,0
20000269,2024-01-03,PLT102354,+34600003729,user1169@ex.com,STREET_2933,SHOP_460,ES761000001187,LOC_659,TP_3949,0
20000267,2024-01-03,PLT102286,+34600002362,user719@ex.com,STREET_1693,SHOP_958,ES761000003206,LOC_383,TP_3650,0
20000245,2024-01-03,PLT102354,+34600000721,user4290@ex.com,STREET_100,SHOP_24,ES761000003964,LOC_51,TP_7992,0
20000243,2024-01-03,PLT104971,+34600003364,user2417@ex.com,STREET_121,SHOP_553,ES761000001045,LOC_953,TP_6336,0
20000242,2024-01-03,PLT105202,+34600002393,user596@ex.com,STREET_1521,SHOP_77,ES761000003678,LOC_343,TP_3629,0
20000218,2024-01-03,PLT107173,+34600001456,user2659@ex.com,STREET_2975,SHOP_771,ES761000001014,LOC_208,TP_6393,0
20000217,2024-01-03,PLT107236,+34600001687,user3270@ex.com,STREET_2086,SHOP_559,ES761000003740,LOC_569,TP_1162,0
20000216,2024-01-03,PLT101083,+34600000158,user3808@ex.com,STREET_605,SHOP_531,ES761000003173,LOC_1192,TP_6211,0
20000215,2024-01-03,PLT102567,+34600002778,user1715@ex.com,STREET_1155,SHOP_710,ES761000003912,LOC_380,TP_7770,0
20000214,2024-01-03,PLT105550,+34600003800,user1864@ex.com,STREET_266,SHOP_499,ES761000000123,LOC_867,TP_7319,0
20000213,2024-01-03,PLT107215,+34600002027,user4693@ex.com,STREET_2660,SHOP_830,ES761000002500,LOC_692,TP_2887,0
20000212,2024-01-03,PLT107872,+34600000421,user1709@ex.com,STREET_165,SHOP_739,ES761000000670,LOC_1137,TP_4296,1
20000211,2024-01-03,PLT107335,+34600003236,user3424@ex.com,STREET_547,SHOP_416,ES761000002904,LOC_1138,TP_6756,0
20000219,2024-01-03,PLT104184,+34600002104,user4818@ex.com,STREET_617,SHOP_470,ES761000003645,LOC_623,TP_7783,0
20000209,2024-01-03,PLT100283,+34600003994,user2563@ex.com,STREET_1252,SHOP_615,ES761000002295,LOC_520,TP_7178,0
20000207,2024-01-03,PLT106325,+34600000574,user3699@ex.com,STREET_1853,SHOP_392,ES761000001292,LOC_527,TP_306,0
20000206,2024-01-03,PLT102398,+34600000073,user3416@ex.com,STREET_2540,SHOP_39,ES761000002282,LOC_192,TP_7201,0
20000205,2024-01-03,PLT106937,+34600003803,user1796@ex.com,STREET_38,SHOP_660,ES761000000034,LOC_1110,TP_7849,0
20000204,2024-01-03,PLT102345,+34600001169,user4685@ex.com,STREET_109,SHOP_447,ES761000002643,LOC_760,TP_1062,0
20000203,2024-01-03,PLT105237,+34600001180,user1290@ex.com,STREET_2680,SHOP_915,ES761000003528,LOC_1096,TP_588,0
20000202,2024-01-03,PLT104548,+34600000030,user3356@ex.com,STREET_2005,SHOP_121,ES761000001193,LOC_758,TP_1769,0
20000201,2024-01-03,PLT103821,+34600002590,user2753@ex.com,STREET_2710,SHOP_396,ES761000001221,LOC_566,TP_4255,0
20000244,2024-01-03,PLT106019,+34600003372,user3064@ex.com,STREET_2613,SHOP_255,ES761000000155,LOC_839,TP_1018,0
20000208,2024-01-03,PLT103395,+34600003246,user4439@ex.com,STREET_1993,SHOP_817,ES761000001197,LOC_625,TP_5629,0
20000220,2024-01-03,PLT106338,+34600001795,user119@ex.com,STREET_2083,SHOP_677,ES761000003337,LOC_892,TP_3978,0
20000210,2024-01-03,PLT105795,+34600000262,user2137@ex.com,STREET_2305,SHOP_774,ES761000000238,LOC_890,TP_794,0
20000222,2024-01-03,PLT104305,+34600003321,user2888@ex.com,STREET_2879,SHOP_336,ES761000000640,LOC_51,TP_4225,0
20000241,2024-01-03,PLT102698,+34600001034,user3706@ex.com,STREET_933,SHOP_353,ES761000001308,LOC_1109,TP_7009,1
20000221,2024-01-03,PLT100486,+34600001459,user2552@ex.com,STREET_1225,SHOP_391,ES761000003820,LOC_269,TP_3143,0
20000240,2024-01-03,PLT103577,+34600000728,user3429@ex.com,STREET_1081,SHOP_798,ES761000000360,LOC_494,TP_5545,0
20000239,2024-01-03,PLT100077,+34600001248,user4939@ex.com,STREET_1825,SHOP_593,ES761000000827,LOC_1105,TP_6322,0
20000238,2024-01-03,PLT101926,+34600002208,user1725@ex.com,STREET_1977,SHOP_262,ES761000001458,LOC_1167,TP_5446,0
20000237,2024-01-03,PLT107774,+34600001336,user153@ex.com,STREET_2372,SHOP_776,ES761000000531,LOC_1033,TP_4710,0
20000235,2024-01-03,PLT100361,+34600001643,user3676@ex.com,STREET_168,SHOP_183,ES761000000972,LOC_1066,TP_7007,0
20000234,2024-01-03,PLT100433,+34600003861,user3406@ex.com,STREET_1621,SHOP_394,ES761000003937,LOC_286,TP_2902,0
20000233,2024-01-03,PLT100618,+34600000792,user3816@ex.com,STREET_603,SHOP_867,ES761000001178,LOC_499,TP_4039,0
20000232,2024-01-03,PLT103071,+34600000366,user4763@ex.com,STREET_923,SHOP_64,ES761000002736,LOC_1054,TP_3420,0
20000236,2024-01-03,PLT107047,+34600000768,user1770@ex.com,STREET_2090,SHOP_287,ES761000001933,LOC_128,TP_1782,0
20000231,2024-01-03,PLT101597,+34600001113,user4185@ex.com,STREET_2182,SHOP_268,ES761000000492,LOC_452,TP_2093,0
20000223,2024-01-03,PLT101250,+34600001702,user3317@ex.com,STREET_1389,SHOP_655,ES761000002296,LOC_447,TP_2712,0
20000225,2024-01-03,PLT107899,+34600001737,user1283@ex.com,STREET_170,SHOP_768,ES761000002258,LOC_479,TP_6379,0
20000226,2024-01-03,PLT102076,+34600001055,user760@ex.com,STREET_2348,SHOP_126,ES761000002619,LOC_1023,TP_3505,0
20000227,2024-01-03,PLT107557,+34600003294,user6@ex.com,STREET_1321,SHOP_253,ES761000001016,LOC_110,TP_287,0
20000224,2024-01-03,PLT104755,+34600001696,user1368@ex.com,STREET_2281,SHOP_775,ES761000000181,LOC_31,TP_4319,0
20000229,2024-01-03,PLT104331,+34600003249,user3979@ex.com,STREET_801,SHOP_308,ES761000000779,LOC_1083,TP_4713,0
20000230,2024-01-03,PLT103247,+34600000479,user1739@ex.com,STREET_1363,SHOP_900,ES761000002261,LOC_1007,TP_2811,0
20000228,2024-01-03,PLT103524,+34600003266,user1107@ex.com,STREET_2360,SHOP_460,ES761000002786,LOC_699,TP_29,0
20000351,2024-01-04,PLT104755,+34600003920,user1719@ex.com,STREET_900,SHOP_944,ES761000000831,LOC_181,TP_1494,0
20000358,2024-01-04,PLT105554,+34600001355,user2100@ex.com,STREET_1747,SHOP_218,ES761000000514,LOC_677,TP_310,0
20000359,2024-01-04,PLT104021,+34600002878,user451@ex.com,STREET_2147,SHOP_366,ES761000001543,LOC_4,TP_5556,0
20000357,2024-01-04,PLT102935,+34600001951,user2670@ex.com,STREET_495,SHOP_785,ES761000000925,LOC_135,TP_3395,0
20000356,2024-01-04,PLT106268,+34600000125,user2529@ex.com,STREET_1710,SHOP_271,ES761000001306,LOC_230,TP_91,0
20000355,2024-01-04,PLT102467,+34600002427,user4327@ex.com,STREET_1347,SHOP_146,ES761000000984,LOC_882,TP_1019,0
20000354,2024-01-04,PLT100284,+34600000504,user3887@ex.com,STREET_685,SHOP_185,ES761000002689,LOC_978,TP_6209,0
20000353,2024-01-04,PLT106345,+34600002755,user4446@ex.com,STREET_254,SHOP_460,ES761000000267,LOC_45,TP_2796,0
20000352,2024-01-04,PLT104987,+34600001696,user4621@ex.com,STREET_2976,SHOP_577,ES761000001373,LOC_1108,TP_6828,1
20000350,2024-01-04,PLT103693,+34600001263,user650@ex.com,STREET_743,SHOP_339,ES761000001662,LOC_552,TP_105,0
20000340,2024-01-04,PLT103641,+34600002511,user4741@ex.com,STREET_2407,SHOP_787,ES761000002023,LOC_480,TP_3529,0
20000348,2024-01-04,PLT101069,+34600003465,user1895@ex.com,STREET_15,SHOP_422,ES761000003698,LOC_764,TP_3693,1
20000347,2024-01-04,PLT101173,+34600000772,user1715@ex.com,STREET_2460,SHOP_617,ES761000000197,LOC_1025,TP_2418,0
20000346,2024-01-04,PLT101692,+34600000457,user1918@ex.com,STREET_2057,SHOP_77,ES761000003343,LOC_213,TP_6974,1
20000345,2024-01-04,PLT103444,+34600002977,user811@ex.com,STREET_752,SHOP_231,ES761000000618,LOC_223,TP_5834,0
20000344,2024-01-04,PLT101436,+34600001637,user1006@ex.com,STREET_896,SHOP_433,ES761000001437,LOC_1185,TP_3695,0
20000343,2024-01-04,PLT104755,+34600003494,user384@ex.com,STREET_954,SHOP_56,ES761000003091,LOC_1179,TP_5281,0
20000342,2024-01-04,PLT107811,+34600003402,user1183@ex.com,STREET_1313,SHOP_2,ES761000002369,LOC_583,TP_7703,0
20000341,2024-01-04,PLT103842,+34600001030,user784@ex.com,STREET_1364,SHOP_31,ES761000002336,LOC_130,TP_2892,0
20000339,2024-01-04,PLT105652,+34600003476,user2299@ex.com,STREET_1103,SHOP_257,ES761000002695,LOC_1077,TP_7337,0
20000360,2024-01-04,PLT107582,+34600002116,user4013@ex.com,STREET_872,SHOP_66,ES761000001971,LOC_1006,TP_5823,0
20000349,2024-01-04,PLT106301,+34600001561,user72@ex.com,STREET_390,SHOP_276,ES761000001138,LOC_617,TP_7916,0
20000361,2024-01-04,PLT105403,+34600003707,user1796@ex.com,STREET_328,SHOP_509,ES761000000503,LOC_1141,TP_2905,0
20000382,2024-01-04,PLT102218,+34600001956,user4686@ex.com,STREET_2405,SHOP_180,ES761000002537,LOC_143,TP_197,0
20000363,2024-01-04,PLT106068,+34600000036,user850@ex.com,STREET_2193,SHOP_655,ES761000002897,LOC_1028,TP_4538,0
20000338,2024-01-04,PLT104257,+34600003165,user3388@ex.com,STREET_2620,SHOP_714,ES761000002948,LOC_566,TP_2399,0
20000384,2024-01-04,PLT106563,+34600001567,user2810@ex.com,STREET_908,SHOP_258,ES761000003818,LOC_383,TP_6970,0
20000383,2024-01-04,PLT104261,+34600002387,user180@ex.com,STREET_880,SHOP_59,ES761000003134,LOC_97,TP_5651,0
20000381,2024-01-04,PLT103095,+34600000066,user113@ex.com,STREET_2434,SHOP_868,ES761000001217,LOC_1173,TP_7037,0
20000380,2024-01-04,PLT103799,+34600001880,user2031@ex.com,STREET_1410,SHOP_77,ES761000001614,LOC_596,TP_5186,0
20000379,2024-01-04,PLT101144,+34600003834,user2803@ex.com,STREET_641,SHOP_875,ES761000003162,LOC_464,TP_7739,0
20000378,2024-01-04,PLT103998,+34600001555,user676@ex.com,STREET_2198,SHOP_971,ES761000002389,LOC_468,TP_4376,0
20000377,2024-01-04,PLT105759,+34600000580,user92@ex.com,STREET_1790,SHOP_147,ES761000002733,LOC_971,TP_1778,1
20000376,2024-01-04,PLT100248,+34600000325,user3655@ex.com,STREET_2814,SHOP_406,ES761000000696,LOC_687,TP_5555,0
20000375,2024-01-04,PLT107006,+34600000702,user80@ex.com,STREET_192,SHOP_951,ES761000002645,LOC_666,TP_4388,0
20000374,2024-01-04,PLT104202,+34600001525,user3764@ex.com,STREET_2213,SHOP_889,ES761000003968,LOC_1055,TP_4689,0
20000373,2024-01-04,PLT102822,+34600003853,user1566@ex.com,STREET_1567,SHOP_596,ES761000003453,LOC_658,TP_6339,0
20000372,2024-01-04,PLT102101,+34600000089,user4547@ex.com,STREET_2782,SHOP_557,ES761000003521,LOC_1196,TP_6584,0
20000371,2024-01-04,PLT105920,+34600001629,user1400@ex.com,STREET_2216,SHOP_145,ES761000000511,LOC_1166,TP_1699,0
20000370,2024-01-04,PLT107557,+34600003428,user2888@ex.com,STREET_1678,SHOP_879,ES761000001505,LOC_711,TP_3800,0
20000369,2024-01-04,PLT104717,+34600002905,user3080@ex.com,STREET_247,SHOP_265,ES761000002637,LOC_510,TP_2627,0
20000368,2024-01-04,PLT105406,+34600003191,user74@ex.com,STREET_712,SHOP_455,ES761000001187,LOC_715,TP_3208,0
20000367,2024-01-04,PLT106546,+34600000318,user2780@ex.com,STREET_2037,SHOP_579,ES761000001974,LOC_902,TP_651,0
20000366,2024-01-04,PLT107411,+34600001071,user1992@ex.com,STREET_2228,SHOP_110,ES761000001685,LOC_130,TP_6383,0
20000365,2024-01-04,PLT102504,+34600000543,user2457@ex.com,STREET_498,SHOP_823,ES761000000638,LOC_471,TP_1743,1
20000364,2024-01-04,PLT106339,+34600003435,user2726@ex.com,STREET_1558,SHOP_698,ES761000002890,LOC_546,TP_3311,0
20000362,2024-01-04,PLT106581,+34600001499,user376@ex.com,STREET_822,SHOP_535,ES761000003016,LOC_644,TP_6025,0
20000337,2024-01-04,PLT104141,+34600002979,user3694@ex.com,STREET_1984,SHOP_506,ES761000001342,LOC_730,TP_2852,1
20000311,2024-01-04,PLT104763,+34600003184,user2074@ex.com,STREET_2686,SHOP_527,ES761000000097,LOC_192,TP_6431,1
20000335,2024-01-04,PLT102117,+34600000776,user94@ex.com,STREET_2217,SHOP_49,ES761000002536,LOC_276,TP_6502,0
20000309,2024-01-04,PLT106068,+34600000645,user4615@ex.com,STREET_1064,SHOP_730,ES761000002207,LOC_998,TP_1682,0
20000308,2024-01-04,PLT102550,+34600002332,user3424@ex.com,STREET_895,SHOP_85,ES761000003312,LOC_443,TP_876,0
20000307,2024-01-04,PLT101926,+34600000847,user3271@ex.com,STREET_2404,SHOP_857,ES761000003085,LOC_570,TP_2391,0
20000306,2024-01-04,PLT100143,+34600001206,user182@ex.com,STREET_89,SHOP_862,ES761000002176,LOC_1117,TP_506,0
20000305,2024-01-04,PLT100384,+34600003586,user848@ex.com,STREET_924,SHOP_964,ES761000003949,LOC_245,TP_4062,1
20000304,2024-01-04,PLT106666,+34600001846,user597@ex.com,STREET_1361,SHOP_226,ES761000002767,LOC_502,TP_5338,0
20000303,2024-01-04,PLT101895,+34600002695,user12@ex.com,STREET_324,SHOP_425,ES761000001377,LOC_1192,TP_5638,0
20000302,2024-01-04,PLT103071,+34600001379,user4730@ex.com,STREET_2847,SHOP_908,ES761000000436,LOC_550,TP_5956,0
20000301,2024-01-04,PLT100174,+34600002369,user2520@ex.com,STREET_1737,SHOP_473,ES761000000422,LOC_761,TP_1341,0
20000310,2024-01-04,PLT104249,+34600000087,user4519@ex.com,STREET_1229,SHOP_149,ES761000003530,LOC_875,TP_6460,0
20000300,2024-01-04,PLT104257,+34600002903,user4239@ex.com,STREET_1267,SHOP_968,ES761000003419,LOC_897,TP_6175,0
20000298,2024-01-04,PLT101620,+34600003032,user221@ex.com,STREET_250,SHOP_261,ES761000003000,LOC_993,TP_3354,0
20000297,2024-01-04,PLT104862,+34600000547,user4166@ex.com,STREET_207,SHOP_412,ES761000002751,LOC_903,TP_1603,0
20000296,2024-01-04,PLT103117,+34600003782,user773@ex.com,STREET_2369,SHOP_382,ES761000000292,LOC_599,TP_3130,0
20000295,2024-01-04,PLT102834,+34600003707,user3751@ex.com,STREET_1118,SHOP_118,ES761000003559,LOC_70,TP_259,0
20000294,2024-01-04,PLT107335,+34600002618,user1044@ex.com,STREET_1838,SHOP_945,ES761000003695,LOC_366,TP_4862,0
20000293,2024-01-04,PLT106495,+34600001289,user1016@ex.com,STREET_803,SHOP_777,ES761000001651,LOC_165,TP_6447,0
20000292,2024-01-04,PLT101939,+34600000942,user819@ex.com,STREET_1721,SHOP_621,ES761000000495,LOC_497,TP_6325,0
20000291,2024-01-04,PLT102121,+34600001319,user4804@ex.com,STREET_2127,SHOP_412,ES761000001714,LOC_163,TP_7786,1
20000289,2024-01-04,PLT106752,+34600000454,user4519@ex.com,STREET_449,SHOP_842,ES761000002076,LOC_871,TP_4997,0
20000299,2024-01-04,PLT103281,+34600003740,user3656@ex.com,STREET_2460,SHOP_962,ES761000001397,LOC_1033,TP_3900,0
20000336,2024-01-04,PLT101796,+34600001019,user37@ex.com,STREET_862,SHOP_121,ES761000001256,LOC_1165,TP_7793,0
20000290,2024-01-04,PLT102922,+34600000796,user4238@ex.com,STREET_777,SHOP_455,ES761000002808,LOC_711,TP_7252,0
20000313,2024-01-04,PLT107413,+34600001684,user4437@ex.com,STREET_1215,SHOP_126,ES761000001019,LOC_762,TP_4338,0
20000334,2024-01-04,PLT107741,+34600003338,user1236@ex.com,STREET_2084,SHOP_146,ES761000003806,LOC_898,TP_5836,1
20000333,2024-01-04,PLT101261,+34600000643,user2376@ex.com,STREET_1852,SHOP_922,ES761000000974,LOC_438,TP_5889,1
20000332,2024-01-04,PLT103350,+34600001140,user2503@ex.com,STREET_884,SHOP_852,ES761000003840,LOC_686,TP_3152,0
20000331,2024-01-04,PLT104798,+34600000639,user1707@ex.com,STREET_838,SHOP_772,ES761000001152,LOC_683,TP_4808,0
20000330,2024-01-04,PLT104515,+34600002098,user4571@ex.com,STREET_149,SHOP_620,ES761000002226,LOC_435,TP_48,0
20000329,2024-01-04,PLT106705,+34600003196,user1702@ex.com,STREET_621,SHOP_73,ES761000002159,LOC_1118,TP_7181,0
20000312,2024-01-04,PLT107411,+34600001476,user4906@ex.com,STREET_2597,SHOP_482,ES761000000478,LOC_368,TP_6055,0
20000327,2024-01-04,PLT106397,+34600000098,user2560@ex.com,STREET_2380,SHOP_427,ES761000001824,LOC_539,TP_479,0
20000326,2024-01-04,PLT103906,+34600001549,user2612@ex.com,STREET_2271,SHOP_506,ES761000001443,LOC_367,TP_3584,0
20000325,2024-01-04,PLT107617,+34600002198,user2375@ex.com,STREET_1966,SHOP_666,ES761000002215,LOC_790,TP_2837,0
20000328,2024-01-04,PLT102242,+34600000684,user3936@ex.com,STREET_1651,SHOP_26,ES761000001506,LOC_928,TP_5557,0
20000323,2024-01-04,PLT106113,+34600001645,user3875@ex.com,STREET_66,SHOP_341,ES761000000509,LOC_520,TP_4973,0
20000322,2024-01-04,PLT105162,+34600001677,user2043@ex.com,STREET_2812,SHOP_777,ES761000000746,LOC_206,TP_5729,0
20000321,2024-01-04,PLT103545,+34600003857,user1047@ex.com,STREET_75,SHOP_243,ES761000001809,LOC_1058,TP_3573,0
20000320,2024-01-04,PLT102128,+34600003377,user4833@ex.com,STREET_441,SHOP_300,ES761000001370,LOC_370,TP_4411,0
20000319,2024-01-04,PLT104001,+34600000355,user3275@ex.com,STREET_2829,SHOP_314,ES761000003705,LOC_1028,TP_1437,0
20000318,2024-01-04,PLT107459,+34600002852,user3419@ex.com,STREET_2043,SHOP_192,ES761000003807,LOC_822,TP_1127,0
20000317,2024-01-04,PLT100986,+34600003182,user3388@ex.com,STREET_1764,SHOP_979,ES761000002080,LOC_1001,TP_5497,0
20000316,2024-01-04,PLT103348,+34600001779,user304@ex.com,STREET_10,SHOP_444,ES761000002160,LOC_799,TP_4378,0
20000315,2024-01-04,PLT102492,+34600001532,user2913@ex.com,STREET_1696,SHOP_180,ES761000001717,LOC_702,TP_4527,0
20000324,2024-01-04,PLT105440,+34600000603,user2519@ex.com,STREET_593,SHOP_95,ES761000002008,LOC_94,TP_2525,0
20000314,2024-01-04,PLT104007,+34600001630,user2483@ex.com,STREET_380,SHOP_830,ES761000002265,LOC_320,TP_866,0
20000444,2024-01-05,PLT102451,+34600001678,user2892@ex.com,STREET_1937,SHOP_823,ES761000001248,LOC_216,TP_430,0
20000445,2024-01-05,PLT101926,+34600000789,user1@ex.com,STREET_1198,SHOP_830,ES761000001216,LOC_1000,TP_7818,0
20000446,2024-01-05,PLT102354,+34600002019,user3634@ex.com,STREET_721,SHOP_772,ES761000002744,LOC_203,TP_2484,0
20000451,2024-01-05,PLT101620,+34600000950,user3147@ex.com,STREET_1240,SHOP_812,ES761000003379,LOC_301,TP_4422,1
20000448,2024-01-05,PLT104102,+34600002811,user4671@ex.com,STREET_2295,SHOP_279,ES761000000155,LOC_925,TP_1649,0
20000449,2024-01-05,PLT101984,+34600003875,user1086@ex.com,STREET_1667,SHOP_700,ES761000003995,LOC_26,TP_1397,0
20000450,2024-01-05,PLT107872,+34600001849,user2344@ex.com,STREET_2783,SHOP_180,ES761000000149,LOC_573,TP_5985,0
20000447,2024-01-05,PLT103917,+34600002417,user771@ex.com,STREET_1340,SHOP_660,ES761000000108,LOC_756,TP_4521,0
20000443,2024-01-05,PLT101168,+34600000202,user2178@ex.com,STREET_141,SHOP_71,ES761000003913,LOC_454,TP_190,0
20000433,2024-01-05,PLT101083,+34600000825,user4500@ex.com,STREET_810,SHOP_819,ES761000001567,LOC_725,TP_3439,1
20000441,2024-01-05,PLT107213,+34600002275,user2100@ex.com,STREET_2660,SHOP_267,ES761000003233,LOC_404,TP_7596,0
20000440,2024-01-05,PLT104476,+34600003382,user1712@ex.com,STREET_2768,SHOP_467,ES761000002569,LOC_912,TP_1814,0
20000439,2024-01-05,PLT106952,+34600000374,user1842@ex.com,STREET_319,SHOP_661,ES761000000979,LOC_1012,TP_4559,0
20000438,2024-01-05,PLT106345,+34600002817,user799@ex.com,STREET_1595,SHOP_856,ES761000001569,LOC_918,TP_811,0
20000437,2024-01-05,PLT105237,+34600001943,user349@ex.com,STREET_1681,SHOP_184,ES761000003841,LOC_485,TP_1463,0
20000436,2024-01-05,PLT103100,+34600000179,user4629@ex.com,STREET_1674,SHOP_846,ES761000003798,LOC_274,TP_7935,1
20000435,2024-01-05,PLT107917,+34600003496,user4631@ex.com,STREET_2764,SHOP_898,ES761000000408,LOC_745,TP_5635,0
20000434,2024-01-05,PLT103135,+34600002825,user753@ex.com,STREET_517,SHOP_122,ES761000002857,LOC_259,TP_3757,0
20000452,2024-01-05,PLT101984,+34600002677,user56@ex.com,STREET_2352,SHOP_739,ES761000003822,LOC_801,TP_1497,1
20000442,2024-01-05,PLT105742,+34600001119,user3390@ex.com,STREET_2916,SHOP_739,ES761000001879,LOC_896,TP_4241,0
20000453,2024-01-05,PLT105318,+34600001846,user1515@ex.com,STREET_1831,SHOP_527,ES761000003026,LOC_587,TP_5720,0
20000464,2024-01-05,PLT101217,+34600002989,user412@ex.com,STREET_1533,SHOP_653,ES761000000533,LOC_1147,TP_6105,0
20000455,2024-01-05,PLT104782,+34600002944,user328@ex.com,STREET_165,SHOP_414,ES761000001916,LOC_41,TP_2727,0
20000432,2024-01-05,PLT104750,+34600002493,user1149@ex.com,STREET_725,SHOP_382,ES761000000042,LOC_411,TP_4661,0
20000474,2024-01-05,PLT103563,+34600002080,user1065@ex.com,STREET_420,SHOP_655,ES761000002135,LOC_68,TP_3634,0
20000473,2024-01-05,PLT106120,+34600000457,user515@ex.com,STREET_1944,SHOP_914,ES761000000584,LOC_82,TP_164,0
20000472,2024-01-05,PLT104193,+34600002087,user1461@ex.com,STREET_2023,SHOP_450,ES761000003585,LOC_838,TP_3483,0
20000471,2024-01-05,PLT104170,+34600003439,user3537@ex.com,STREET_633,SHOP_372,ES761000000354,LOC_198,TP_7888,0
20000470,2024-01-05,PLT106487,+34600003265,user3@ex.com,STREET_1917,SHOP_87,ES761000001991,LOC_1154,TP_2410,0
20000469,2024-01-05,PLT105759,+34600002509,user2554@ex.com,STREET_2875,SHOP_910,ES761000000343,LOC_1116,TP_4590,0
20000468,2024-01-05,PLT103490,+34600000691,user4124@ex.com,STREET_2653,SHOP_802,ES761000001624,LOC_432,TP_2529,0
20000467,2024-01-05,PLT104634,+34600000730,user435@ex.com,STREET_219,SHOP_586,ES761000000640,LOC_709,TP_1907,0
20000466,2024-01-05,PLT106372,+34600000838,user2909@ex.com,STREET_1893,SHOP_971,ES761000000869,LOC_248,TP_7447,1
20000465,2024-01-05,PLT104141,+34600003543,user410@ex.com,STREET_446,SHOP_941,ES761000000643,LOC_934,TP_614,1
20000463,2024-01-05,PLT105160,+34600003013,user3596@ex.com,STREET_2836,SHOP_554,ES761000003864,LOC_659,TP_2862,0
20000462,2024-01-05,PLT101397,+34600000895,user783@ex.com,STREET_58,SHOP_566,ES761000003161,LOC_98,TP_7323,0
20000461,2024-01-05,PLT107056,+34600001088,user4878@ex.com,STREET_601,SHOP_35,ES761000000942,LOC_1194,TP_1610,0
20000460,2024-01-05,PLT106563,+34600002122,user182@ex.com,STREET_536,SHOP_674,ES761000003091,LOC_704,TP_3054,0
20000459,2024-01-05,PLT103492,+34600002098,user1739@ex.com,STREET_611,SHOP_551,ES761000003768,LOC_395,TP_2004,0
20000458,2024-01-05,PLT106035,+34600002244,user2618@ex.com,STREET_2116,SHOP_184,ES761000001587,LOC_358,TP_3892,1
20000457,2024-01-05,PLT106581,+34600002338,user960@ex.com,STREET_1666,SHOP_212,ES761000003613,LOC_335,TP_4291,0
20000456,2024-01-05,PLT106563,+34600003120,user2203@ex.com,STREET_740,SHOP_620,ES761000002754,LOC_439,TP_6670,0
20000454,2024-01-05,PLT101012,+34600001349,user1233@ex.com,STREET_1833,SHOP_656,ES761000003847,LOC_594,TP_6881,0
20000431,2024-01-05,PLT105747,+34600001168,user3810@ex.com,STREET_758,SHOP_957,ES761000003852,LOC_448,TP_1508,0
20000430,2024-01-05,PLT101604,+34600003645,user1525@ex.com,STREET_1029,SHOP_612,ES761000001442,LOC_263,TP_5466,0
20000395,2024-01-05,PLT100998,+34600000316,user3606@ex.com,STREET_2150,SHOP_317,ES761000001170,LOC_750,TP_6231,0
20000404,2024-01-05,PLT103620,+34600001444,user1537@ex.com,STREET_12,SHOP_147,ES761000000262,LOC_567,TP_2118,1
20000403,2024-01-05,PLT102600,+34600001841,user1644@ex.com,STREET_1682,SHOP_882,ES761000003502,LOC_432,TP_2358,0
20000401,2024-01-05,PLT103135,+34600001196,user3041@ex.com,STREET_2725,SHOP_810,ES761000001734,LOC_582,TP_6606,0
20000400,2024-01-05,PLT103589,+34600001180,user765@ex.com,STREET_2533,SHOP_885,ES761000000888,LOC_780,TP_722,0
20000399,2024-01-05,PLT101574,+34600002824,user4316@ex.com,STREET_2088,SHOP_12,ES761000002625,LOC_38,TP_5535,0
20000398,2024-01-05,PLT102384,+34600003892,user4368@ex.com,STREET_430,SHOP_465,ES761000000984,LOC_44,TP_3911,0
20000397,2024-01-05,PLT104763,+34600003535,user3936@ex.com,STREET_1096,SHOP_401,ES761000000161,LOC_513,TP_6582,1
20000396,2024-01-05,PLT107429,+34600003307,user3742@ex.com,STREET_1507,SHOP_654,ES761000001123,LOC_1087,TP_7814,0
20000394,2024-01-05,PLT100928,+34600003658,user4329@ex.com,STREET_2568,SHOP_339,ES761000001560,LOC_1157,TP_6619,0
20000393,2024-01-05,PLT100019,+34600001487,user2409@ex.com,STREET_1672,SHOP_257,ES761000002593,LOC_442,TP_1218,0
20000392,2024-01-05,PLT103492,+34600003880,user1077@ex.com,STREET_2019,SHOP_346,ES761000003082,LOC_780,TP_4531,0
20000391,2024-01-05,PLT103091,+34600000210,user2243@ex.com,STREET_1315,SHOP_698,ES761000000631,LOC_276,TP_2361,1
20000390,2024-01-05,PLT105224,+34600003738,user585@ex.com,STREET_912,SHOP_445,ES761000000275,LOC_317,TP_6120,0
20000389,2024-01-05,PLT107429,+34600001114,user3135@ex.com,STREET_2428,SHOP_626,ES761000001876,LOC_1150,TP_7527,0
20000388,2024-01-05,PLT103917,+34600001748,user3743@ex.com,STREET_2170,SHOP_358,ES761000003851,LOC_990,TP_3039,0
20000387,2024-01-05,PLT103450,+34600000871,user4505@ex.com,STREET_2242,SHOP_541,ES761000001899,LOC_492,TP_5332,0
20000386,2024-01-05,PLT106173,+34600000931,user1336@ex.com,STREET_1861,SHOP_450,ES761000002990,LOC_486,TP_6267,0
20000385,2024-01-05,PLT105142,+34600003131,user4738@ex.com,STREET_2143,SHOP_893,ES761000000955,LOC_1094,TP_3254,0
20000429,2024-01-05,PLT105498,+34600003991,user3937@ex.com,STREET_2345,SHOP_820,ES761000001060,LOC_468,TP_7433,0
20000405,2024-01-05,PLT106487,+34600001564,user104@ex.com,STREET_2758,SHOP_989,ES761000002060,LOC_944,TP_2204,0
20000406,2024-01-05,PLT102826,+34600003981,user4174@ex.com,STREET_2763,SHOP_651,ES761000003428,LOC_663,TP_7333,0
20000402,2024-01-05,PLT106372,+34600003308,user395@ex.com,STREET_1080,SHOP_761,ES761000001345,LOC_623,TP_7340,0
20000408,2024-01-05,PLT102711,+34600002654,user3706@ex.com,STREET_1699,SHOP_341,ES761000000506,LOC_420,TP_6548,0
20000428,2024-01-05,PLT102922,+34600003133,user4412@ex.com,STREET_983,SHOP_989,ES761000000299,LOC_400,TP_42,0
20000427,2024-01-05,PLT105859,+34600001510,user545@ex.com,STREET_336,SHOP_939,ES761000000025,LOC_954,TP_5951,0
20000426,2024-01-05,PLT107699,+34600000112,user4842@ex.com,STREET_1877,SHOP_369,ES761000003716,LOC_499,TP_2032,0
20000425,2024-01-05,PLT101812,+34600002252,user3695@ex.com,STREET_1497,SHOP_155,ES761000001876,LOC_195,TP_4356,1
20000424,2024-01-05,PLT106952,+34600002634,user1462@ex.com,STREET_2813,SHOP_755,ES761000002080,LOC_763,TP_2067,0
20000423,2024-01-05,PLT107714,+34600000395,user1138@ex.com,STREET_2260,SHOP_433,ES761000000510,LOC_1182,TP_3847,0
20000407,2024-01-05,PLT101416,+34600000767,user1650@ex.com,STREET_1788,SHOP_778,ES761000002856,LOC_810,TP_1129,0
20000421,2024-01-05,PLT102071,+34600000494,user1515@ex.com,STREET_835,SHOP_629,ES761000000684,LOC_450,TP_5416,0
20000420,2024-01-05,PLT101984,+34600001623,user42@ex.com,STREET_2035,SHOP_238,ES761000003964,LOC_693,TP_3122,0
20000419,2024-01-05,PLT105840,+34600002083,user2350@ex.com,STREET_147,SHOP_366,ES761000003657,LOC_893,TP_3692,0
20000418,2024-01-05,PLT102504,+34600002875,user2257@ex.com,STREET_171,SHOP_61,ES761000001471,LOC_260,TP_902,0
20000422,2024-01-05,PLT100901,+34600003617,user2437@ex.com,STREET_136,SHOP_168,ES761000001981,LOC_692,TP_6187,1
20000417,2024-01-05,PLT103809,+34600002499,user3026@ex.com,STREET_1306,SHOP_498,ES761000000126,LOC_1132,TP_5617,0
20000416,2024-01-05,PLT100234,+34600000371,user2099@ex.com,STREET_363,SHOP_660,ES761000002349,LOC_41,TP_206,0
20000415,2024-01-05,PLT103783,+34600001377,user4792@ex.com,STREET_2083,SHOP_865,ES761000001028,LOC_425,TP_4881,0
20000414,2024-01-05,PLT105920,+34600000611,user3093@ex.com,STREET_2448,SHOP_835,ES761000003404,LOC_720,TP_4873,0
20000413,2024-01-05,PLT101612,+34600001513,user59@ex.com,STREET_1094,SHOP_804,ES761000002951,LOC_597,TP_6335,0
20000412,2024-01-05,PLT107760,+34600001910,user2868@ex.com,STREET_2190,SHOP_523,ES761000003760,LOC_874,TP_2724,0
20000411,2024-01-05,PLT102372,+34600000882,user584@ex.com,STREET_1162,SHOP_231,ES761000000799,LOC_667,TP_2155,0
20000410,2024-01-05,PLT107037,+34600003281,user2122@ex.com,STREET_2775,SHOP_284,ES761000002648,LOC_41,TP_4332,0
20000409,2024-01-05,PLT100960,+34600001321,user4266@ex.com,STREET_352,SHOP_41,ES761000003584,LOC_248,TP_7065,0
20000538,2024-01-06,PLT100910,+34600002902,user4997@ex.com,STREET_1607,SHOP_751,ES761000003767,LOC_418,TP_7172,0
20000539,2024-01-06,PLT106138,+34600002136,user1697@ex.com,STREET_1871,SHOP_523,ES761000001442,LOC_790,TP_850,1
20000540,2024-01-06,PLT102657,+34600001704,user177@ex.com,STREET_2116,SHOP_650,ES761000001963,LOC_1,TP_5072,0
20000541,2024-01-06,PLT107603,+34600003362,user69@ex.com,STREET_2679,SHOP_422,ES761000001552,LOC_912,TP_5888,0
20000545,2024-01-06,PLT107829,+34600003836,user2733@ex.com,STREET_2090,SHOP_141,ES761000003576,LOC_995,TP_5774,0
20000543,2024-01-06,PLT107173,+34600000876,user2788@ex.com,STREET_2721,SHOP_956,ES761000001732,LOC_373,TP_3003,0
20000544,2024-01-06,PLT101178,+34600002221,user3590@ex.com,STREET_1846,SHOP_743,ES761000002855,LOC_452,TP_4123,0
20000546,2024-01-06,PLT103817,+34600000411,user3169@ex.com,STREET_346,SHOP_673,ES761000003474,LOC_364,TP_5283,0
20000537,2024-01-06,PLT102494,+34600000512,user885@ex.com,STREET_485,SHOP_221,ES761000003351,LOC_1055,TP_1671,0
20000542,2024-01-06,PLT103632,+34600001926,user351@ex.com,STREET_846,SHOP_877,ES761000002289,LOC_770,TP_7394,0
20000536,2024-01-06,PLT100825,+34600001053,user3413@ex.com,STREET_509,SHOP_785,ES761000003752,LOC_341,TP_6559,0
20000525,2024-01-06,PLT107021,+34600001084,user1896@ex.com,STREET_2118,SHOP_306,ES761000002474,LOC_1083,TP_6437,0
20000534,2024-01-06,PLT103492,+34600000144,user785@ex.com,STREET_1094,SHOP_211,ES761000001583,LOC_269,TP_7834,1
20000533,2024-01-06,PLT100361,+34600001775,user814@ex.com,STREET_1120,SHOP_373,ES761000001427,LOC_577,TP_273,1
20000532,2024-01-06,PLT100773,+34600001336,user1458@ex.com,STREET_1473,SHOP_807,ES761000001386,LOC_751,TP_2956,0
20000531,2024-01-06,PLT100842,+34600000049,user1844@ex.com,STREET_1795,SHOP_301,ES761000003952,LOC_729,TP_6039,0
20000530,2024-01-06,PLT100174,+34600001326,user2576@ex.com,STREET_2128,SHOP_979,ES761000001396,LOC_1008,TP_517,0
20000529,2024-01-06,PLT107139,+34600001479,user898@ex.com,STREET_575,SHOP_14,ES761000002132,LOC_1042,TP_5782,0
20000528,2024-01-06,PLT105859,+34600001773,user3888@ex.com,STREET_1351,SHOP_144,ES761000002228,LOC_171,TP_904,0
20000527,2024-01-06,PLT106624,+34600003980,user2432@ex.com,STREET_920,SHOP_6,ES761000002721,LOC_743,TP_3812,0
20000526,2024-01-06,PLT106509,+34600001218,user4094@ex.com,STREET_1955,SHOP_590,ES761000000964,LOC_22,TP_5053,0
20000547,2024-01-06,PLT100667,+34600000550,user3815@ex.com,STREET_2313,SHOP_964,ES761000001687,LOC_1123,TP_7360,0
20000535,2024-01-06,PLT101568,+34600002900,user462@ex.com,STREET_485,SHOP_338,ES761000001397,LOC_1122,TP_7249,0
20000548,2024-01-06,PLT106452,+34600001284,user2441@ex.com,STREET_2581,SHOP_306,ES761000001136,LOC_431,TP_2746,0
20000570,2024-01-06,PLT105072,+34600000886,user4216@ex.com,STREET_1811,SHOP_782,ES761000001184,LOC_424,TP_3515,0
20000550,2024-01-06,PLT100423,+34600000299,user248@ex.com,STREET_380,SHOP_333,ES761000001509,LOC_196,TP_1851,0
20000571,2024-01-06,PLT101435,+34600001865,user4919@ex.com,STREET_1915,SHOP_741,ES761000002685,LOC_279,TP_6753,0
20000569,2024-01-06,PLT100433,+34600000267,user1504@ex.com,STREET_2372,SHOP_963,ES761000001697,LOC_124,TP_3785,0
20000568,2024-01-06,PLT106299,+34600002766,user1239@ex.com,STREET_1232,SHOP_334,ES761000001810,LOC_451,TP_6223,1
20000567,2024-01-06,PLT100555,+34600001546,user4653@ex.com,STREET_117,SHOP_59,ES761000003160,LOC_137,TP_7857,1
20000572,2024-01-06,PLT101892,+34600000785,user948@ex.com,STREET_2675,SHOP_950,ES761000001140,LOC_598,TP_4226,1
20000566,2024-01-06,PLT107396,+34600001598,user1237@ex.com,STREET_706,SHOP_375,ES761000003051,LOC_405,TP_1627,0
20000565,2024-01-06,PLT103383,+34600002101,user1673@ex.com,STREET_2137,SHOP_377,ES761000001100,LOC_1060,TP_6251,0
20000564,2024-01-06,PLT103576,+34600002832,user3621@ex.com,STREET_2526,SHOP_671,ES761000002952,LOC_729,TP_592,0
20000563,2024-01-06,PLT106968,+34600002774,user297@ex.com,STREET_134,SHOP_575,ES761000002793,LOC_513,TP_6423,0
20000562,2024-01-06,PLT101436,+34600001024,user2464@ex.com,STREET_1252,SHOP_211,ES761000003463,LOC_3,TP_138,0
20000561,2024-01-06,PLT105714,+34600003070,user2443@ex.com,STREET_1916,SHOP_660,ES761000002806,LOC_124,TP_4547,0
20000560,2024-01-06,PLT105160,+34600001874,user1971@ex.com,STREET_297,SHOP_322,ES761000001714,LOC_818,TP_7970,0
20000559,2024-01-06,PLT101206,+34600002313,user1215@ex.com,STREET_1611,SHOP_95,ES761000000877,LOC_136,TP_7588,0
20000558,2024-01-06,PLT107899,+34600001063,user1569@ex.com,STREET_1828,SHOP_729,ES761000003420,LOC_255,TP_2252,0
20000557,2024-01-06,PLT107721,+34600001250,user947@ex.com,STREET_725,SHOP_506,ES761000000879,LOC_882,TP_5493,0
20000556,2024-01-06,PLT106697,+34600000426,user4531@ex.com,STREET_1390,SHOP_546,ES761000003305,LOC_1058,TP_7142,0
20000555,2024-01-06,PLT102257,+34600003159,user3722@ex.com,STREET_410,SHOP_486,ES761000000585,LOC_2,TP_4485,0
20000554,2024-01-06,PLT100449,+34600001890,user1460@ex.com,STREET_132,SHOP_682,ES761000000611,LOC_408,TP_3545,0
20000553,2024-01-06,PLT107335,+34600001264,user1035@ex.com,STREET_2762,SHOP_819,ES761000003062,LOC_10,TP_694,1
20000552,2024-01-06,PLT103502,+34600000830,user3406@ex.com,STREET_2073,SHOP_567,ES761000001448,LOC_1146,TP_370,0
20000551,2024-01-06,PLT101892,+34600000490,user4397@ex.com,STREET_2311,SHOP_946,ES761000000426,LOC_588,TP_3868,0
20000549,2024-01-06,PLT102914,+34600003451,user2180@ex.com,STREET_1945,SHOP_344,ES761000003771,LOC_156,TP_4341,0
20000524,2024-01-06,PLT100926,+34600002026,user2018@ex.com,STREET_1498,SHOP_787,ES761000000296,LOC_245,TP_1970,0
20000480,2024-01-06,PLT100828,+34600001560,user4718@ex.com,STREET_1324,SHOP_695,ES761000002027,LOC_186,TP_4224,0
20000522,2024-01-06,PLT106487,+34600001284,user1462@ex.com,STREET_1238,SHOP_265,ES761000001410,LOC_129,TP_6293,0
20000496,2024-01-06,PLT105202,+34600001917,user3029@ex.com,STREET_2726,SHOP_983,ES761000003218,LOC_76,TP_1922,1
20000495,2024-01-06,PLT102851,+34600000007,user3189@ex.com,STREET_258,SHOP_793,ES761000002425,LOC_1015,TP_694,1
20000494,2024-01-06,PLT103453,+34600003702,user3063@ex.com,STREET_1734,SHOP_757,ES761000003252,LOC_601,TP_3233,0
20000493,2024-01-06,PLT100470,+34600000260,user4889@ex.com,STREET_17,SHOP_228,ES761000001119,LOC_600,TP_2456,0
20000492,2024-01-06,PLT106828,+34600002941,user1744@ex.com,STREET_1148,SHOP_187,ES761000003393,LOC_557,TP_1966,0
20000491,2024-01-06,PLT105804,+34600000022,user4316@ex.com,STREET_1489,SHOP_149,ES761000000381,LOC_9,TP_1217,0
20000490,2024-01-06,PLT101796,+34600001609,user2866@ex.com,STREET_810,SHOP_704,ES761000000111,LOC_1121,TP_7662,0
20000489,2024-01-06,PLT107390,+34600003868,user2773@ex.com,STREET_1603,SHOP_298,ES761000000292,LOC_482,TP_4449,0
20000488,2024-01-06,PLT103906,+34600003341,user1334@ex.com,STREET_2897,SHOP_281,ES761000003807,LOC_1194,TP_3022,0
20000486,2024-01-06,PLT105250,+34600000788,user4447@ex.com,STREET_2402,SHOP_504,ES761000001203,LOC_195,TP_4037,0
20000485,2024-01-06,PLT107948,+34600000576,user504@ex.com,STREET_2686,SHOP_721,ES761000003453,LOC_921,TP_3982,0
20000484,2024-01-06,PLT107716,+34600002578,user2856@ex.com,STREET_2010,SHOP_341,ES761000003234,LOC_761,TP_4883,0
20000483,2024-01-06,PLT106546,+34600000892,user2229@ex.com,STREET_1983,SHOP_704,ES761000003927,LOC_946,TP_5992,0
20000482,2024-01-06,PLT102034,+34600002897,user3662@ex.com,STREET_1173,SHOP_609,ES761000003798,LOC_1066,TP_5945,0
20000481,2024-01-06,PLT101938,+34600003778,user2134@ex.com,STREET_703,SHOP_384,ES761000001152,LOC_62,TP_1216,0
20000479,2024-01-06,PLT106003,+34600001929,user3424@ex.com,STREET_2181,SHOP_494,ES761000002197,LOC_649,TP_1444,0
20000478,2024-01-06,PLT104430,+34600003086,user3621@ex.com,STREET_1369,SHOP_531,ES761000000389,LOC_125,TP_7306,0
20000477,2024-01-06,PLT104932,+34600002854,user2574@ex.com,STREET_2474,SHOP_80,ES761000003959,LOC_971,TP_2717,0
20000476,2024-01-06,PLT100146,+34600002875,user2775@ex.com,STREET_1809,SHOP_428,ES761000000579,LOC_189,TP_5459,1
20000475,2024-01-06,PLT105002,+34600000977,user1604@ex.com,STREET_227,SHOP_567,ES761000000041,LOC_758,TP_5304,0
20000523,2024-01-06,PLT101972,+34600002374,user478@ex.com,STREET_463,SHOP_539,ES761000003886,LOC_876,TP_5316,0
20000497,2024-01-06,PLT105142,+34600003764,user3998@ex.com,STREET_2979,SHOP_622,ES761000001569,LOC_211,TP_39,0
20000498,2024-01-06,PLT100248,+34600000708,user3297@ex.com,STREET_867,SHOP_33,ES761000002041,LOC_550,TP_3069,0
20000487,2024-01-06,PLT102354,+34600001696,user4655@ex.com,STREET_1621,SHOP_815,ES761000001583,LOC_763,TP_2887,0
20000500,2024-01-06,PLT101178,+34600003573,user4487@ex.com,STREET_1811,SHOP_951,ES761000002530,LOC_526,TP_7834,0
20000499,2024-01-06,PLT101939,+34600003213,user3324@ex.com,STREET_2951,SHOP_656,ES761000003576,LOC_497,TP_6704,0
20000520,2024-01-06,PLT102711,+34600003689,user2975@ex.com,STREET_2137,SHOP_698,ES761000003561,LOC_601,TP_4970,1
20000519,2024-01-06,PLT102747,+34600000043,user2719@ex.com,STREET_2801,SHOP_506,ES761000003300,LOC_648,TP_5244,0
20000518,2024-01-06,PLT104529,+34600003471,user3868@ex.com,STREET_2309,SHOP_235,ES761000000156,LOC_25,TP_7321,1
20000517,2024-01-06,PLT104191,+34600003315,user876@ex.com,STREET_838,SHOP_373,ES761000001413,LOC_1130,TP_1899,1
20000516,2024-01-06,PLT101895,+34600003705,user4103@ex.com,STREET_1079,SHOP_172,ES761000002626,LOC_309,TP_1997,0
20000515,2024-01-06,PLT104782,+34600001996,user3540@ex.com,STREET_174,SHOP_158,ES761000003751,LOC_508,TP_4606,0
20000514,2024-01-06,PLT102376,+34600000419,user3295@ex.com,STREET_736,SHOP_165,ES761000002450,LOC_419,TP_4148,0
20000513,2024-01-06,PLT104511,+34600003341,user67@ex.com,STREET_108,SHOP_562,ES761000003005,LOC_304,TP_3290,0
20000512,2024-01-06,PLT101435,+34600003861,user1060@ex.com,STREET_2726,SHOP_842,ES761000000738,LOC_1195,TP_5115,0
20000511,2024-01-06,PLT104121,+34600002842,user123@ex.com,STREET_2548,SHOP_234,ES761000001655,LOC_10,TP_4632,0
20000521,2024-01-06,PLT107899,+34600003148,user4294@ex.com,STREET_1104,SHOP_554,ES761000000430,LOC_698,TP_5072,0
20000501,2024-01-06,PLT105996,+34600000972,user2461@ex.com,STREET_113,SHOP_83,ES761000000083,LOC_884,TP_7447,0
20000509,2024-01-06,PLT101397,+34600000021,user4421@ex.com,STREET_2225,SHOP_37,ES761000003279,LOC_1123,TP_7296,0
20000508,2024-01-06,PLT102935,+34600003063,user3375@ex.com,STREET_1888,SHOP_449,ES761000002604,LOC_66,TP_2703,1
20000507,2024-01-06,PLT102073,+34600002754,user1121@ex.com,STREET_589,SHOP_622,ES761000003474,LOC_602,TP_5522,0
20000506,2024-01-06,PLT103262,+34600002427,user1433@ex.com,STREET_2830,SHOP_196,ES761000000232,LOC_214,TP_3229,0
20000505,2024-01-06,PLT105107,+34600000857,user3093@ex.com,STREET_710,SHOP_391,ES761000003333,LOC_145,TP_2318,0
20000504,2024-01-06,PLT104263,+34600000709,user3623@ex.com,STREET_671,SHOP_808,ES761000000469,LOC_620,TP_412,0
20000503,2024-01-06,PLT101500,+34600002169,user538@ex.com,STREET_1232,SHOP_720,ES761000000472,LOC_291,TP_5259,0
20000502,2024-01-06,PLT101416,+34600000993,user3467@ex.com,STREET_1202,SHOP_535,ES761000000340,LOC_1044,TP_2991,0
20000510,2024-01-06,PLT103799,+34600001532,user2099@ex.com,STREET_1488,SHOP_455,ES761000003363,LOC_546,TP_5505,0
20000640,2024-01-07,PLT105920,+34600001028,user4946@ex.com,STREET_1534,SHOP_636,ES761000003475,LOC_858,TP_5902,1
20000641,2024-01-07,PLT102230,+34600000689,user4081@ex.com,STREET_2881,SHOP_41,ES761000002092,LOC_1112,TP_7750,0
20000642,2024-01-07,PLT106546,+34600000717,user1979@ex.com,STREET_2604,SHOP_570,ES761000000223,LOC_122,TP_6428,0
20000643,2024-01-07,PLT104123,+34600002194,user1454@ex.com,STREET_1030,SHOP_73,ES761000001172,LOC_670,TP_1832,1
20000648,2024-01-07,PLT100314,+34600002540,user4026@ex.com,STREET_32,SHOP_772,ES761000000857,LOC_729,TP_7246,1
20000645,2024-01-07,PLT105954,+34600001404,user4934@ex.com,STREET_312,SHOP_283,ES761000000705,LOC_219,TP_4682,0
20000646,2024-01-07,PLT104782,+34600002763,user3055@ex.com,STREET_2797,SHOP_660,ES761000001733,LOC_53,TP_6083,1
20000639,2024-01-07,PLT103382,+34600001320,user508@ex.com,STREET_1429,SHOP_157,ES761000001586,LOC_892,TP_1644,1
20000647,2024-01-07,PLT105053,+34600002736,user4728@ex.com,STREET_1035,SHOP_334,ES761000000429,LOC_853,TP_6959,1
20000644,2024-01-07,PLT107365,+34600002336,user3307@ex.com,STREET_304,SHOP_404,ES761000002506,LOC_85,TP_5144,0
20000638,2024-01-07,PLT102352,+34600003203,user1111@ex.com,STREET_100,SHOP_437,ES761000001785,LOC_362,TP_1476,0
20000632,2024-01-07,PLT105301,+34600000669,user4992@ex.com,STREET_58,SHOP_44,ES761000002879,LOC_90,TP_4894,0
20000636,2024-01-07,PLT101069,+34600000703,user2329@ex.com,STREET_1657,SHOP_689,ES761000003358,LOC_864,TP_3879,0
20000635,2024-01-07,PLT101892,+34600002059,user3885@ex.com,STREET_1274,SHOP_771,ES761000001552,LOC_191,TP_345,0
20000634,2024-01-07,PLT104654,+34600002884,user4705@ex.com,STREET_2773,SHOP_406,ES761000003158,LOC_700,TP_221,0
20000633,2024-01-07,PLT106754,+34600002072,user4804@ex.com,STREET_2953,SHOP_889,ES761000002142,LOC_309,TP_3820,1
20000631,2024-01-07,PLT100023,+34600002022,user87@ex.com,STREET_1159,SHOP_314,ES761000002255,LOC_4,TP_1387,0
20000630,2024-01-07,PLT106893,+34600002709,user2174@ex.com,STREET_1370,SHOP_656,ES761000001990,LOC_980,TP_1407,0
20000629,2024-01-07,PLT103906,+34600000561,user906@ex.com,STREET_33,SHOP_419,ES761000002245,LOC_696,TP_7845,1
20000628,2024-01-07,PLT101174,+34600003100,user18@ex.com,STREET_1814,SHOP_234,ES761000001586,LOC_1054,TP_925,0
20000627,2024-01-07,PLT100975,+34600003500,user4928@ex.com,STREET_2200,SHOP_823,ES761000003499,LOC_702,TP_4083,0
20000626,2024-01-07,PLT106001,+34600001988,user2595@ex.com,STREET_2442,SHOP_435,ES761000003541,LOC_1017,TP_7644,0
20000637,2024-01-07,PLT106397,+34600000726,user4578@ex.com,STREET_2469,SHOP_892,ES761000000178,LOC_762,TP_916,0
20000649,2024-01-07,PLT105859,+34600003196,user1209@ex.com,STREET_1261,SHOP_64,ES761000000536,LOC_727,TP_1980,0
20000673,2024-01-07,PLT104175,+34600000962,user102@ex.com,STREET_2880,SHOP_766,ES761000003305,LOC_422,TP_3948,0
20000651,2024-01-07,PLT103879,+34600000820,user1081@ex.com,STREET_99,SHOP_320,ES761000000375,LOC_61,TP_1658,0
20000625,2024-01-07,PLT101567,+34600003023,user940@ex.com,STREET_1722,SHOP_313,ES761000000476,LOC_582,TP_8,0
20000672,2024-01-07,PLT104073,+34600001607,user3431@ex.com,STREET_1733,SHOP_519,ES761000001723,LOC_491,TP_7476,0
20000671,2024-01-07,PLT107899,+34600003540,user3846@ex.com,STREET_2010,SHOP_354,ES761000003128,LOC_346,TP_5693,0
20000670,2024-01-07,PLT106386,+34600003523,user3710@ex.com,STREET_1008,SHOP_53,ES761000000479,LOC_515,TP_6459,1
20000669,2024-01-07,PLT104273,+34600003313,user3819@ex.com,STREET_2,SHOP_837,ES761000002172,LOC_194,TP_7272,0
20000668,2024-01-07,PLT104944,+34600003996,user2735@ex.com,STREET_1827,SHOP_126,ES761000003122,LOC_858,TP_4790,0
20000667,2024-01-07,PLT104066,+34600001329,user755@ex.com,STREET_2158,SHOP_593,ES761000000558,LOC_441,TP_5691,0
20000666,2024-01-07,PLT102933,+34600003658,user2152@ex.com,STREET_837,SHOP_880,ES761000002828,LOC_541,TP_7534,0
20000665,2024-01-07,PLT104184,+34600000523,user4721@ex.com,STREET_2474,SHOP_542,ES761000002411,LOC_484,TP_3237,0
20000664,2024-01-07,PLT105160,+34600002212,user1698@ex.com,STREET_654,SHOP_942,ES761000003785,LOC_225,TP_7235,0
20000650,2024-01-07,PLT107917,+34600002520,user3373@ex.com,STREET_404,SHOP_290,ES761000001972,LOC_640,TP_3128,0
20000663,2024-01-07,PLT105521,+34600001521,user1817@ex.com,STREET_1561,SHOP_218,ES761000003026,LOC_2,TP_7384,0
20000661,2024-01-07,PLT107429,+34600003137,user1884@ex.com,STREET_494,SHOP_133,ES761000003675,LOC_123,TP_5277,0
20000660,2024-01-07,PLT102398,+34600003591,user3289@ex.com,STREET_2366,SHOP_915,ES761000002449,LOC_869,TP_813,0
20000659,2024-01-07,PLT103745,+34600002606,user1843@ex.com,STREET_2314,SHOP_529,ES761000001182,LOC_742,TP_1457,0
20000658,2024-01-07,PLT106546,+34600003732,user2133@ex.com,STREET_1800,SHOP_661,ES761000002468,LOC_943,TP_6422,0
20000657,2024-01-07,PLT107560,+34600000090,user4645@ex.com,STREET_789,SHOP_684,ES761000002841,LOC_483,TP_4767,0
20000656,2024-01-07,PLT105495,+34600000639,user2014@ex.com,STREET_1102,SHOP_113,ES761000001908,LOC_1165,TP_1962,0
20000655,2024-01-07,PLT106509,+34600003488,user3903@ex.com,STREET_2886,SHOP_254,ES761000001419,LOC_359,TP_2478,0
20000654,2024-01-07,PLT100392,+34600000912,user4249@ex.com,STREET_427,SHOP_888,ES761000001509,LOC_921,TP_483,0
20000653,2024-01-07,PLT104506,+34600001320,user4714@ex.com,STREET_317,SHOP_498,ES761000000951,LOC_1028,TP_7029,0
20000652,2024-01-07,PLT105560,+34600000580,user2512@ex.com,STREET_784,SHOP_460,ES761000002483,LOC_1194,TP_1887,1
20000662,2024-01-07,PLT102296,+34600001808,user4798@ex.com,STREET_1951,SHOP_475,ES761000003843,LOC_734,TP_6551,0
20000624,2024-01-07,PLT101309,+34600002489,user575@ex.com,STREET_539,SHOP_232,ES761000002612,LOC_123,TP_6377,0
20000601,2024-01-07,PLT101451,+34600002639,user1829@ex.com,STREET_2121,SHOP_698,ES761000000208,LOC_1093,TP_1368,0
20000622,2024-01-07,PLT106440,+34600002899,user2624@ex.com,STREET_431,SHOP_239,ES761000002438,LOC_402,TP_6921,0
20000595,2024-01-07,PLT106786,+34600001472,user2635@ex.com,STREET_1226,SHOP_204,ES761000000697,LOC_1096,TP_3168,0
20000594,2024-01-07,PLT100143,+34600000335,user1374@ex.com,STREET_1594,SHOP_838,ES761000001903,LOC_826,TP_7162,0
20000593,2024-01-07,PLT105652,+34600001680,user11@ex.com,STREET_2968,SHOP_913,ES761000001212,LOC_742,TP_7573,0
20000592,2024-01-07,PLT100192,+34600001121,user1488@ex.com,STREET_1581,SHOP_640,ES761000003985,LOC_263,TP_1846,0
20000591,2024-01-07,PLT105957,+34600002464,user3031@ex.com,STREET_2354,SHOP_281,ES761000001684,LOC_511,TP_7283,0
20000590,2024-01-07,PLT103269,+34600000334,user3626@ex.com,STREET_2909,SHOP_472,ES761000000686,LOC_793,TP_1502,0
20000589,2024-01-07,PLT101436,+34600001059,user815@ex.com,STREET_389,SHOP_658,ES761000002725,LOC_621,TP_2535,0
20000588,2024-01-07,PLT101178,+34600002015,user1049@ex.com,STREET_388,SHOP_157,ES761000000803,LOC_114,TP_6256,0
20000587,2024-01-07,PLT103545,+34600002585,user2103@ex.com,STREET_1189,SHOP_582,ES761000002432,LOC_1080,TP_5612,0
20000586,2024-01-07,PLT107714,+34600002398,user966@ex.com,STREET_1579,SHOP_649,ES761000002732,LOC_1027,TP_7468,0
20000596,2024-01-07,PLT107557,+34600002644,user3730@ex.com,STREET_752,SHOP_966,ES761000002012,LOC_1034,TP_765,0
20000585,2024-01-07,PLT106783,+34600000061,user4048@ex.com,STREET_65,SHOP_523,ES761000003617,LOC_980,TP_3359,0
20000583,2024-01-07,PLT101546,+34600000868,user1818@ex.com,STREET_1305,SHOP_83,ES761000000102,LOC_597,TP_463,0
20000582,2024-01-07,PLT105442,+34600002696,user2168@ex.com,STREET_2469,SHOP_669,ES761000002128,LOC_648,TP_6816,0
20000581,2024-01-07,PLT102023,+34600001046,user4306@ex.com,STREET_2227,SHOP_823,ES761000000925,LOC_565,TP_4349,1
20000580,2024-01-07,PLT107063,+34600003814,user4189@ex.com,STREET_1404,SHOP_25,ES761000002178,LOC_35,TP_4517,0
20000579,2024-01-07,PLT102376,+34600003730,user190@ex.com,STREET_930,SHOP_192,ES761000001073,LOC_859,TP_3583,0
20000577,2024-01-07,PLT107139,+34600002096,user2902@ex.com,STREET_1049,SHOP_802,ES761000000872,LOC_625,TP_24,0
20000576,2024-01-07,PLT103908,+34600002851,user1813@ex.com,STREET_1039,SHOP_998,ES761000000540,LOC_610,TP_3196,0
20000575,2024-01-07,PLT106953,+34600000487,user902@ex.com,STREET_396,SHOP_511,ES761000000230,LOC_31,TP_3475,0
20000574,2024-01-07,PLT102886,+34600003953,user2010@ex.com,STREET_1832,SHOP_596,ES761000003693,LOC_658,TP_2844,0
20000573,2024-01-07,PLT100314,+34600003392,user306@ex.com,STREET_1289,SHOP_755,ES761000002662,LOC_559,TP_5915,0
20000584,2024-01-07,PLT104289,+34600000442,user3629@ex.com,STREET_2672,SHOP_27,ES761000003103,LOC_887,TP_4523,0
20000597,2024-01-07,PLT104511,+34600001011,user2866@ex.com,STREET_36,SHOP_470,ES761000003069,LOC_802,TP_6679,0
20000578,2024-01-07,PLT106075,+34600001469,user1939@ex.com,STREET_172,SHOP_198,ES761000003380,LOC_836,TP_4444,0
20000599,2024-01-07,PLT103262,+34600001035,user643@ex.com,STREET_801,SHOP_656,ES761000000277,LOC_339,TP_7947,0
20000598,2024-01-07,PLT107904,+34600001926,user4455@ex.com,STREET_2688,SHOP_77,ES761000000717,LOC_1168,TP_2096,1
20000621,2024-01-07,PLT102818,+34600003909,user1606@ex.com,STREET_2714,SHOP_777,ES761000001991,LOC_613,TP_6530,0
20000620,2024-01-07,PLT105075,+34600003877,user4217@ex.com,STREET_1643,SHOP_80,ES761000003605,LOC_371,TP_5760,0
20000618,2024-01-07,PLT104241,+34600001750,user2890@ex.com,STREET_2960,SHOP_484,ES761000001986,LOC_207,TP_5462,0
20000617,2024-01-07,PLT101250,+34600002330,user1510@ex.com,STREET_542,SHOP_150,ES761000002709,LOC_567,TP_7676,0
20000616,2024-01-07,PLT103454,+34600003740,user4879@ex.com,STREET_2303,SHOP_390,ES761000002375,LOC_245,TP_6523,0
20000615,2024-01-07,PLT103780,+34600002924,user1650@ex.com,STREET_2623,SHOP_889,ES761000001483,LOC_949,TP_6651,1
20000614,2024-01-07,PLT100505,+34600001705,user330@ex.com,STREET_1365,SHOP_633,ES761000003419,LOC_273,TP_2432,1
20000613,2024-01-07,PLT103754,+34600002429,user3200@ex.com,STREET_416,SHOP_690,ES761000003835,LOC_688,TP_4853,0
20000612,2024-01-07,PLT106440,+34600001035,user4365@ex.com,STREET_1245,SHOP_429,ES761000001627,LOC_611,TP_6161,1
20000611,2024-01-07,PLT103269,+34600002051,user2003@ex.com,STREET_1968,SHOP_584,ES761000003271,LOC_666,TP_5420,0
20000619,2024-01-07,PLT107968,+34600003428,user4806@ex.com,STREET_894,SHOP_73,ES761000003145,LOC_1187,TP_1927,0
20000609,2024-01-07,PLT101895,+34600001569,user4023@ex.com,STREET_431,SHOP_915,ES761000003371,LOC_538,TP_2690,0
20000610,2024-01-07,PLT101220,+34600000756,user4196@ex.com,STREET_523,SHOP_804,ES761000002889,LOC_997,TP_7493,1
20000623,2024-01-07,PLT107826,+34600001814,user660@ex.com,STREET_1023,SHOP_759,ES761000002807,LOC_663,TP_7938,0
20000603,2024-01-07,PLT104395,+34600001623,user2329@ex.com,STREET_514,SHOP_168,ES761000002796,LOC_73,TP_2762,0
20000604,2024-01-07,PLT105227,+34600003634,user843@ex.com,STREET_57,SHOP_948,ES761000002923,LOC_576,TP_2470,0
20000602,2024-01-07,PLT100174,+34600003019,user1779@ex.com,STREET_51,SHOP_772,ES761000002137,LOC_938,TP_308,0
20000605,2024-01-07,PLT105057,+34600002605,user2546@ex.com,STREET_399,SHOP_959,ES761000002782,LOC_1130,TP_522,0
20000606,2024-01-07,PLT102018,+34600000619,user1083@ex.com,STREET_2326,SHOP_716,ES761000000281,LOC_622,TP_3223,0
20000607,2024-01-07,PLT107654,+34600000632,user3384@ex.com,STREET_729,SHOP_474,ES761000003272,LOC_1011,TP_2340,0
20000608,2024-01-07,PLT104697,+34600002122,user983@ex.com,STREET_643,SHOP_566,ES761000000861,LOC_1113,TP_741,0
20000600,2024-01-07,PLT105253,+34600001790,user2193@ex.com,STREET_2436,SHOP_266,ES761000003601,LOC_937,TP_6950,0
20000732,2024-01-08,PLT106509,+34600000021,user2119@ex.com,STREET_2618,SHOP_889,ES761000002610,LOC_737,TP_2317,1
20000726,2024-01-08,PLT106557,+34600002993,user3145@ex.com,STREET_1527,SHOP_941,ES761000003088,LOC_978,TP_3039,0
20000731,2024-01-08,PLT100423,+34600003846,user3112@ex.com,STREET_2248,SHOP_830,ES761000001416,LOC_25,TP_6604,1
20000730,2024-01-08,PLT101220,+34600001113,user3942@ex.com,STREET_2570,SHOP_62,ES761000001023,LOC_514,TP_5521,0
20000729,2024-01-08,PLT104115,+34600000946,user4412@ex.com,STREET_2547,SHOP_353,ES761000001323,LOC_385,TP_466,0
20000728,2024-01-08,PLT103545,+34600003551,user2449@ex.com,STREET_2163,SHOP_80,ES761000000600,LOC_1017,TP_2021,1
20000727,2024-01-08,PLT106581,+34600002602,user386@ex.com,STREET_1074,SHOP_115,ES761000002771,LOC_349,TP_6678,0
20000733,2024-01-08,PLT102523,+34600003265,user1995@ex.com,STREET_2055,SHOP_373,ES761000001365,LOC_969,TP_311,0
20000721,2024-01-08,PLT104193,+34600001185,user1631@ex.com,STREET_1946,SHOP_889,ES761000001986,LOC_230,TP_3714,0
20000724,2024-01-08,PLT107917,+34600003143,user826@ex.com,STREET_896,SHOP_973,ES761000000690,LOC_1125,TP_4914,0
20000723,2024-01-08,PLT101781,+34600002813,user2619@ex.com,STREET_2039,SHOP_460,ES761000003638,LOC_1006,TP_2211,0
20000722,2024-01-08,PLT102034,+34600000999,user3530@ex.com,STREET_2034,SHOP_351,ES761000000673,LOC_541,TP_2337,0
20000720,2024-01-08,PLT103507,+34600000670,user644@ex.com,STREET_815,SHOP_806,ES761000003840,LOC_1012,TP_501,0
20000719,2024-01-08,PLT106783,+34600003537,user3395@ex.com,STREET_2769,SHOP_464,ES761000001957,LOC_206,TP_1519,1
20000718,2024-01-08,PLT102292,+34600000619,user4613@ex.com,STREET_987,SHOP_464,ES761000000801,LOC_943,TP_857,1
20000734,2024-01-08,PLT104073,+34600000093,user3471@ex.com,STREET_2394,SHOP_64,ES761000003099,LOC_1014,TP_4443,0
20000717,2024-01-08,PLT102811,+34600000228,user456@ex.com,STREET_160,SHOP_734,ES761000002349,LOC_502,TP_6412,0
20000725,2024-01-08,PLT106345,+34600001474,user218@ex.com,STREET_465,SHOP_682,ES761000000794,LOC_90,TP_443,0
20000735,2024-01-08,PLT100192,+34600002797,user2596@ex.com,STREET_229,SHOP_133,ES761000003818,LOC_1190,TP_6964,0
20000747,2024-01-08,PLT104745,+34600001268,user2617@ex.com,STREET_2418,SHOP_990,ES761000003326,LOC_81,TP_5470,0
20000737,2024-01-08,PLT101642,+34600002125,user2594@ex.com,STREET_2141,SHOP_983,ES761000002079,LOC_1196,TP_3761,0
20000716,2024-01-08,PLT102567,+34600002447,user1631@ex.com,STREET_762,SHOP_224,ES761000000782,LOC_325,TP_5573,0
20000755,2024-01-08,PLT100742,+34600002048,user157@ex.com,STREET_1461,SHOP_684,ES761000002943,LOC_613,TP_1290,1
20000754,2024-01-08,PLT103256,+34600003289,user1046@ex.com,STREET_2826,SHOP_681,ES761000003913,LOC_186,TP_2561,0
20000753,2024-01-08,PLT106449,+34600001327,user2961@ex.com,STREET_717,SHOP_154,ES761000003581,LOC_944,TP_4024,0
20000752,2024-01-08,PLT107180,+34600000016,user2613@ex.com,STREET_643,SHOP_96,ES761000000923,LOC_1001,TP_6220,0
20000751,2024-01-08,PLT107716,+34600000505,user3184@ex.com,STREET_570,SHOP_840,ES761000003152,LOC_121,TP_2673,0
20000750,2024-01-08,PLT103564,+34600001662,user1903@ex.com,STREET_1024,SHOP_679,ES761000001904,LOC_898,TP_5710,0
20000748,2024-01-08,PLT105160,+34600002213,user3817@ex.com,STREET_2954,SHOP_671,ES761000001333,LOC_1044,TP_3062,1
20000746,2024-01-08,PLT107819,+34600000605,user3569@ex.com,STREET_2199,SHOP_193,ES761000000640,LOC_530,TP_5999,0
20000745,2024-01-08,PLT107442,+34600003849,user2964@ex.com,STREET_893,SHOP_211,ES761000003395,LOC_991,TP_4350,0
20000744,2024-01-08,PLT103482,+34600000530,user2882@ex.com,STREET_2714,SHOP_661,ES761000000446,LOC_1124,TP_5628,0
20000743,2024-01-08,PLT104430,+34600003396,user3479@ex.com,STREET_2394,SHOP_435,ES761000002356,LOC_776,TP_2777,0
20000742,2024-01-08,PLT107837,+34600000959,user3246@ex.com,STREET_2369,SHOP_115,ES761000002561,LOC_968,TP_7311,0
20000741,2024-01-08,PLT102482,+34600003077,user2888@ex.com,STREET_2311,SHOP_721,ES761000000198,LOC_251,TP_475,0
20000740,2024-01-08,PLT104073,+34600001613,user3184@ex.com,STREET_47,SHOP_585,ES761000002071,LOC_1078,TP_181,0
20000739,2024-01-08,PLT106882,+34600000487,user1766@ex.com,STREET_1489,SHOP_596,ES761000003944,LOC_711,TP_3444,0
20000738,2024-01-08,PLT102567,+34600001189,user4477@ex.com,STREET_2579,SHOP_879,ES761000002404,LOC_367,TP_6612,0
20000736,2024-01-08,PLT101713,+34600000414,user4876@ex.com,STREET_510,SHOP_735,ES761000001601,LOC_833,TP_6770,0
20000715,2024-01-08,PLT102542,+34600001646,user2837@ex.com,STREET_106,SHOP_951,ES761000000474,LOC_293,TP_4238,0
20000749,2024-01-08,PLT101397,+34600003100,user4044@ex.com,STREET_627,SHOP_965,ES761000003142,LOC_507,TP_1892,0
20000713,2024-01-08,PLT107619,+34600000056,user3222@ex.com,STREET_1054,SHOP_364,ES761000001731,LOC_401,TP_7131,0
20000691,2024-01-08,PLT101694,+34600000138,user4381@ex.com,STREET_1589,SHOP_208,ES761000000739,LOC_375,TP_2122,0
20000690,2024-01-08,PLT102731,+34600000433,user696@ex.com,STREET_1030,SHOP_59,ES761000000585,LOC_411,TP_1842,1
20000689,2024-01-08,PLT103832,+34600001158,user452@ex.com,STREET_77,SHOP_345,ES761000002896,LOC_170,TP_3357,0
20000688,2024-01-08,PLT102261,+34600003119,user3469@ex.com,STREET_2585,SHOP_968,ES761000002065,LOC_1087,TP_2901,0
20000687,2024-01-08,PLT105038,+34600001401,user4845@ex.com,STREET_2370,SHOP_334,ES761000003761,LOC_288,TP_2307,1
20000686,2024-01-08,PLT100671,+34600002674,user2751@ex.com,STREET_962,SHOP_450,ES761000002705,LOC_1023,TP_617,0
20000685,2024-01-08,PLT100092,+34600000422,user3259@ex.com,STREET_404,SHOP_523,ES761000001992,LOC_506,TP_1326,0
20000684,2024-01-08,PLT102819,+34600003478,user1201@ex.com,STREET_1350,SHOP_629,ES761000003151,LOC_514,TP_494,0
20000683,2024-01-08,PLT101405,+34600002689,user2162@ex.com,STREET_2173,SHOP_64,ES761000003436,LOC_657,TP_755,1
20000682,2024-01-08,PLT104176,+34600002352,user4740@ex.com,STREET_2034,SHOP_857,ES761000003840,LOC_449,TP_3830,0
20000681,2024-01-08,PLT100885,+34600000762,user1556@ex.com,STREET_2647,SHOP_693,ES761000003994,LOC_207,TP_5854,0
20000680,2024-01-08,PLT101984,+34600001241,user2600@ex.com,STREET_60,SHOP_951,ES761000000911,LOC_815,TP_6023,0
20000679,2024-01-08,PLT100638,+34600001717,user3780@ex.com,STREET_2892,SHOP_889,ES761000001613,LOC_140,TP_966,0
20000678,2024-01-08,PLT107217,+34600001653,user1151@ex.com,STREET_1667,SHOP_86,ES761000001124,LOC_437,TP_1774,0
20000677,2024-01-08,PLT100980,+34600003494,user4588@ex.com,STREET_2217,SHOP_382,ES761000000635,LOC_258,TP_648,0
20000676,2024-01-08,PLT105322,+34600003219,user2243@ex.com,STREET_391,SHOP_627,ES761000001479,LOC_846,TP_2027,0
20000675,2024-01-08,PLT103817,+34600002202,user4823@ex.com,STREET_889,SHOP_460,ES761000001313,LOC_44,TP_5909,1
20000692,2024-01-08,PLT104442,+34600000993,user4138@ex.com,STREET_2523,SHOP_719,ES761000002353,LOC_995,TP_71,0
20000693,2024-01-08,PLT106068,+34600003149,user4607@ex.com,STREET_2413,SHOP_722,ES761000003567,LOC_1147,TP_7153,0
20000674,2024-01-08,PLT106842,+34600001043,user2653@ex.com,STREET_392,SHOP_392,ES761000003452,LOC_308,TP_7288,0
20000695,2024-01-08,PLT104918,+34600000265,user4700@ex.com,STREET_1081,SHOP_856,ES761000002006,LOC_642,TP_1765,1
20000694,2024-01-08,PLT104643,+34600002807,user4231@ex.com,STREET_1799,SHOP_431,ES761000000776,LOC_272,TP_6715,0
20000712,2024-01-08,PLT105379,+34600001608,user2804@ex.com,STREET_1332,SHOP_238,ES761000000703,LOC_1054,TP_838,0
20000711,2024-01-08,PLT104001,+34600003404,user1257@ex.com,STREET_1732,SHOP_954,ES761000001944,LOC_311,TP_7878,0
20000710,2024-01-08,PLT104412,+34600002917,user4898@ex.com,STREET_2204,SHOP_842,ES761000001169,LOC_770,TP_1889,0
20000709,2024-01-08,PLT107691,+34600000907,user1381@ex.com,STREET_1083,SHOP_443,ES761000003405,LOC_196,TP_5308,0
20000708,2024-01-08,PLT107051,+34600002411,user3477@ex.com,STREET_2588,SHOP_96,ES761000003064,LOC_341,TP_2807,0
20000707,2024-01-08,PLT105759,+34600000250,user672@ex.com,STREET_1564,SHOP_211,ES761000000506,LOC_277,TP_3259,0
20000706,2024-01-08,PLT106014,+34600002236,user1988@ex.com,STREET_556,SHOP_147,ES761000001287,LOC_382,TP_6256,1
20000705,2024-01-08,PLT106509,+34600001069,user4392@ex.com,STREET_1404,SHOP_486,ES761000002174,LOC_69,TP_2294,0
20000714,2024-01-08,PLT104161,+34600001342,user221@ex.com,STREET_1201,SHOP_157,ES761000003319,LOC_1088,TP_7694,0
20000703,2024-01-08,PLT107063,+34600003287,user1184@ex.com,STREET_2562,SHOP_656,ES761000001962,LOC_625,TP_2001,0
20000702,2024-01-08,PLT107707,+34600002363,user3650@ex.com,STREET_2219,SHOP_739,ES761000002593,LOC_164,TP_916,0
20000701,2024-01-08,PLT101978,+34600002695,user308@ex.com,STREET_938,SHOP_716,ES761000003975,LOC_667,TP_435,0
20000700,2024-01-08,PLT107829,+34600002593,user2404@ex.com,STREET_435,SHOP_388,ES761000000386,LOC_404,TP_1986,0
20000699,2024-01-08,PLT103809,+34600000321,user1817@ex.com,STREET_2661,SHOP_333,ES761000003823,LOC_452,TP_3723,1
20000698,2024-01-08,PLT101435,+34600002025,user4059@ex.com,STREET_2916,SHOP_168,ES761000000514,LOC_300,TP_4929,0
20000697,2024-01-08,PLT100133,+34600000388,user1088@ex.com,STREET_360,SHOP_171,ES761000003401,LOC_801,TP_7086,0
20000704,2024-01-08,PLT107165,+34600003116,user3413@ex.com,STREET_1422,SHOP_464,ES761000003199,LOC_60,TP_6196,1
20000696,2024-01-08,PLT100555,+34600000465,user1518@ex.com,STREET_1943,SHOP_419,ES761000000615,LOC_732,TP_440,1
20000814,2024-01-09,PLT100346,+34600000664,user430@ex.com,STREET_2856,SHOP_445,ES761000002596,LOC_1103,TP_5642,0
20000813,2024-01-09,PLT107396,+34600002028,user3687@ex.com,STREET_673,SHOP_404,ES761000002801,LOC_450,TP_6353,0
20000812,2024-01-09,PLT100928,+34600000552,user4688@ex.com,STREET_2768,SHOP_506,ES761000003051,LOC_669,TP_1620,1
20000811,2024-01-09,PLT103475,+34600000482,user3022@ex.com,STREET_2243,SHOP_64,ES761000001530,LOC_733,TP_4313,1
20000810,2024-01-09,PLT107751,+34600002118,user2889@ex.com,STREET_1020,SHOP_507,ES761000000278,LOC_825,TP_6431,0
20000809,2024-01-09,PLT101174,+34600000766,user3850@ex.com,STREET_410,SHOP_516,ES761000000613,LOC_406,TP_2547,0
20000808,2024-01-09,PLT100910,+34600001270,user2672@ex.com,STREET_1840,SHOP_455,ES761000002990,LOC_1085,TP_1747,1
20000804,2024-01-09,PLT107090,+34600001434,user4023@ex.com,STREET_1657,SHOP_847,ES761000000238,LOC_1102,TP_3238,1
20000806,2024-01-09,PLT101554,+34600003049,user4777@ex.com,STREET_750,SHOP_899,ES761000000211,LOC_901,TP_7149,0
20000805,2024-01-09,PLT101309,+34600002066,user1381@ex.com,STREET_2972,SHOP_633,ES761000001936,LOC_209,TP_3309,0
20000815,2024-01-09,PLT107716,+34600000169,user2967@ex.com,STREET_1289,SHOP_383,ES761000001091,LOC_1188,TP_1465,0
20000803,2024-01-09,PLT103417,+34600001184,user3152@ex.com,STREET_2814,SHOP_184,ES761000003648,LOC_800,TP_6459,0
20000802,2024-01-09,PLT105369,+34600000993,user2585@ex.com,STREET_631,SHOP_470,ES761000000933,LOC_716,TP_3610,0
20000801,2024-01-09,PLT100390,+34600000898,user1606@ex.com,STREET_241,SHOP_772,ES761000000415,LOC_1197,TP_1922,0
20000800,2024-01-09,PLT100998,+34600001002,user3603@ex.com,STREET_2703,SHOP_259,ES761000001183,LOC_1047,TP_4146,0
20000799,2024-01-09,PLT100662,+34600000508,user2160@ex.com,STREET_623,SHOP_758,ES761000000179,LOC_586,TP_3189,0
20000798,2024-01-09,PLT104161,+34600001716,user3778@ex.com,STREET_2564,SHOP_150,ES761000003615,LOC_531,TP_2727,0
20000807,2024-01-09,PLT100366,+34600000213,user4571@ex.com,STREET_1552,SHOP_407,ES761000002339,LOC_1120,TP_1742,0
20000816,2024-01-09,PLT101012,+34600003513,user3393@ex.com,STREET_2575,SHOP_893,ES761000003544,LOC_200,TP_6135,0
20000820,2024-01-09,PLT102439,+34600001709,user1440@ex.com,STREET_501,SHOP_460,ES761000003837,LOC_757,TP_7863,0
20000818,2024-01-09,PLT100068,+34600001539,user4327@ex.com,STREET_1385,SHOP_406,ES761000002436,LOC_887,TP_1168,0
20000836,2024-01-09,PLT105224,+34600003509,user2501@ex.com,STREET_2101,SHOP_513,ES761000003703,LOC_725,TP_1377,0
20000797,2024-01-09,PLT107056,+34600002151,user1199@ex.com,STREET_1234,SHOP_720,ES761000000983,LOC_360,TP_1479,1
20000835,2024-01-09,PLT105442,+34600002884,user302@ex.com,STREET_2167,SHOP_695,ES761000002414,LOC_79,TP_4048,0
20000834,2024-01-09,PLT100742,+34600003464,user351@ex.com,STREET_2297,SHOP_681,ES761000001713,LOC_596,TP_2745,0
20000833,2024-01-09,PLT105202,+34600002531,user2420@ex.com,STREET_995,SHOP_523,ES761000001543,LOC_177,TP_5716,0
20000832,2024-01-09,PLT104484,+34600002139,user4263@ex.com,STREET_777,SHOP_270,ES761000003005,LOC_411,TP_5025,0
20000831,2024-01-09,PLT105442,+34600000540,user1912@ex.com,STREET_1229,SHOP_663,ES761000000996,LOC_339,TP_1166,0
20000830,2024-01-09,PLT107056,+34600002521,user705@ex.com,STREET_37,SHOP_922,ES761000001968,LOC_208,TP_1128,0
20000829,2024-01-09,PLT106234,+34600001744,user1662@ex.com,STREET_1642,SHOP_349,ES761000001522,LOC_273,TP_2432,0
20000828,2024-01-09,PLT101414,+34600002446,user4210@ex.com,STREET_177,SHOP_295,ES761000001154,LOC_305,TP_4439,0
20000827,2024-01-09,PLT107845,+34600000675,user1148@ex.com,STREET_211,SHOP_643,ES761000001951,LOC_97,TP_908,0
20000825,2024-01-09,PLT102886,+34600003081,user2734@ex.com,STREET_109,SHOP_420,ES761000001788,LOC_1077,TP_1311,0
20000824,2024-01-09,PLT107714,+34600001526,user4286@ex.com,STREET_161,SHOP_763,ES761000000607,LOC_1135,TP_3105,0
20000823,2024-01-09,PLT104127,+34600003203,user883@ex.com,STREET_1559,SHOP_346,ES761000002908,LOC_576,TP_3336,0
20000822,2024-01-09,PLT107754,+34600003278,user4346@ex.com,STREET_249,SHOP_996,ES761000002562,LOC_1045,TP_256,0
20000821,2024-01-09,PLT100555,+34600000288,user1956@ex.com,STREET_1612,SHOP_719,ES761000002862,LOC_352,TP_1593,0
20000819,2024-01-09,PLT101217,+34600002394,user350@ex.com,STREET_2093,SHOP_427,ES761000000133,LOC_124,TP_2276,0
20000817,2024-01-09,PLT101796,+34600000295,user3979@ex.com,STREET_714,SHOP_157,ES761000002422,LOC_351,TP_2088,1
20000826,2024-01-09,PLT106560,+34600000413,user200@ex.com,STREET_2145,SHOP_712,ES761000002081,LOC_143,TP_982,0
20000795,2024-01-09,PLT102034,+34600001377,user2703@ex.com,STREET_2148,SHOP_195,ES761000000316,LOC_1000,TP_3267,0
20000794,2024-01-09,PLT101235,+34600003935,user3707@ex.com,STREET_2959,SHOP_674,ES761000002795,LOC_1145,TP_5856,0
20000772,2024-01-09,PLT104973,+34600002684,user1508@ex.com,STREET_1039,SHOP_676,ES761000001111,LOC_359,TP_1703,0
20000771,2024-01-09,PLT107222,+34600001222,user28@ex.com,STREET_2579,SHOP_157,ES761000000116,LOC_137,TP_5798,0
20000770,2024-01-09,PLT102890,+34600001693,user2010@ex.com,STREET_871,SHOP_593,ES761000003337,LOC_495,TP_1598,0
20000769,2024-01-09,PLT103017,+34600003349,user34@ex.com,STREET_2468,SHOP_126,ES761000000447,LOC_970,TP_7051,0
20000768,2024-01-09,PLT102071,+34600001804,user586@ex.com,STREET_542,SHOP_64,ES761000001995,LOC_1029,TP_6560,0
20000767,2024-01-09,PLT100384,+34600003935,user2739@ex.com,STREET_1652,SHOP_592,ES761000002370,LOC_290,TP_2461,0
20000765,2024-01-09,PLT100742,+34600000469,user2601@ex.com,STREET_1798,SHOP_506,ES761000000319,LOC_420,TP_3700,0
20000764,2024-01-09,PLT102454,+34600002113,user1511@ex.com,STREET_2438,SHOP_728,ES761000003992,LOC_467,TP_5067,0
20000763,2024-01-09,PLT102149,+34600000796,user907@ex.com,STREET_599,SHOP_666,ES761000002405,LOC_315,TP_1517,0
20000762,2024-01-09,PLT103234,+34600003853,user1707@ex.com,STREET_2524,SHOP_858,ES761000003854,LOC_238,TP_2969,0
20000761,2024-01-09,PLT106213,+34600001170,user1267@ex.com,STREET_1521,SHOP_221,ES761000003312,LOC_437,TP_7498,0
20000760,2024-01-09,PLT101174,+34600001816,user826@ex.com,STREET_1914,SHOP_884,ES761000000494,LOC_569,TP_3271,0
20000759,2024-01-09,PLT105525,+34600001663,user1939@ex.com,STREET_505,SHOP_771,ES761000002884,LOC_910,TP_5243,0
20000758,2024-01-09,PLT102431,+34600002244,user4422@ex.com,STREET_1003,SHOP_576,ES761000002027,LOC_786,TP_5308,0
20000757,2024-01-09,PLT100638,+34600002325,user1694@ex.com,STREET_1211,SHOP_185,ES761000003336,LOC_693,TP_3375,0
20000756,2024-01-09,PLT106186,+34600003885,user2510@ex.com,STREET_229,SHOP_904,ES761000000393,LOC_486,TP_1544,0
20000796,2024-01-09,PLT106308,+34600002540,user1922@ex.com,STREET_1929,SHOP_147,ES761000000698,LOC_1074,TP_6944,0
20000773,2024-01-09,PLT105214,+34600000278,user4676@ex.com,STREET_1558,SHOP_475,ES761000000273,LOC_530,TP_4721,1
20000774,2024-01-09,PLT102886,+34600000883,user2215@ex.com,STREET_1024,SHOP_16,ES761000003513,LOC_778,TP_3899,0
20000766,2024-01-09,PLT100638,+34600000215,user3653@ex.com,STREET_2528,SHOP_631,ES761000003407,LOC_1043,TP_6530,0
20000776,2024-01-09,PLT107603,+34600002555,user3175@ex.com,STREET_967,SHOP_702,ES761000000329,LOC_927,TP_1209,0
20000775,2024-01-09,PLT106014,+34600001363,user4743@ex.com,STREET_2297,SHOP_2,ES761000000179,LOC_39,TP_4240,0
20000792,2024-01-09,PLT103386,+34600001105,user1104@ex.com,STREET_1853,SHOP_300,ES761000003582,LOC_975,TP_228,0
20000791,2024-01-09,PLT101005,+34600001350,user4075@ex.com,STREET_2855,SHOP_169,ES761000002042,LOC_121,TP_5611,0
20000790,2024-01-09,PLT100986,+34600000425,user57@ex.com,STREET_774,SHOP_972,ES761000001946,LOC_154,TP_1227,0
20000789,2024-01-09,PLT103476,+34600002362,user2961@ex.com,STREET_1730,SHOP_636,ES761000003797,LOC_913,TP_2515,0
20000788,2024-01-09,PLT106847,+34600000015,user1884@ex.com,STREET_2671,SHOP_695,ES761000003169,LOC_217,TP_311,0
20000787,2024-01-09,PLT105699,+34600002313,user4169@ex.com,STREET_515,SHOP_384,ES761000003454,LOC_260,TP_7496,0
20000786,2024-01-09,PLT105575,+34600002466,user4759@ex.com,STREET_2945,SHOP_552,ES761000003981,LOC_19,TP_6699,0
20000785,2024-01-09,PLT104066,+34600000499,user3596@ex.com,STREET_2677,SHOP_69,ES761000000754,LOC_286,TP_3757,0
20000793,2024-01-09,PLT103240,+34600003413,user997@ex.com,STREET_806,SHOP_887,ES761000001404,LOC_1182,TP_5871,0
20000783,2024-01-09,PLT105379,+34600003453,user440@ex.com,STREET_1904,SHOP_285,ES761000003093,LOC_18,TP_4827,0
20000782,2024-01-09,PLT101597,+34600000980,user633@ex.com,STREET_2828,SHOP_185,ES761000000842,LOC_1055,TP_4641,0
20000781,2024-01-09,PLT100376,+34600001278,user1983@ex.com,STREET_1964,SHOP_778,ES761000000288,LOC_834,TP_5687,0
20000780,2024-01-09,PLT103731,+34600001936,user1333@ex.com,STREET_1931,SHOP_997,ES761000000858,LOC_284,TP_7293,0
20000779,2024-01-09,PLT101083,+34600002438,user3936@ex.com,STREET_2528,SHOP_681,ES761000002154,LOC_1157,TP_6862,1
20000778,2024-01-09,PLT107078,+34600001147,user2047@ex.com,STREET_2481,SHOP_173,ES761000002810,LOC_1106,TP_5920,0
20000777,2024-01-09,PLT103545,+34600002604,user3345@ex.com,STREET_2925,SHOP_639,ES761000002947,LOC_411,TP_3915,0
20000784,2024-01-09,PLT106828,+34600002129,user2410@ex.com,STREET_2478,SHOP_649,ES761000003076,LOC_417,TP_4105,0
20000893,2024-01-10,PLT104782,+34600001276,user2135@ex.com,STREET_605,SHOP_145,ES761000000533,LOC_780,TP_6086,0
20000892,2024-01-10,PLT102064,+34600001952,user2760@ex.com,STREET_971,SHOP_527,ES761000002419,LOC_337,TP_3931,0
20000891,2024-01-10,PLT107904,+34600003816,user486@ex.com,STREET_1721,SHOP_724,ES761000002666,LOC_829,TP_76,0
20000890,2024-01-10,PLT100077,+34600003763,user3899@ex.com,STREET_821,SHOP_596,ES761000003313,LOC_338,TP_1132,0
20000889,2024-01-10,PLT103817,+34600001894,user4919@ex.com,STREET_1822,SHOP_567,ES761000002888,LOC_935,TP_6224,0
20000888,2024-01-10,PLT106937,+34600003401,user4822@ex.com,STREET_379,SHOP_334,ES761000003017,LOC_843,TP_6603,0
20000887,2024-01-10,PLT102914,+34600003682,user1020@ex.com,STREET_2788,SHOP_904,ES761000003019,LOC_690,TP_5048,0
20000886,2024-01-10,PLT106263,+34600002983,user4287@ex.com,STREET_1267,SHOP_645,ES761000002248,LOC_777,TP_6852,0
20000882,2024-01-10,PLT105284,+34600000769,user1921@ex.com,STREET_2970,SHOP_366,ES761000003949,LOC_556,TP_353,0
20000884,2024-01-10,PLT107618,+34600000630,user1490@ex.com,STREET_2253,SHOP_470,ES761000001602,LOC_763,TP_715,0
20000883,2024-01-10,PLT101403,+34600000991,user2009@ex.com,STREET_2128,SHOP_643,ES761000001689,LOC_185,TP_7834,0
20000881,2024-01-10,PLT101446,+34600002418,user1344@ex.com,STREET_1492,SHOP_322,ES761000001358,LOC_1066,TP_5969,0
20000880,2024-01-10,PLT101217,+34600002128,user2869@ex.com,STREET_1516,SHOP_406,ES761000001874,LOC_1123,TP_7442,0
20000879,2024-01-10,PLT103269,+34600002174,user3789@ex.com,STREET_1339,SHOP_88,ES761000003391,LOC_260,TP_1596,0
20000878,2024-01-10,PLT101796,+34600003819,user1019@ex.com,STREET_2563,SHOP_328,ES761000001163,LOC_797,TP_1513,0
20000894,2024-01-10,PLT101250,+34600001061,user565@ex.com,STREET_2190,SHOP_671,ES761000001958,LOC_1137,TP_3160,0
20000885,2024-01-10,PLT102634,+34600002011,user70@ex.com,STREET_1920,SHOP_470,ES761000003616,LOC_1045,TP_2586,1
20000895,2024-01-10,PLT101773,+34600002223,user595@ex.com,STREET_597,SHOP_343,ES761000002853,LOC_533,TP_1777,0
20000877,2024-01-10,PLT105525,+34600002620,user901@ex.com,STREET_1712,SHOP_15,ES761000002235,LOC_262,TP_3003,0
20000897,2024-01-10,PLT107619,+34600000371,user2613@ex.com,STREET_1718,SHOP_185,ES761000002670,LOC_1175,TP_7081,0
20000914,2024-01-10,PLT107968,+34600002617,user2697@ex.com,STREET_1907,SHOP_925,ES761000000288,LOC_258,TP_2365,0
20000915,2024-01-10,PLT107426,+34600001158,user391@ex.com,STREET_1989,SHOP_944,ES761000001838,LOC_42,TP_6936,1
20000912,2024-01-10,PLT104795,+34600003112,user164@ex.com,STREET_808,SHOP_714,ES761000000972,LOC_784,TP_6026,1
20000911,2024-01-10,PLT100124,+34600000396,user3197@ex.com,STREET_1752,SHOP_765,ES761000002033,LOC_605,TP_7944,0
20000910,2024-01-10,PLT101220,+34600002782,user3846@ex.com,STREET_156,SHOP_287,ES761000003524,LOC_396,TP_2741,1
20000909,2024-01-10,PLT102933,+34600000508,user1629@ex.com,STREET_866,SHOP_461,ES761000002411,LOC_478,TP_1078,0
20000908,2024-01-10,PLT100638,+34600001174,user2219@ex.com,STREET_2452,SHOP_243,ES761000002216,LOC_677,TP_6444,0
20000907,2024-01-10,PLT107528,+34600003653,user2871@ex.com,STREET_1683,SHOP_355,ES761000000592,LOC_598,TP_7428,0
20000906,2024-01-10,PLT107061,+34600002316,user4066@ex.com,STREET_236,SHOP_211,ES761000002782,LOC_1021,TP_7859,0
20000905,2024-01-10,PLT106882,+34600001236,user2062@ex.com,STREET_1031,SHOP_991,ES761000002935,LOC_858,TP_6474,0
20000904,2024-01-10,PLT102811,+34600001731,user2903@ex.com,STREET_298,SHOP_671,ES761000001570,LOC_292,TP_5139,0
20000903,2024-01-10,PLT104021,+34600000376,user4865@ex.com,STREET_333,SHOP_314,ES761000000385,LOC_1121,TP_999,1
20000902,2024-01-10,PLT104322,+34600002045,user147@ex.com,STREET_1565,SHOP_667,ES761000003505,LOC_879,TP_2467,0
20000901,2024-01-10,PLT102376,+34600000938,user1725@ex.com,STREET_727,SHOP_823,ES761000001015,LOC_230,TP_5305,0
20000900,2024-01-10,PLT106847,+34600003083,user2306@ex.com,STREET_2156,SHOP_752,ES761000000994,LOC_837,TP_3533,0
20000899,2024-01-10,PLT101588,+34600002292,user1456@ex.com,STREET_2078,SHOP_321,ES761000002049,LOC_83,TP_6454,0
20000898,2024-01-10,PLT100555,+34600000474,user3723@ex.com,STREET_47,SHOP_151,ES761000001185,LOC_158,TP_1166,0
20000896,2024-01-10,PLT100367,+34600003572,user4618@ex.com,STREET_1037,SHOP_427,ES761000000564,LOC_357,TP_4855,0
20000876,2024-01-10,PLT100829,+34600002198,user3459@ex.com,STREET_719,SHOP_414,ES761000001126,LOC_799,TP_17,0
20000913,2024-01-10,PLT105442,+34600000763,user4371@ex.com,STREET_16,SHOP_3,ES761000000196,LOC_573,TP_4468,0
20000874,2024-01-10,PLT106449,+34600002820,user4272@ex.com,STREET_742,SHOP_59,ES761000002729,LOC_1132,TP_35,1
20000852,2024-01-10,PLT103809,+34600003200,user2238@ex.com,STREET_467,SHOP_875,ES761000002618,LOC_1106,TP_7982,0
20000851,2024-01-10,PLT100812,+34600002054,user3101@ex.com,STREET_2582,SHOP_98,ES761000001793,LOC_1034,TP_7566,0
20000850,2024-01-10,PLT105826,+34600001067,user3452@ex.com,STREET_461,SHOP_573,ES761000001205,LOC_122,TP_699,0
20000849,2024-01-10,PLT102076,+34600000412,user4984@ex.com,STREET_541,SHOP_424,ES761000000752,LOC_705,TP_6421,0
20000848,2024-01-10,PLT106099,+34600001452,user2665@ex.com,STREET_117,SHOP_681,ES761000001871,LOC_743,TP_6869,0
20000847,2024-01-10,PLT104511,+34600002618,user4570@ex.com,STREET_2574,SHOP_827,ES761000001994,LOC_375,TP_1506,0
20000846,2024-01-10,PLT101618,+34600001807,user3001@ex.com,STREET_1346,SHOP_160,ES761000002863,LOC_802,TP_1114,0
20000853,2024-01-10,PLT101066,+34600001838,user1075@ex.com,STREET_1955,SHOP_506,ES761000001713,LOC_566,TP_7507,0
20000844,2024-01-10,PLT105026,+34600003077,user3379@ex.com,STREET_1017,SHOP_554,ES761000001490,LOC_832,TP_710,0
20000842,2024-01-10,PLT106068,+34600001105,user1985@ex.com,STREET_1336,SHOP_183,ES761000001361,LOC_1132,TP_5468,0
20000841,2024-01-10,PLT102034,+34600000409,user849@ex.com,STREET_974,SHOP_720,ES761000000186,LOC_63,TP_1145,1
20000840,2024-01-10,PLT102661,+34600000018,user3428@ex.com,STREET_1252,SHOP_709,ES761000002446,LOC_562,TP_5026,0
20000839,2024-01-10,PLT104990,+34600000340,user3801@ex.com,STREET_2842,SHOP_428,ES761000000098,LOC_260,TP_418,0
20000838,2024-01-10,PLT105391,+34600003291,user1779@ex.com,STREET_1684,SHOP_517,ES761000001297,LOC_627,TP_4235,0
20000837,2024-01-10,PLT101083,+34600003618,user4713@ex.com,STREET_2909,SHOP_912,ES761000000441,LOC_918,TP_3581,0
20000875,2024-01-10,PLT102071,+34600002812,user4830@ex.com,STREET_1538,SHOP_273,ES761000000622,LOC_392,TP_3968,0
20000843,2024-01-10,PLT105314,+34600000158,user3340@ex.com,STREET_2869,SHOP_667,ES761000002270,LOC_331,TP_4850,0
20000854,2024-01-10,PLT101069,+34600003980,user30@ex.com,STREET_515,SHOP_918,ES761000003163,LOC_746,TP_4842,0
20000845,2024-01-10,PLT105731,+34600002618,user2460@ex.com,STREET_2999,SHOP_643,ES761000003709,LOC_48,TP_3287,0
20000856,2024-01-10,PLT103545,+34600000713,user2772@ex.com,STREET_2603,SHOP_17,ES761000001206,LOC_935,TP_4348,0
20000855,2024-01-10,PLT104147,+34600000843,user1174@ex.com,STREET_781,SHOP_918,ES761000003597,LOC_904,TP_1529,1
20000873,2024-01-10,PLT104141,+34600000918,user2074@ex.com,STREET_241,SHOP_407,ES761000000610,LOC_291,TP_3250,0
20000872,2024-01-10,PLT101984,+34600001021,user4106@ex.com,STREET_2330,SHOP_0,ES761000002573,LOC_143,TP_7352,0
20000871,2024-01-10,PLT101938,+34600003241,user4231@ex.com,STREET_540,SHOP_89,ES761000002661,LOC_524,TP_6946,0
20000870,2024-01-10,PLT101277,+34600002609,user4830@ex.com,STREET_1080,SHOP_695,ES761000001890,LOC_571,TP_6881,0
20000869,2024-01-10,PLT102304,+34600000842,user2689@ex.com,STREET_646,SHOP_259,ES761000002823,LOC_259,TP_6284,0
20000867,2024-01-10,PLT101267,+34600002101,user1138@ex.com,STREET_2864,SHOP_712,ES761000001606,LOC_372,TP_6369,0
20000866,2024-01-10,PLT107002,+34600002417,user2247@ex.com,STREET_1294,SHOP_673,ES761000001114,LOC_532,TP_6691,0
20000865,2024-01-10,PLT107582,+34600003377,user2159@ex.com,STREET_2399,SHOP_423,ES761000000904,LOC_143,TP_3843,0
20000868,2024-01-10,PLT101309,+34600001393,user3180@ex.com,STREET_2529,SHOP_803,ES761000002477,LOC_934,TP_2750,0
20000864,2024-01-10,PLT102081,+34600003896,user368@ex.com,STREET_1511,SHOP_122,ES761000003793,LOC_115,TP_6348,0
20000858,2024-01-10,PLT107528,+34600003005,user1538@ex.com,STREET_2291,SHOP_751,ES761000000740,LOC_65,TP_3929,1
20000859,2024-01-10,PLT107247,+34600001484,user2960@ex.com,STREET_1932,SHOP_232,ES761000002686,LOC_62,TP_6334,0
20000860,2024-01-10,PLT104308,+34600003744,user2638@ex.com,STREET_2896,SHOP_412,ES761000000827,LOC_1144,TP_5191,0
20000857,2024-01-10,PLT102851,+34600003096,user2823@ex.com,STREET_1505,SHOP_431,ES761000001526,LOC_439,TP_1501,0
20000862,2024-01-10,PLT101166,+34600002550,user2089@ex.com,STREET_892,SHOP_3,ES761000003878,LOC_579,TP_912,0
20000863,2024-01-10,PLT100086,+34600002600,user1489@ex.com,STREET_2993,SHOP_40,ES761000002398,LOC_538,TP_468,0
20000861,2024-01-10,PLT107491,+34600003119,user4745@ex.com,STREET_128,SHOP_690,ES761000002520,LOC_1121,TP_7727,0
20000975,2024-01-11,PLT102886,+34600003039,user2033@ex.com,STREET_1,SHOP_147,ES761000000989,LOC_1122,TP_5632,0
20000982,2024-01-11,PLT101545,+34600003867,user3100@ex.com,STREET_1973,SHOP_887,ES761000000823,LOC_9,TP_7547,0
20000981,2024-01-11,PLT104257,+34600001018,user1140@ex.com,STREET_2462,SHOP_15,ES761000002056,LOC_539,TP_5263,0
20000980,2024-01-11,PLT105224,+34600002263,user2901@ex.com,STREET_2301,SHOP_963,ES761000002362,LOC_628,TP_2677,1
20000979,2024-01-11,PLT107815,+34600000016,user1478@ex.com,STREET_720,SHOP_331,ES761000001057,LOC_1167,TP_5310,0
20000978,2024-01-11,PLT102431,+34600003578,user4331@ex.com,STREET_2843,SHOP_636,ES761000002438,LOC_635,TP_6528,1
20000977,2024-01-11,PLT106440,+34600002035,user2167@ex.com,STREET_420,SHOP_205,ES761000001708,LOC_1184,TP_6253,0
20000976,2024-01-11,PLT104990,+34600002787,user838@ex.com,STREET_1083,SHOP_466,ES761000002506,LOC_198,TP_6879,0
20000974,2024-01-11,PLT103879,+34600003971,user3220@ex.com,STREET_2762,SHOP_333,ES761000000651,LOC_1155,TP_419,0
20000963,2024-01-11,PLT107095,+34600000809,user658@ex.com,STREET_459,SHOP_31,ES761000000317,LOC_342,TP_716,0
20000972,2024-01-11,PLT107247,+34600002184,user3783@ex.com,STREET_1371,SHOP_651,ES761000002897,LOC_661,TP_5918,0
20000971,2024-01-11,PLT100960,+34600002210,user3275@ex.com,STREET_690,SHOP_519,ES761000000856,LOC_992,TP_4659,0
20000970,2024-01-11,PLT101435,+34600001969,user1082@ex.com,STREET_562,SHOP_367,ES761000003544,LOC_1123,TP_4874,0
20000969,2024-01-11,PLT100090,+34600001676,user4459@ex.com,STREET_54,SHOP_422,ES761000002145,LOC_850,TP_7229,0
20000968,2024-01-11,PLT103269,+34600003341,user4882@ex.com,STREET_2483,SHOP_862,ES761000000586,LOC_0,TP_4230,0
20000967,2024-01-11,PLT105835,+34600001118,user915@ex.com,STREET_87,SHOP_754,ES761000001417,LOC_798,TP_2999,0
20000966,2024-01-11,PLT102545,+34600000717,user1349@ex.com,STREET_1928,SHOP_169,ES761000000739,LOC_911,TP_757,0
20000965,2024-01-11,PLT100773,+34600000470,user1283@ex.com,STREET_703,SHOP_139,ES761000003925,LOC_1150,TP_5188,1
20000983,2024-01-11,PLT102071,+34600001248,user2378@ex.com,STREET_39,SHOP_157,ES761000002383,LOC_933,TP_3922,0
20000973,2024-01-11,PLT102286,+34600000814,user3345@ex.com,STREET_832,SHOP_748,ES761000000943,LOC_460,TP_916,0
20000984,2024-01-11,PLT101400,+34600001309,user3069@ex.com,STREET_122,SHOP_341,ES761000000305,LOC_235,TP_6973,0
20001004,2024-01-11,PLT105799,+34600000309,user2659@ex.com,STREET_441,SHOP_684,ES761000003402,LOC_294,TP_5408,0
20000986,2024-01-11,PLT101812,+34600001792,user700@ex.com,STREET_1458,SHOP_276,ES761000001898,LOC_456,TP_7884,0
20001006,2024-01-11,PLT104322,+34600001381,user4637@ex.com,STREET_444,SHOP_945,ES761000003456,LOC_473,TP_4858,0
20001005,2024-01-11,PLT107180,+34600000501,user2963@ex.com,STREET_158,SHOP_64,ES761000001815,LOC_419,TP_5176,1
20000962,2024-01-11,PLT106213,+34600003644,user2349@ex.com,STREET_1244,SHOP_669,ES761000001812,LOC_529,TP_3831,0
20001003,2024-01-11,PLT107748,+34600000533,user2918@ex.com,STREET_117,SHOP_584,ES761000001927,LOC_336,TP_437,0
20001002,2024-01-11,PLT104184,+34600000249,user3158@ex.com,STREET_459,SHOP_878,ES761000001480,LOC_313,TP_4276,0
20001001,2024-01-11,PLT100944,+34600001586,user587@ex.com,STREET_1212,SHOP_114,ES761000000808,LOC_353,TP_361,0
20001000,2024-01-11,PLT107180,+34600003316,user4334@ex.com,STREET_904,SHOP_688,ES761000001204,LOC_391,TP_5411,0
20000999,2024-01-11,PLT102935,+34600001923,user4846@ex.com,STREET_1434,SHOP_966,ES761000003843,LOC_992,TP_3485,0
20000998,2024-01-11,PLT103177,+34600001531,user604@ex.com,STREET_2971,SHOP_543,ES761000000636,LOC_631,TP_3384,0
20000985,2024-01-11,PLT101261,+34600002634,user4540@ex.com,STREET_1247,SHOP_979,ES761000001019,LOC_1181,TP_531,0
20000997,2024-01-11,PLT104755,+34600002946,user4585@ex.com,STREET_897,SHOP_245,ES761000000384,LOC_1057,TP_7564,0
20000995,2024-01-11,PLT106937,+34600001556,user14@ex.com,STREET_675,SHOP_147,ES761000000738,LOC_559,TP_858,0
20000994,2024-01-11,PLT104225,+34600003172,user3866@ex.com,STREET_2475,SHOP_992,ES761000000423,LOC_118,TP_520,0
20000993,2024-01-11,PLT102851,+34600000092,user2157@ex.com,STREET_1818,SHOP_230,ES761000000992,LOC_1157,TP_6776,0
20000992,2024-01-11,PLT103071,+34600003639,user948@ex.com,STREET_2379,SHOP_930,ES761000001716,LOC_1037,TP_1386,0
20000991,2024-01-11,PLT100529,+34600002695,user136@ex.com,STREET_2632,SHOP_321,ES761000002045,LOC_829,TP_289,0
20000990,2024-01-11,PLT104193,+34600000668,user2039@ex.com,STREET_2909,SHOP_96,ES761000002101,LOC_454,TP_6700,0
20000989,2024-01-11,PLT101439,+34600002943,user2781@ex.com,STREET_1018,SHOP_729,ES761000000852,LOC_338,TP_676,0
20000988,2024-01-11,PLT101772,+34600003314,user3073@ex.com,STREET_2758,SHOP_839,ES761000002893,LOC_323,TP_5907,0
20000987,2024-01-11,PLT101146,+34600000161,user482@ex.com,STREET_425,SHOP_705,ES761000000246,LOC_1010,TP_472,0
20000996,2024-01-11,PLT100092,+34600001947,user3033@ex.com,STREET_1413,SHOP_81,ES761000000464,LOC_469,TP_1581,0
20000961,2024-01-11,PLT106793,+34600003856,user2274@ex.com,STREET_744,SHOP_36,ES761000000685,LOC_884,TP_2862,0
20000964,2024-01-11,PLT100192,+34600001857,user4962@ex.com,STREET_168,SHOP_322,ES761000000653,LOC_347,TP_6799,0
20000959,2024-01-11,PLT106301,+34600001362,user581@ex.com,STREET_1779,SHOP_794,ES761000003722,LOC_58,TP_876,0
20000935,2024-01-11,PLT104779,+34600001048,user3736@ex.com,STREET_2535,SHOP_320,ES761000000500,LOC_179,TP_7265,0
20000934,2024-01-11,PLT101416,+34600003381,user645@ex.com,STREET_1637,SHOP_279,ES761000000959,LOC_983,TP_4276,0
20000933,2024-01-11,PLT102784,+34600002426,user1349@ex.com,STREET_1542,SHOP_452,ES761000002288,LOC_570,TP_3583,0
20000932,2024-01-11,PLT100092,+34600003973,user1759@ex.com,STREET_969,SHOP_739,ES761000001744,LOC_915,TP_6619,1
20000931,2024-01-11,PLT103281,+34600000243,user2985@ex.com,STREET_1541,SHOP_648,ES761000002205,LOC_477,TP_4584,0
20000930,2024-01-11,PLT103581,+34600002533,user2562@ex.com,STREET_537,SHOP_305,ES761000000761,LOC_245,TP_5770,0
20000929,2024-01-11,PLT105391,+34600001147,user764@ex.com,STREET_617,SHOP_308,ES761000003736,LOC_1,TP_4030,1
20000928,2024-01-11,PLT105028,+34600003561,user3509@ex.com,STREET_800,SHOP_155,ES761000001252,LOC_665,TP_177,0
20000926,2024-01-11,PLT102578,+34600001801,user2403@ex.com,STREET_2481,SHOP_886,ES761000000771,LOC_333,TP_141,0
20000936,2024-01-11,PLT104910,+34600001948,user4401@ex.com,STREET_1750,SHOP_767,ES761000001173,LOC_241,TP_2844,0
20000925,2024-01-11,PLT102508,+34600001253,user3020@ex.com,STREET_2757,SHOP_694,ES761000000246,LOC_1018,TP_350,0
20000923,2024-01-11,PLT103477,+34600002726,user859@ex.com,STREET_1606,SHOP_283,ES761000003606,LOC_234,TP_943,0
20000922,2024-01-11,PLT100618,+34600002253,user4165@ex.com,STREET_723,SHOP_582,ES761000000762,LOC_192,TP_1017,0
20000921,2024-01-11,PLT105641,+34600000575,user1325@ex.com,STREET_1891,SHOP_964,ES761000000973,LOC_45,TP_1842,0
20000920,2024-01-11,PLT100322,+34600002132,user3984@ex.com,STREET_1517,SHOP_184,ES761000000168,LOC_888,TP_4941,0
20000919,2024-01-11,PLT101020,+34600001999,user4687@ex.com,STREET_1699,SHOP_308,ES761000000132,LOC_493,TP_4111,0
20000918,2024-01-11,PLT100428,+34600001480,user1436@ex.com,STREET_470,SHOP_144,ES761000003505,LOC_325,TP_5075,0
20000917,2024-01-11,PLT100998,+34600002570,user4192@ex.com,STREET_1318,SHOP_75,ES761000003486,LOC_1145,TP_1280,0
20000916,2024-01-11,PLT102124,+34600003817,user3844@ex.com,STREET_880,SHOP_387,ES761000003681,LOC_636,TP_2747,0
20000960,2024-01-11,PLT106585,+34600003303,user35@ex.com,STREET_2558,SHOP_317,ES761000000734,LOC_822,TP_6001,0
20000924,2024-01-11,PLT104430,+34600001436,user1022@ex.com,STREET_539,SHOP_772,ES761000002162,LOC_780,TP_5817,1
20000937,2024-01-11,PLT100448,+34600001573,user2987@ex.com,STREET_2532,SHOP_73,ES761000003207,LOC_40,TP_6922,0
20000927,2024-01-11,PLT101012,+34600003158,user1211@ex.com,STREET_40,SHOP_596,ES761000002900,LOC_587,TP_6286,0
20000939,2024-01-11,PLT105996,+34600002771,user3900@ex.com,STREET_102,SHOP_412,ES761000000748,LOC_753,TP_5908,0
20000938,2024-01-11,PLT100556,+34600000589,user2667@ex.com,STREET_649,SHOP_503,ES761000000499,LOC_93,TP_2064,0
20000957,2024-01-11,PLT104792,+34600003794,user3143@ex.com,STREET_2204,SHOP_552,ES761000000737,LOC_552,TP_4324,0
20000956,2024-01-11,PLT107837,+34600000502,user4991@ex.com,STREET_157,SHOP_796,ES761000003986,LOC_77,TP_4042,0
20000955,2024-01-11,PLT101178,+34600001641,user1817@ex.com,STREET_1506,SHOP_174,ES761000002980,LOC_502,TP_6864,0
20000954,2024-01-11,PLT106783,+34600002133,user874@ex.com,STREET_1594,SHOP_406,ES761000003127,LOC_257,TP_3052,0
20000953,2024-01-11,PLT105830,+34600003459,user2760@ex.com,STREET_1053,SHOP_139,ES761000001805,LOC_828,TP_7272,0
20000952,2024-01-11,PLT100783,+34600001738,user3761@ex.com,STREET_1875,SHOP_991,ES761000000246,LOC_583,TP_1557,0
20000951,2024-01-11,PLT103693,+34600000965,user4334@ex.com,STREET_56,SHOP_561,ES761000001966,LOC_868,TP_6253,1
20000950,2024-01-11,PLT107689,+34600003120,user697@ex.com,STREET_176,SHOP_3,ES761000000681,LOC_750,TP_71,0
20000949,2024-01-11,PLT101812,+34600001599,user4611@ex.com,STREET_2824,SHOP_580,ES761000001035,LOC_709,TP_4326,1
20000958,2024-01-11,PLT106710,+34600003739,user4294@ex.com,STREET_1914,SHOP_924,ES761000000499,LOC_675,TP_6083,0
20000940,2024-01-11,PLT106267,+34600001551,user4013@ex.com,STREET_1269,SHOP_431,ES761000001518,LOC_1026,TP_7097,0
20000947,2024-01-11,PLT103745,+34600003851,user2261@ex.com,STREET_1872,SHOP_720,ES761000000148,LOC_732,TP_5433,0
20000946,2024-01-11,PLT105798,+34600003730,user3226@ex.com,STREET_2968,SHOP_698,ES761000001508,LOC_1170,TP_4053,0
20000945,2024-01-11,PLT104987,+34600001380,user1755@ex.com,STREET_2157,SHOP_258,ES761000000476,LOC_1115,TP_1027,0
20000944,2024-01-11,PLT105214,+34600001759,user2691@ex.com,STREET_323,SHOP_886,ES761000002735,LOC_80,TP_4113,0
20000943,2024-01-11,PLT105237,+34600000919,user3447@ex.com,STREET_1563,SHOP_276,ES761000001796,LOC_764,TP_3108,1
20000942,2024-01-11,PLT103403,+34600001696,user3061@ex.com,STREET_1199,SHOP_596,ES761000003290,LOC_543,TP_7626,1
20000941,2024-01-11,PLT107037,+34600002169,user4594@ex.com,STREET_2359,SHOP_831,ES761000001237,LOC_579,TP_7660,0
20000948,2024-01-11,PLT106478,+34600003324,user1916@ex.com,STREET_1810,SHOP_157,ES761000001125,LOC_594,TP_1947,0
20001067,2024-01-12,PLT103183,+34600002345,user4690@ex.com,STREET_1660,SHOP_711,ES761000000201,LOC_698,TP_7077,0
20001068,2024-01-12,PLT106783,+34600003416,user3463@ex.com,STREET_2738,SHOP_424,ES761000003571,LOC_939,TP_6152,0
20001069,2024-01-12,PLT104245,+34600000815,user3949@ex.com,STREET_2424,SHOP_712,ES761000002836,LOC_27,TP_7067,1
20001074,2024-01-12,PLT100314,+34600002392,user1565@ex.com,STREET_2104,SHOP_900,ES761000001069,LOC_1172,TP_6188,0
20001071,2024-01-12,PLT105200,+34600003002,user4649@ex.com,STREET_1784,SHOP_405,ES761000000821,LOC_724,TP_7007,0
20001072,2024-01-12,PLT102071,+34600003841,user353@ex.com,STREET_680,SHOP_832,ES761000000952,LOC_960,TP_6580,0
20001066,2024-01-12,PLT107624,+34600001711,user3886@ex.com,STREET_2002,SHOP_509,ES761000000048,LOC_616,TP_7646,0
20001073,2024-01-12,PLT101781,+34600001715,user4092@ex.com,STREET_474,SHOP_33,ES761000001044,LOC_549,TP_7549,0
20001070,2024-01-12,PLT107582,+34600003149,user2605@ex.com,STREET_2500,SHOP_895,ES761000003323,LOC_1168,TP_2882,0
20001065,2024-01-12,PLT101436,+34600003998,user1483@ex.com,STREET_1687,SHOP_111,ES761000002199,LOC_397,TP_12,0
20001061,2024-01-12,PLT100425,+34600002008,user2550@ex.com,STREET_2699,SHOP_368,ES761000001396,LOC_835,TP_7213,0
20001064,2024-01-12,PLT107707,+34600001787,user1825@ex.com,STREET_1143,SHOP_422,ES761000002698,LOC_478,TP_111,0
20001063,2024-01-12,PLT107247,+34600002226,user2800@ex.com,STREET_1943,SHOP_407,ES761000002174,LOC_610,TP_7589,0
20001062,2024-01-12,PLT104717,+34600003552,user853@ex.com,STREET_866,SHOP_886,ES761000003017,LOC_561,TP_3108,0
20001060,2024-01-12,PLT100720,+34600001078,user1622@ex.com,STREET_596,SHOP_180,ES761000002778,LOC_1011,TP_1561,0
20001059,2024-01-12,PLT102372,+34600001419,user4472@ex.com,STREET_1953,SHOP_902,ES761000003585,LOC_420,TP_4198,0
20001058,2024-01-12,PLT105038,+34600001773,user3024@ex.com,STREET_374,SHOP_823,ES761000001421,LOC_733,TP_3036,0
20001057,2024-01-12,PLT107673,+34600002270,user1583@ex.com,STREET_866,SHOP_187,ES761000002032,LOC_244,TP_6895,0
20001056,2024-01-12,PLT100314,+34600003514,user2459@ex.com,STREET_1749,SHOP_215,ES761000001949,LOC_723,TP_2150,0
20001055,2024-01-12,PLT104048,+34600002387,user0@ex.com,STREET_1832,SHOP_122,ES761000002029,LOC_895,TP_3009,0
20001098,2024-01-12,PLT106242,+34600002952,user739@ex.com,STREET_1494,SHOP_844,ES761000002040,LOC_749,TP_5176,0
20001075,2024-01-12,PLT100068,+34600003357,user3628@ex.com,STREET_995,SHOP_997,ES761000000002,LOC_27,TP_4462,0
20001097,2024-01-12,PLT102879,+34600001084,user4587@ex.com,STREET_152,SHOP_798,ES761000003743,LOC_484,TP_6398,0
20001077,2024-01-12,PLT107899,+34600000960,user4163@ex.com,STREET_1241,SHOP_684,ES761000003489,LOC_781,TP_7831,0
20001054,2024-01-12,PLT100339,+34600002950,user4794@ex.com,STREET_2421,SHOP_832,ES761000002911,LOC_446,TP_869,0
20001096,2024-01-12,PLT107581,+34600003168,user4187@ex.com,STREET_409,SHOP_656,ES761000001463,LOC_327,TP_7310,0
20001095,2024-01-12,PLT104558,+34600002384,user206@ex.com,STREET_753,SHOP_479,ES761000003403,LOC_951,TP_2783,0
20001094,2024-01-12,PLT102257,+34600003615,user562@ex.com,STREET_2872,SHOP_596,ES761000000933,LOC_1016,TP_4354,1
20001093,2024-01-12,PLT102286,+34600001115,user2733@ex.com,STREET_969,SHOP_475,ES761000002563,LOC_591,TP_7522,1
20001092,2024-01-12,PLT105053,+34600000874,user2620@ex.com,STREET_2575,SHOP_498,ES761000002162,LOC_28,TP_6723,0
20001091,2024-01-12,PLT107184,+34600003068,user1922@ex.com,STREET_460,SHOP_340,ES761000002788,LOC_1017,TP_7751,0
20001090,2024-01-12,PLT101397,+34600003705,user2404@ex.com,STREET_725,SHOP_276,ES761000001907,LOC_1087,TP_4768,0
20001089,2024-01-12,PLT107938,+34600002288,user3277@ex.com,STREET_1664,SHOP_496,ES761000000124,LOC_747,TP_3045,0
20001076,2024-01-12,PLT107965,+34600000971,user209@ex.com,STREET_744,SHOP_396,ES761000001408,LOC_559,TP_2162,0
20001088,2024-01-12,PLT105799,+34600002831,user39@ex.com,STREET_172,SHOP_391,ES761000000337,LOC_415,TP_3975,1
20001086,2024-01-12,PLT100468,+34600002972,user3451@ex.com,STREET_2260,SHOP_656,ES761000001985,LOC_41,TP_4534,0
20001085,2024-01-12,PLT101796,+34600003008,user2184@ex.com,STREET_867,SHOP_212,ES761000002393,LOC_438,TP_7681,0
20001084,2024-01-12,PLT104147,+34600001581,user1768@ex.com,STREET_1129,SHOP_824,ES761000000963,LOC_147,TP_7306,0
20001083,2024-01-12,PLT104763,+34600003753,user236@ex.com,STREET_2376,SHOP_990,ES761000001213,LOC_455,TP_6689,1
20001082,2024-01-12,PLT102438,+34600002200,user3743@ex.com,STREET_2169,SHOP_331,ES761000002153,LOC_1035,TP_7866,0
20001081,2024-01-12,PLT101692,+34600000947,user3099@ex.com,STREET_2059,SHOP_695,ES761000002670,LOC_1094,TP_6279,0
20001080,2024-01-12,PLT101939,+34600001467,user3649@ex.com,STREET_1554,SHOP_568,ES761000002924,LOC_18,TP_6025,0
20001079,2024-01-12,PLT103326,+34600001452,user3836@ex.com,STREET_2104,SHOP_312,ES761000000332,LOC_299,TP_1744,0
20001078,2024-01-12,PLT101191,+34600003584,user3658@ex.com,STREET_2866,SHOP_647,ES761000002851,LOC_955,TP_4579,0
20001087,2024-01-12,PLT107819,+34600001075,user1921@ex.com,STREET_1738,SHOP_412,ES761000002287,LOC_599,TP_2065,0
20001053,2024-01-12,PLT107071,+34600001348,user398@ex.com,STREET_27,SHOP_684,ES761000003870,LOC_277,TP_7416,0
20001040,2024-01-12,PLT107603,+34600001681,user3789@ex.com,STREET_1151,SHOP_633,ES761000003333,LOC_108,TP_6463,0
20001051,2024-01-12,PLT106581,+34600002771,user2580@ex.com,STREET_2384,SHOP_708,ES761000003867,LOC_905,TP_4014,0
20001025,2024-01-12,PLT107716,+34600002439,user3929@ex.com,STREET_777,SHOP_712,ES761000003969,LOC_1155,TP_375,0
20001024,2024-01-12,PLT107359,+34600002783,user911@ex.com,STREET_389,SHOP_632,ES761000003258,LOC_97,TP_3201,0
20001023,2024-01-12,PLT102376,+34600002616,user4616@ex.com,STREET_1186,SHOP_207,ES761000002401,LOC_358,TP_7108,1
20001022,2024-01-12,PLT105920,+34600001354,user3089@ex.com,STREET_555,SHOP_819,ES761000000211,LOC_1160,TP_3382,1
20001021,2024-01-12,PLT103759,+34600000164,user4479@ex.com,STREET_374,SHOP_521,ES761000002282,LOC_955,TP_6575,0
20001020,2024-01-12,PLT103395,+34600002556,user4829@ex.com,STREET_1296,SHOP_669,ES761000001889,LOC_260,TP_6269,0
20001019,2024-01-12,PLT101405,+34600003316,user4969@ex.com,STREET_2572,SHOP_549,ES761000001908,LOC_336,TP_1396,1
20001018,2024-01-12,PLT100904,+34600001536,user1655@ex.com,STREET_168,SHOP_152,ES761000000250,LOC_449,TP_7673,0
20001017,2024-01-12,PLT103981,+34600000274,user1882@ex.com,STREET_871,SHOP_31,ES761000002673,LOC_1145,TP_5913,0
20001016,2024-01-12,PLT105284,+34600003714,user2647@ex.com,STREET_499,SHOP_963,ES761000003971,LOC_723,TP_6820,0
20001015,2024-01-12,PLT101146,+34600003939,user1291@ex.com,STREET_836,SHOP_798,ES761000003699,LOC_185,TP_2536,0
20001014,2024-01-12,PLT107216,+34600003614,user4888@ex.com,STREET_1466,SHOP_280,ES761000000659,LOC_183,TP_2129,0
20001013,2024-01-12,PLT104775,+34600000797,user530@ex.com,STREET_1716,SHOP_80,ES761000000028,LOC_549,TP_1247,0
20001012,2024-01-12,PLT104331,+34600000399,user2520@ex.com,STREET_317,SHOP_278,ES761000000495,LOC_726,TP_6901,0
20001011,2024-01-12,PLT104147,+34600000408,user2892@ex.com,STREET_1829,SHOP_356,ES761000003443,LOC_1002,TP_193,0
20001009,2024-01-12,PLT101261,+34600002257,user875@ex.com,STREET_1990,SHOP_326,ES761000000586,LOC_160,TP_3176,0
20001008,2024-01-12,PLT104018,+34600001720,user2130@ex.com,STREET_1372,SHOP_635,ES761000000381,LOC_1056,TP_5655,0
20001007,2024-01-12,PLT106980,+34600002085,user4518@ex.com,STREET_564,SHOP_156,ES761000000690,LOC_933,TP_4165,0
20001052,2024-01-12,PLT100289,+34600003226,user4550@ex.com,STREET_2034,SHOP_279,ES761000001216,LOC_41,TP_6769,0
20001026,2024-01-12,PLT104261,+34600001206,user2284@ex.com,STREET_2939,SHOP_716,ES761000000657,LOC_304,TP_6835,1
20001027,2024-01-12,PLT103620,+34600003001,user891@ex.com,STREET_781,SHOP_107,ES761000001207,LOC_1025,TP_4068,0
20001010,2024-01-12,PLT105284,+34600001458,user3752@ex.com,STREET_982,SHOP_813,ES761000002041,LOC_797,TP_1607,0
20001029,2024-01-12,PLT103950,+34600001823,user1328@ex.com,STREET_57,SHOP_104,ES761000000676,LOC_101,TP_3054,0
20001028,2024-01-12,PLT100428,+34600001618,user1150@ex.com,STREET_455,SHOP_738,ES761000003178,LOC_1100,TP_4986,0
20001050,2024-01-12,PLT106014,+34600002370,user2311@ex.com,STREET_924,SHOP_566,ES761000000283,LOC_730,TP_2962,0
20001049,2024-01-12,PLT102851,+34600001558,user3029@ex.com,STREET_372,SHOP_59,ES761000001266,LOC_862,TP_6172,0
20001047,2024-01-12,PLT103199,+34600000043,user2556@ex.com,STREET_2109,SHOP_720,ES761000003046,LOC_673,TP_4619,0
20001046,2024-01-12,PLT104182,+34600001724,user1503@ex.com,STREET_482,SHOP_385,ES761000001262,LOC_713,TP_1856,0
20001045,2024-01-12,PLT102502,+34600001325,user4545@ex.com,STREET_1185,SHOP_392,ES761000001270,LOC_727,TP_6533,0
20001044,2024-01-12,PLT105142,+34600002072,user1563@ex.com,STREET_880,SHOP_460,ES761000002622,LOC_449,TP_4974,1
20001043,2024-01-12,PLT105525,+34600000368,user4286@ex.com,STREET_2818,SHOP_886,ES761000001575,LOC_511,TP_6224,1
20001042,2024-01-12,PLT107917,+34600003447,user842@ex.com,STREET_2095,SHOP_869,ES761000002306,LOC_1065,TP_4965,0
20001041,2024-01-12,PLT104147,+34600003788,user3195@ex.com,STREET_1794,SHOP_387,ES761000002023,LOC_755,TP_7228,0
20001048,2024-01-12,PLT101889,+34600001746,user3386@ex.com,STREET_787,SHOP_643,ES761000001124,LOC_765,TP_2302,0
20001038,2024-01-12,PLT102431,+34600002565,user714@ex.com,STREET_265,SHOP_157,ES761000002550,LOC_629,TP_228,0
20001030,2024-01-12,PLT103281,+34600003821,user1995@ex.com,STREET_363,SHOP_187,ES761000003749,LOC_732,TP_455,0
20001039,2024-01-12,PLT101899,+34600003401,user4359@ex.com,STREET_1378,SHOP_746,ES761000003142,LOC_804,TP_6189,0
20001032,2024-01-12,PLT104717,+34600003707,user1509@ex.com,STREET_1651,SHOP_870,ES761000003473,LOC_1194,TP_5425,0
20001033,2024-01-12,PLT104170,+34600000258,user744@ex.com,STREET_390,SHOP_544,ES761000000111,LOC_418,TP_5777,0
20001031,2024-01-12,PLT105148,+34600003123,user2894@ex.com,STREET_1571,SHOP_422,ES761000003707,LOC_452,TP_5000,1
20001034,2024-01-12,PLT103269,+34600002040,user639@ex.com,STREET_946,SHOP_175,ES761000003577,LOC_4,TP_4576,0
20001035,2024-01-12,PLT100975,+34600000748,user800@ex.com,STREET_1994,SHOP_226,ES761000001387,LOC_632,TP_1946,0
20001036,2024-01-12,PLT105714,+34600001206,user3957@ex.com,STREET_369,SHOP_862,ES761000000068,LOC_927,TP_2960,0
20001037,2024-01-12,PLT105250,+34600000626,user3002@ex.com,STREET_1063,SHOP_937,ES761000003919,LOC_617,TP_3086,0
20001153,2024-01-13,PLT100828,+34600000576,user3481@ex.com,STREET_2789,SHOP_831,ES761000002774,LOC_1197,TP_151,0
20001152,2024-01-13,PLT104718,+34600000211,user4063@ex.com,STREET_1633,SHOP_314,ES761000002455,LOC_826,TP_5390,0
20001151,2024-01-13,PLT104147,+34600003526,user3610@ex.com,STREET_1507,SHOP_616,ES761000002069,LOC_45,TP_2315,0
20001150,2024-01-13,PLT104662,+34600001423,user4765@ex.com,STREET_2461,SHOP_630,ES761000003114,LOC_948,TP_6333,0
20001149,2024-01-13,PLT100783,+34600000605,user481@ex.com,STREET_2186,SHOP_225,ES761000002331,LOC_240,TP_2261,0
20001148,2024-01-13,PLT104955,+34600000762,user403@ex.com,STREET_2892,SHOP_321,ES761000002127,LOC_753,TP_4938,0
20001147,2024-01-13,PLT107826,+34600002201,user1903@ex.com,STREET_127,SHOP_646,ES761000002550,LOC_106,TP_2623,0
20001146,2024-01-13,PLT105237,+34600000268,user4619@ex.com,STREET_1013,SHOP_771,ES761000003824,LOC_11,TP_7746,0
20001145,2024-01-13,PLT107429,+34600003649,user11@ex.com,STREET_1464,SHOP_474,ES761000003643,LOC_1071,TP_1366,0
20001144,2024-01-13,PLT106964,+34600003538,user1392@ex.com,STREET_1297,SHOP_711,ES761000002565,LOC_288,TP_7992,0
20001143,2024-01-13,PLT102076,+34600002706,user4079@ex.com,STREET_2492,SHOP_505,ES761000001245,LOC_955,TP_746,0
20001142,2024-01-13,PLT101403,+34600003360,user3914@ex.com,STREET_2361,SHOP_455,ES761000002833,LOC_809,TP_1695,0
20001141,2024-01-13,PLT102886,+34600001282,user708@ex.com,STREET_1298,SHOP_930,ES761000000128,LOC_168,TP_3222,0
20001140,2024-01-13,PLT105328,+34600001000,user4664@ex.com,STREET_1992,SHOP_667,ES761000001948,LOC_156,TP_5151,0
20001154,2024-01-13,PLT101713,+34600002662,user1345@ex.com,STREET_2879,SHOP_530,ES761000003938,LOC_96,TP_7836,0
20001139,2024-01-13,PLT101146,+34600000859,user4527@ex.com,STREET_1716,SHOP_748,ES761000001270,LOC_439,TP_6879,0
20001155,2024-01-13,PLT104717,+34600000912,user1856@ex.com,STREET_1945,SHOP_253,ES761000003432,LOC_89,TP_5045,0
20001165,2024-01-13,PLT101160,+34600003349,user4940@ex.com,STREET_1953,SHOP_308,ES761000001372,LOC_717,TP_5353,1
20001157,2024-01-13,PLT102376,+34600002578,user2188@ex.com,STREET_2946,SHOP_308,ES761000002430,LOC_928,TP_1943,1
20001138,2024-01-13,PLT106338,+34600002482,user3969@ex.com,STREET_88,SHOP_691,ES761000003645,LOC_521,TP_644,0
20001173,2024-01-13,PLT102935,+34600000101,user2091@ex.com,STREET_1590,SHOP_206,ES761000002582,LOC_827,TP_7921,0
20001172,2024-01-13,PLT101173,+34600001838,user4857@ex.com,STREET_336,SHOP_825,ES761000002626,LOC_614,TP_4708,0
20001171,2024-01-13,PLT100926,+34600003674,user1511@ex.com,STREET_612,SHOP_865,ES761000003455,LOC_934,TP_2382,0
20001170,2024-01-13,PLT102076,+34600002882,user4602@ex.com,STREET_2513,SHOP_929,ES761000000901,LOC_1038,TP_4669,1
20001169,2024-01-13,PLT103685,+34600002299,user4905@ex.com,STREET_382,SHOP_95,ES761000003442,LOC_763,TP_4683,0
20001168,2024-01-13,PLT105550,+34600000453,user3227@ex.com,STREET_585,SHOP_821,ES761000001586,LOC_647,TP_2538,0
20001156,2024-01-13,PLT105550,+34600001270,user3283@ex.com,STREET_1392,SHOP_772,ES761000003154,LOC_559,TP_2456,1
20001167,2024-01-13,PLT101516,+34600001881,user2562@ex.com,STREET_463,SHOP_656,ES761000000061,LOC_774,TP_3861,0
20001164,2024-01-13,PLT105799,+34600003530,user2294@ex.com,STREET_1956,SHOP_336,ES761000001732,LOC_865,TP_1740,0
20001163,2024-01-13,PLT107302,+34600003357,user812@ex.com,STREET_1633,SHOP_59,ES761000002580,LOC_1131,TP_5901,0
20001162,2024-01-13,PLT106678,+34600000730,user2758@ex.com,STREET_475,SHOP_980,ES761000002850,LOC_802,TP_3740,0
20001161,2024-01-13,PLT101604,+34600001620,user3054@ex.com,STREET_2596,SHOP_714,ES761000002090,LOC_72,TP_7854,0
20001160,2024-01-13,PLT104257,+34600000048,user4892@ex.com,STREET_865,SHOP_970,ES761000001750,LOC_980,TP_2937,0
20001159,2024-01-13,PLT105940,+34600003710,user4245@ex.com,STREET_2382,SHOP_570,ES761000000918,LOC_316,TP_4251,0
20001158,2024-01-13,PLT101983,+34600000780,user2614@ex.com,STREET_1776,SHOP_664,ES761000002967,LOC_1112,TP_5771,0
20001166,2024-01-13,PLT104792,+34600000326,user4967@ex.com,STREET_2996,SHOP_628,ES761000001328,LOC_317,TP_2797,0
20001137,2024-01-13,PLT104021,+34600002579,user848@ex.com,STREET_656,SHOP_221,ES761000002457,LOC_1036,TP_2694,0
20001128,2024-01-13,PLT104322,+34600000666,user827@ex.com,STREET_1847,SHOP_131,ES761000000555,LOC_1086,TP_649,1
20001135,2024-01-13,PLT106581,+34600000430,user1992@ex.com,STREET_791,SHOP_450,ES761000002798,LOC_1145,TP_2711,0
20001113,2024-01-13,PLT101889,+34600002478,user4223@ex.com,STREET_1008,SHOP_697,ES761000002524,LOC_240,TP_4306,0
20001112,2024-01-13,PLT107796,+34600001649,user2703@ex.com,STREET_837,SHOP_460,ES761000002445,LOC_599,TP_1620,0
20001111,2024-01-13,PLT104459,+34600000933,user75@ex.com,STREET_131,SHOP_738,ES761000003632,LOC_959,TP_7600,0
20001110,2024-01-13,PLT107247,+34600001293,user2919@ex.com,STREET_299,SHOP_247,ES761000001642,LOC_342,TP_34,0
20001109,2024-01-13,PLT102128,+34600003786,user4776@ex.com,STREET_29,SHOP_452,ES761000001399,LOC_67,TP_1629,0
20001108,2024-01-13,PLT104829,+34600001425,user1092@ex.com,STREET_1168,SHOP_772,ES761000003182,LOC_718,TP_1613,0
20001107,2024-01-13,PLT100296,+34600003416,user2116@ex.com,STREET_1828,SHOP_336,ES761000003892,LOC_917,TP_114,0
20001106,2024-01-13,PLT100899,+34600001262,user3310@ex.com,STREET_2580,SHOP_341,ES761000002939,LOC_1176,TP_108,1
20001105,2024-01-13,PLT106301,+34600000191,user3969@ex.com,STREET_1821,SHOP_963,ES761000002080,LOC_1185,TP_692,0
20001104,2024-01-13,PLT107490,+34600003670,user2298@ex.com,STREET_2182,SHOP_546,ES761000000743,LOC_1058,TP_1564,0
20001103,2024-01-13,PLT106336,+34600003609,user2619@ex.com,STREET_570,SHOP_888,ES761000000935,LOC_376,TP_1238,0
20001102,2024-01-13,PLT107367,+34600001734,user4585@ex.com,STREET_2507,SHOP_345,ES761000001245,LOC_70,TP_1213,0
20001136,2024-01-13,PLT107139,+34600003517,user4080@ex.com,STREET_441,SHOP_799,ES761000003002,LOC_837,TP_7221,0
20001100,2024-01-13,PLT107184,+34600002462,user1495@ex.com,STREET_1469,SHOP_283,ES761000003381,LOC_658,TP_5807,0
20001099,2024-01-13,PLT106710,+34600001452,user3773@ex.com,STREET_726,SHOP_110,ES761000002174,LOC_927,TP_6220,0
20001114,2024-01-13,PLT101631,+34600003537,user2017@ex.com,STREET_2722,SHOP_797,ES761000002867,LOC_1019,TP_5504,0
20001115,2024-01-13,PLT101250,+34600001703,user3492@ex.com,STREET_2234,SHOP_651,ES761000000823,LOC_837,TP_7980,0
20001101,2024-01-13,PLT106538,+34600001941,user2042@ex.com,STREET_1713,SHOP_85,ES761000003250,LOC_382,TP_1268,0
20001117,2024-01-13,PLT103769,+34600001696,user682@ex.com,STREET_514,SHOP_868,ES761000001459,LOC_936,TP_757,0
20001116,2024-01-13,PLT103417,+34600000396,user1861@ex.com,STREET_1254,SHOP_567,ES761000003533,LOC_589,TP_3324,0
20001134,2024-01-13,PLT106862,+34600000822,user3658@ex.com,STREET_1699,SHOP_422,ES761000002777,LOC_486,TP_1999,0
20001132,2024-01-13,PLT106292,+34600003721,user1562@ex.com,STREET_2473,SHOP_737,ES761000002529,LOC_803,TP_3029,0
20001131,2024-01-13,PLT105121,+34600000524,user3570@ex.com,STREET_789,SHOP_668,ES761000000503,LOC_810,TP_2241,0
20001130,2024-01-13,PLT101403,+34600000204,user3453@ex.com,STREET_1335,SHOP_351,ES761000002374,LOC_1072,TP_5379,0
20001129,2024-01-13,PLT105920,+34600002832,user242@ex.com,STREET_1070,SHOP_431,ES761000002565,LOC_922,TP_4279,1
20001127,2024-01-13,PLT105206,+34600003676,user4527@ex.com,STREET_2578,SHOP_869,ES761000002555,LOC_1070,TP_2739,0
20001126,2024-01-13,PLT104932,+34600000626,user4839@ex.com,STREET_1129,SHOP_460,ES761000002288,LOC_521,TP_2073,0
20001133,2024-01-13,PLT106581,+34600000005,user4946@ex.com,STREET_252,SHOP_363,ES761000003989,LOC_719,TP_6354,0
20001124,2024-01-13,PLT103090,+34600000045,user4462@ex.com,STREET_2932,SHOP_403,ES761000000227,LOC_1034,TP_2141,0
20001123,2024-01-13,PLT107418,+34600001348,user3613@ex.com,STREET_906,SHOP_823,ES761000002358,LOC_519,TP_1160,0
20001122,2024-01-13,PLT103281,+34600002472,user170@ex.com,STREET_2529,SHOP_241,ES761000000256,LOC_522,TP_986,0
20001121,2024-01-13,PLT104202,+34600001324,user617@ex.com,STREET_942,SHOP_856,ES761000001304,LOC_214,TP_6232,0
20001120,2024-01-13,PLT107940,+34600002461,user3105@ex.com,STREET_1874,SHOP_89,ES761000002119,LOC_223,TP_4626,0
20001119,2024-01-13,PLT106882,+34600001470,user891@ex.com,STREET_724,SHOP_431,ES761000003236,LOC_246,TP_3861,0
20001125,2024-01-13,PLT100045,+34600000371,user3031@ex.com,STREET_2328,SHOP_590,ES761000002099,LOC_174,TP_4181,0
20001118,2024-01-13,PLT103998,+34600002625,user1854@ex.com,STREET_2793,SHOP_952,ES761000002152,LOC_565,TP_6373,0
20001218,2024-01-14,PLT107322,+34600000221,user3994@ex.com,STREET_1222,SHOP_860,ES761000001288,LOC_986,TP_921,0
20001217,2024-01-14,PLT102034,+34600003545,user889@ex.com,STREET_2992,SHOP_598,ES761000000858,LOC_1040,TP_6768,0
20001216,2024-01-14,PLT106840,+34600002678,user2155@ex.com,STREET_2122,SHOP_758,ES761000001543,LOC_305,TP_5382,0
20001215,2024-01-14,PLT106289,+34600001507,user2207@ex.com,STREET_94,SHOP_887,ES761000002868,LOC_416,TP_7485,0
20001214,2024-01-14,PLT100742,+34600001719,user871@ex.com,STREET_913,SHOP_950,ES761000001928,LOC_977,TP_1686,0
20001213,2024-01-14,PLT100555,+34600000408,user4033@ex.com,STREET_1687,SHOP_362,ES761000001973,LOC_1045,TP_1372,0
20001210,2024-01-14,PLT103256,+34600002414,user3613@ex.com,STREET_981,SHOP_886,ES761000003716,LOC_900,TP_5136,0
20001211,2024-01-14,PLT104113,+34600003454,user74@ex.com,STREET_2544,SHOP_819,ES761000002622,LOC_1092,TP_129,0
20001209,2024-01-14,PLT101781,+34600002848,user4086@ex.com,STREET_266,SHOP_739,ES761000001692,LOC_899,TP_6934,0
20001208,2024-01-14,PLT107819,+34600002138,user3864@ex.com,STREET_448,SHOP_971,ES761000001409,LOC_868,TP_6391,0
20001207,2024-01-14,PLT105380,+34600001261,user1416@ex.com,STREET_26,SHOP_178,ES761000000939,LOC_501,TP_1067,0
20001219,2024-01-14,PLT105799,+34600003569,user1693@ex.com,STREET_785,SHOP_595,ES761000002637,LOC_1146,TP_7839,0
20001212,2024-01-14,PLT101174,+34600003074,user768@ex.com,STREET_1740,SHOP_361,ES761000003966,LOC_135,TP_7414,0
20001220,2024-01-14,PLT106299,+34600002062,user3688@ex.com,STREET_2608,SHOP_837,ES761000000461,LOC_962,TP_2902,0
20001229,2024-01-14,PLT102121,+34600001754,user641@ex.com,STREET_1706,SHOP_918,ES761000000873,LOC_173,TP_2206,0
20001222,2024-01-14,PLT107429,+34600003249,user2267@ex.com,STREET_1898,SHOP_823,ES761000000082,LOC_1066,TP_7105,1
20001223,2024-01-14,PLT100367,+34600002272,user3387@ex.com,STREET_2146,SHOP_638,ES761000003076,LOC_751,TP_5611,0
20001224,2024-01-14,PLT100722,+34600001278,user3171@ex.com,STREET_953,SHOP_553,ES761000001377,LOC_994,TP_6686,0
20001225,2024-01-14,PLT102542,+34600002101,user3186@ex.com,STREET_2421,SHOP_185,ES761000000850,LOC_799,TP_6363,1
20001226,2024-01-14,PLT104072,+34600002848,user190@ex.com,STREET_659,SHOP_952,ES761000000813,LOC_759,TP_1939,0
20001227,2024-01-14,PLT104987,+34600001703,user2303@ex.com,STREET_2902,SHOP_34,ES761000000951,LOC_1062,TP_3714,0
20001228,2024-01-14,PLT104894,+34600001452,user4564@ex.com,STREET_1599,SHOP_213,ES761000000135,LOC_1048,TP_4242,0
20001230,2024-01-14,PLT100392,+34600003368,user875@ex.com,STREET_234,SHOP_581,ES761000001683,LOC_471,TP_6289,0
20001231,2024-01-14,PLT102886,+34600001997,user3375@ex.com,STREET_168,SHOP_789,ES761000002781,LOC_299,TP_62,0
20001232,2024-01-14,PLT107904,+34600003786,user2248@ex.com,STREET_1417,SHOP_572,ES761000001445,LOC_221,TP_851,1
20001233,2024-01-14,PLT104505,+34600001229,user175@ex.com,STREET_814,SHOP_958,ES761000003923,LOC_185,TP_6687,0
20001234,2024-01-14,PLT100773,+34600003192,user1229@ex.com,STREET_1886,SHOP_615,ES761000000781,LOC_176,TP_6383,0
20001206,2024-01-14,PLT100860,+34600003029,user2284@ex.com,STREET_151,SHOP_437,ES761000001293,LOC_1134,TP_5812,0
20001221,2024-01-14,PLT106548,+34600001158,user3429@ex.com,STREET_1634,SHOP_123,ES761000003219,LOC_211,TP_5284,0
20001205,2024-01-14,PLT100742,+34600000700,user2207@ex.com,STREET_750,SHOP_660,ES761000000052,LOC_541,TP_3894,0
20001187,2024-01-14,PLT107603,+34600003710,user4355@ex.com,STREET_1761,SHOP_9,ES761000000048,LOC_234,TP_777,0
20001203,2024-01-14,PLT103826,+34600001822,user948@ex.com,STREET_598,SHOP_804,ES761000002621,LOC_996,TP_3389,0
20001174,2024-01-14,PLT102018,+34600000724,user227@ex.com,STREET_1884,SHOP_911,ES761000002124,LOC_1163,TP_5932,0
20001175,2024-01-14,PLT101554,+34600003519,user4390@ex.com,STREET_1836,SHOP_351,ES761000000218,LOC_196,TP_5995,1
20001176,2024-01-14,PLT105121,+34600003801,user3725@ex.com,STREET_2290,SHOP_120,ES761000000870,LOC_1142,TP_1097,0
20001177,2024-01-14,PLT106460,+34600001089,user2524@ex.com,STREET_2327,SHOP_681,ES761000001394,LOC_678,TP_6295,0
20001178,2024-01-14,PLT103100,+34600003085,user4144@ex.com,STREET_2454,SHOP_510,ES761000003011,LOC_429,TP_3016,0
20001179,2024-01-14,PLT104654,+34600000752,user1822@ex.com,STREET_1965,SHOP_889,ES761000003519,LOC_401,TP_7419,1
20001180,2024-01-14,PLT102292,+34600003554,user4490@ex.com,STREET_1132,SHOP_293,ES761000003536,LOC_642,TP_1078,0
20001182,2024-01-14,PLT100392,+34600001814,user4998@ex.com,STREET_257,SHOP_712,ES761000001002,LOC_919,TP_2890,1
20001183,2024-01-14,PLT101554,+34600002219,user2886@ex.com,STREET_2203,SHOP_7,ES761000003260,LOC_609,TP_897,0
20001184,2024-01-14,PLT101446,+34600003559,user212@ex.com,STREET_2291,SHOP_856,ES761000000537,LOC_935,TP_4534,0
20001185,2024-01-14,PLT104113,+34600002596,user589@ex.com,STREET_506,SHOP_424,ES761000003286,LOC_1187,TP_4814,0
20001186,2024-01-14,PLT102731,+34600001122,user1666@ex.com,STREET_2196,SHOP_683,ES761000003380,LOC_620,TP_2099,0
20001204,2024-01-14,PLT104718,+34600002083,user3898@ex.com,STREET_154,SHOP_37,ES761000000845,LOC_4,TP_4527,0
20001188,2024-01-14,PLT104066,+34600003776,user4163@ex.com,STREET_133,SHOP_759,ES761000001932,LOC_700,TP_4559,0
20001181,2024-01-14,PLT100143,+34600003213,user2466@ex.com,STREET_2198,SHOP_211,ES761000000766,LOC_921,TP_2556,0
20001190,2024-01-14,PLT104113,+34600003499,user4472@ex.com,STREET_1775,SHOP_579,ES761000001588,LOC_34,TP_4744,0
20001189,2024-01-14,PLT103040,+34600003055,user424@ex.com,STREET_294,SHOP_479,ES761000001501,LOC_529,TP_504,0
20001202,2024-01-14,PLT101178,+34600003075,user1192@ex.com,STREET_67,SHOP_474,ES761000000420,LOC_5,TP_5375,0
20001201,2024-01-14,PLT104932,+34600001604,user3395@ex.com,STREET_2328,SHOP_631,ES761000000615,LOC_298,TP_3299,0
20001200,2024-01-14,PLT102914,+34600002603,user2100@ex.com,STREET_2674,SHOP_656,ES761000002570,LOC_809,TP_2070,1
20001199,2024-01-14,PLT100489,+34600002401,user4904@ex.com,STREET_1207,SHOP_52,ES761000000932,LOC_108,TP_7131,1
20001197,2024-01-14,PLT101926,+34600003122,user1360@ex.com,STREET_2461,SHOP_117,ES761000001954,LOC_1021,TP_4503,1
20001198,2024-01-14,PLT103660,+34600000674,user4484@ex.com,STREET_1246,SHOP_373,ES761000001561,LOC_1049,TP_1617,0
20001195,2024-01-14,PLT100425,+34600001176,user2025@ex.com,STREET_2607,SHOP_551,ES761000003896,LOC_691,TP_1694,1
20001194,2024-01-14,PLT101356,+34600001218,user758@ex.com,STREET_2121,SHOP_695,ES761000000508,LOC_688,TP_3518,0
20001193,2024-01-14,PLT104256,+34600003425,user632@ex.com,STREET_638,SHOP_294,ES761000003114,LOC_290,TP_5324,0
20001192,2024-01-14,PLT102292,+34600001749,user688@ex.com,STREET_2538,SHOP_217,ES761000002390,LOC_90,TP_5950,0
20001191,2024-01-14,PLT106089,+34600000192,user4397@ex.com,STREET_1004,SHOP_529,ES761000001104,LOC_738,TP_5112,0
20001196,2024-01-14,PLT104798,+34600001951,user3830@ex.com,STREET_798,SHOP_918,ES761000000041,LOC_383,TP_6117,0
20001283,2024-01-15,PLT100470,+34600002273,user2810@ex.com,STREET_2252,SHOP_287,ES761000002440,LOC_105,TP_4496,0
20001279,2024-01-15,PLT107071,+34600000469,user1193@ex.com,STREET_2689,SHOP_820,ES761000001499,LOC_849,TP_5938,0
20001282,2024-01-15,PLT107322,+34600001282,user3008@ex.com,STREET_2636,SHOP_117,ES761000003992,LOC_1044,TP_2998,0
20001281,2024-01-15,PLT101895,+34600003834,user4232@ex.com,STREET_529,SHOP_606,ES761000003791,LOC_955,TP_3367,0
20001280,2024-01-15,PLT103620,+34600001176,user3589@ex.com,STREET_440,SHOP_423,ES761000001213,LOC_577,TP_2813,0
20001278,2024-01-15,PLT102121,+34600001186,user1070@ex.com,STREET_101,SHOP_118,ES761000002346,LOC_1163,TP_1007,0
20001270,2024-01-15,PLT102064,+34600002637,user1114@ex.com,STREET_44,SHOP_13,ES761000001875,LOC_610,TP_6385,0
20001276,2024-01-15,PLT106208,+34600000232,user1122@ex.com,STREET_129,SHOP_814,ES761000000560,LOC_153,TP_1636,0
20001275,2024-01-15,PLT104113,+34600001366,user2494@ex.com,STREET_2021,SHOP_772,ES761000000757,LOC_673,TP_6031,1
20001274,2024-01-15,PLT107811,+34600001313,user4433@ex.com,STREET_760,SHOP_283,ES761000000459,LOC_801,TP_1679,0
20001273,2024-01-15,PLT100623,+34600002803,user4621@ex.com,STREET_1032,SHOP_934,ES761000001847,LOC_619,TP_5868,0
20001271,2024-01-15,PLT103148,+34600000141,user1203@ex.com,STREET_2373,SHOP_720,ES761000003779,LOC_796,TP_7886,1
20001284,2024-01-15,PLT105200,+34600002536,user2200@ex.com,STREET_140,SHOP_138,ES761000003191,LOC_424,TP_4074,0
20001277,2024-01-15,PLT101441,+34600002618,user981@ex.com,STREET_1573,SHOP_414,ES761000001577,LOC_638,TP_1119,0
20001285,2024-01-15,PLT102502,+34600003783,user4476@ex.com,STREET_2326,SHOP_950,ES761000001970,LOC_127,TP_4732,1
20001300,2024-01-15,PLT101116,+34600000017,user719@ex.com,STREET_2340,SHOP_359,ES761000002003,LOC_308,TP_6277,0
20001287,2024-01-15,PLT104141,+34600002205,user3168@ex.com,STREET_2106,SHOP_221,ES761000003172,LOC_838,TP_5380,0
20001288,2024-01-15,PLT104263,+34600002724,user4334@ex.com,STREET_767,SHOP_660,ES761000000995,LOC_242,TP_446,0
20001289,2024-01-15,PLT100667,+34600003619,user2565@ex.com,STREET_1694,SHOP_73,ES761000002888,LOC_985,TP_4124,1
20001290,2024-01-15,PLT107917,+34600000012,user4758@ex.com,STREET_2627,SHOP_380,ES761000001101,LOC_782,TP_6014,0
20001291,2024-01-15,PLT106847,+34600003968,user1349@ex.com,STREET_1384,SHOP_327,ES761000003802,LOC_91,TP_1397,0
20001292,2024-01-15,PLT102886,+34600003204,user504@ex.com,STREET_1657,SHOP_117,ES761000001147,LOC_617,TP_1097,0
20001293,2024-01-15,PLT105575,+34600000012,user3410@ex.com,STREET_1929,SHOP_538,ES761000003106,LOC_41,TP_6298,0
20001294,2024-01-15,PLT101168,+34600002664,user1080@ex.com,STREET_2436,SHOP_695,ES761000002732,LOC_1199,TP_216,1
20001295,2024-01-15,PLT104932,+34600000949,user1301@ex.com,STREET_1692,SHOP_431,ES761000002207,LOC_178,TP_5211,0
20001296,2024-01-15,PLT103245,+34600002438,user4218@ex.com,STREET_2868,SHOP_41,ES761000003161,LOC_243,TP_1309,0
20001297,2024-01-15,PLT102431,+34600001620,user3705@ex.com,STREET_795,SHOP_886,ES761000000151,LOC_767,TP_4390,0
20001298,2024-01-15,PLT104007,+34600002925,user2857@ex.com,STREET_1572,SHOP_638,ES761000001371,LOC_160,TP_3420,0
20001299,2024-01-15,PLT101309,+34600002881,user2152@ex.com,STREET_422,SHOP_918,ES761000001547,LOC_161,TP_286,0
20001269,2024-01-15,PLT100783,+34600002987,user703@ex.com,STREET_2489,SHOP_790,ES761000001717,LOC_936,TP_6632,0
20001286,2024-01-15,PLT104161,+34600003737,user2543@ex.com,STREET_1857,SHOP_600,ES761000000910,LOC_466,TP_4327,0
20001268,2024-01-15,PLT101083,+34600003585,user695@ex.com,STREET_1075,SHOP_568,ES761000001315,LOC_175,TP_418,0
20001272,2024-01-15,PLT100174,+34600001513,user2524@ex.com,STREET_1495,SHOP_226,ES761000003814,LOC_1145,TP_4924,0
20001266,2024-01-15,PLT104923,+34600001014,user4208@ex.com,STREET_1663,SHOP_470,ES761000001397,LOC_258,TP_2459,0
20001248,2024-01-15,PLT101812,+34600000777,user1013@ex.com,STREET_2823,SHOP_188,ES761000000838,LOC_583,TP_4529,0
20001247,2024-01-15,PLT106943,+34600000605,user1202@ex.com,STREET_2007,SHOP_755,ES761000000641,LOC_235,TP_567,0
20001246,2024-01-15,PLT100488,+34600003573,user4041@ex.com,STREET_2630,SHOP_954,ES761000001177,LOC_360,TP_4652,0
20001245,2024-01-15,PLT100724,+34600002488,user1421@ex.com,STREET_1933,SHOP_681,ES761000002415,LOC_1008,TP_6407,0
20001244,2024-01-15,PLT101808,+34600002616,user1300@ex.com,STREET_1412,SHOP_771,ES761000002024,LOC_1086,TP_311,0
20001243,2024-01-15,PLT102550,+34600001999,user1575@ex.com,STREET_2070,SHOP_688,ES761000001253,LOC_898,TP_5960,0
20001249,2024-01-15,PLT103564,+34600001445,user135@ex.com,STREET_438,SHOP_26,ES761000000411,LOC_1173,TP_2548,0
20001241,2024-01-15,PLT105166,+34600002996,user1170@ex.com,STREET_717,SHOP_334,ES761000003306,LOC_745,TP_281,0
20001239,2024-01-15,PLT106940,+34600002369,user4688@ex.com,STREET_352,SHOP_322,ES761000000376,LOC_538,TP_1203,1
20001238,2024-01-15,PLT107716,+34600003279,user881@ex.com,STREET_724,SHOP_51,ES761000000280,LOC_345,TP_2623,0
20001237,2024-01-15,PLT102819,+34600000891,user3340@ex.com,STREET_2374,SHOP_575,ES761000003704,LOC_720,TP_2893,0
20001236,2024-01-15,PLT106978,+34600001514,user277@ex.com,STREET_2514,SHOP_679,ES761000003573,LOC_1130,TP_2149,0
20001235,2024-01-15,PLT101012,+34600000769,user3252@ex.com,STREET_1412,SHOP_510,ES761000000433,LOC_397,TP_5342,0
20001267,2024-01-15,PLT101983,+34600003849,user1463@ex.com,STREET_580,SHOP_283,ES761000001543,LOC_74,TP_1318,0
20001240,2024-01-15,PLT104072,+34600001469,user1325@ex.com,STREET_652,SHOP_105,ES761000003987,LOC_801,TP_2337,0
20001250,2024-01-15,PLT101984,+34600002714,user1381@ex.com,STREET_551,SHOP_77,ES761000000640,LOC_953,TP_5355,0
20001242,2024-01-15,PLT105401,+34600001730,user2713@ex.com,STREET_2,SHOP_456,ES761000002528,LOC_601,TP_4596,0
20001252,2024-01-15,PLT102922,+34600003103,user3619@ex.com,STREET_2724,SHOP_161,ES761000000367,LOC_636,TP_5800,0
20001265,2024-01-15,PLT107335,+34600003323,user18@ex.com,STREET_670,SHOP_890,ES761000001392,LOC_258,TP_4630,0
20001251,2024-01-15,PLT106918,+34600000490,user1460@ex.com,STREET_2444,SHOP_803,ES761000001400,LOC_254,TP_5844,0
20001264,2024-01-15,PLT101144,+34600003818,user1766@ex.com,STREET_1607,SHOP_346,ES761000003469,LOC_1017,TP_2192,0
20001263,2024-01-15,PLT106464,+34600001175,user2485@ex.com,STREET_161,SHOP_316,ES761000003300,LOC_1129,TP_5293,0
20001261,2024-01-15,PLT106478,+34600000380,user2513@ex.com,STREET_923,SHOP_734,ES761000003941,LOC_803,TP_6175,1
20001260,2024-01-15,PLT104249,+34600001695,user1400@ex.com,STREET_153,SHOP_431,ES761000000647,LOC_858,TP_4631,0
20001259,2024-01-15,PLT101639,+34600000825,user3848@ex.com,STREET_1639,SHOP_590,ES761000002723,LOC_198,TP_7905,0
20001262,2024-01-15,PLT102321,+34600002675,user104@ex.com,STREET_2048,SHOP_476,ES761000000999,LOC_1076,TP_5838,0
20001258,2024-01-15,PLT104918,+34600000017,user4765@ex.com,STREET_46,SHOP_690,ES761000000989,LOC_743,TP_4504,0
20001257,2024-01-15,PLT105759,+34600001241,user505@ex.com,STREET_931,SHOP_920,ES761000002309,LOC_1161,TP_2125,0
20001256,2024-01-15,PLT100423,+34600000243,user4631@ex.com,STREET_2175,SHOP_731,ES761000001096,LOC_729,TP_3714,0
20001255,2024-01-15,PLT104176,+34600002386,user1822@ex.com,STREET_1224,SHOP_308,ES761000002945,LOC_381,TP_3326,0
20001254,2024-01-15,PLT107418,+34600000981,user3361@ex.com,STREET_1562,SHOP_804,ES761000001595,LOC_74,TP_6683,0
20001253,2024-01-15,PLT107619,+34600000740,user3036@ex.com,STREET_235,SHOP_892,ES761000000631,LOC_1176,TP_3086,0
20001354,2024-01-16,PLT101692,+34600000924,user119@ex.com,STREET_228,SHOP_846,ES761000000302,LOC_1153,TP_4037,0
20001359,2024-01-16,PLT101405,+34600001258,user2426@ex.com,STREET_295,SHOP_460,ES761000000296,LOC_998,TP_2784,0
20001358,2024-01-16,PLT102959,+34600000650,user1658@ex.com,STREET_844,SHOP_943,ES761000001949,LOC_34,TP_4482,0
20001357,2024-01-16,PLT106793,+34600003062,user3995@ex.com,STREET_574,SHOP_739,ES761000002916,LOC_714,TP_3611,0
20001356,2024-01-16,PLT104465,+34600001772,user3550@ex.com,STREET_1784,SHOP_717,ES761000001694,LOC_1119,TP_7684,0
20001355,2024-01-16,PLT105449,+34600003191,user2323@ex.com,STREET_721,SHOP_287,ES761000001326,LOC_169,TP_7205,1
20001360,2024-01-16,PLT102833,+34600000821,user3480@ex.com,STREET_119,SHOP_73,ES761000003445,LOC_371,TP_6051,0
20001352,2024-01-16,PLT103071,+34600003796,user4815@ex.com,STREET_1710,SHOP_739,ES761000003977,LOC_341,TP_6412,0
20001345,2024-01-16,PLT100423,+34600002782,user4524@ex.com,STREET_1366,SHOP_316,ES761000001979,LOC_643,TP_761,0
20001350,2024-01-16,PLT100314,+34600000973,user3571@ex.com,STREET_2103,SHOP_779,ES761000001410,LOC_512,TP_3519,0
20001349,2024-01-16,PLT107090,+34600001778,user3770@ex.com,STREET_681,SHOP_748,ES761000003748,LOC_100,TP_6001,0
20001348,2024-01-16,PLT104654,+34600000427,user2409@ex.com,STREET_2797,SHOP_963,ES761000002312,LOC_768,TP_7651,0
20001347,2024-01-16,PLT105666,+34600000605,user1197@ex.com,STREET_1736,SHOP_279,ES761000003753,LOC_77,TP_6558,0
20001346,2024-01-16,PLT105012,+34600000306,user2599@ex.com,STREET_100,SHOP_872,ES761000003966,LOC_249,TP_1923,0
20001344,2024-01-16,PLT104543,+34600001376,user2108@ex.com,STREET_1676,SHOP_969,ES761000003259,LOC_282,TP_1779,0
20001343,2024-01-16,PLT102504,+34600002878,user2060@ex.com,STREET_373,SHOP_883,ES761000000498,LOC_903,TP_2764,0
20001361,2024-01-16,PLT105202,+34600000024,user3238@ex.com,STREET_750,SHOP_333,ES761000003722,LOC_1169,TP_268,0
20001351,2024-01-16,PLT102675,+34600002098,user4332@ex.com,STREET_2070,SHOP_238,ES761000002733,LOC_848,TP_2869,0
20001362,2024-01-16,PLT106587,+34600001206,user404@ex.com,STREET_1584,SHOP_945,ES761000001616,LOC_390,TP_7777,0
20001378,2024-01-16,PLT104249,+34600000821,user3929@ex.com,STREET_1988,SHOP_506,ES761000003221,LOC_798,TP_6238,0
20001364,2024-01-16,PLT102376,+34600003371,user3944@ex.com,STREET_1209,SHOP_893,ES761000003705,LOC_375,TP_186,0
20001342,2024-01-16,PLT101568,+34600003052,user889@ex.com,STREET_2053,SHOP_259,ES761000002272,LOC_733,TP_1803,1
20001381,2024-01-16,PLT101466,+34600000384,user2211@ex.com,STREET_1484,SHOP_979,ES761000000569,LOC_133,TP_7823,1
20001380,2024-01-16,PLT104944,+34600003585,user4723@ex.com,STREET_413,SHOP_979,ES761000003948,LOC_1024,TP_5181,1
20001379,2024-01-16,PLT104654,+34600000948,user2572@ex.com,STREET_598,SHOP_587,ES761000003294,LOC_654,TP_3467,0
20001377,2024-01-16,PLT103016,+34600002120,user1612@ex.com,STREET_2249,SHOP_583,ES761000002541,LOC_512,TP_0,0
20001376,2024-01-16,PLT102166,+34600000726,user1235@ex.com,STREET_1706,SHOP_268,ES761000002230,LOC_741,TP_2465,0
20001375,2024-01-16,PLT105641,+34600001094,user824@ex.com,STREET_2342,SHOP_183,ES761000002385,LOC_576,TP_5876,0
20001374,2024-01-16,PLT107090,+34600000183,user690@ex.com,STREET_1569,SHOP_470,ES761000002383,LOC_770,TP_6384,0
20001373,2024-01-16,PLT105799,+34600002967,user168@ex.com,STREET_855,SHOP_909,ES761000000490,LOC_1120,TP_4550,0
20001372,2024-01-16,PLT107740,+34600001027,user3959@ex.com,STREET_2333,SHOP_798,ES761000000309,LOC_687,TP_3258,1
20001371,2024-01-16,PLT100433,+34600000976,user704@ex.com,STREET_1904,SHOP_185,ES761000000342,LOC_577,TP_589,0
20001370,2024-01-16,PLT100934,+34600001811,user3212@ex.com,STREET_761,SHOP_484,ES761000000336,LOC_1064,TP_2660,0
20001369,2024-01-16,PLT100986,+34600000362,user3167@ex.com,STREET_333,SHOP_225,ES761000002788,LOC_275,TP_4187,0
20001368,2024-01-16,PLT101005,+34600003782,user1828@ex.com,STREET_2870,SHOP_181,ES761000000797,LOC_909,TP_7961,0
20001367,2024-01-16,PLT102818,+34600003463,user3167@ex.com,STREET_1227,SHOP_37,ES761000003706,LOC_852,TP_586,0
20001366,2024-01-16,PLT106943,+34600002465,user4418@ex.com,STREET_384,SHOP_191,ES761000001202,LOC_864,TP_3126,0
20001365,2024-01-16,PLT101456,+34600003989,user4010@ex.com,STREET_1691,SHOP_211,ES761000001183,LOC_802,TP_7616,0
20001363,2024-01-16,PLT106783,+34600001213,user1774@ex.com,STREET_763,SHOP_475,ES761000002840,LOC_182,TP_1003,0
20001341,2024-01-16,PLT101221,+34600000996,user3709@ex.com,STREET_700,SHOP_656,ES761000000997,LOC_250,TP_5566,0
20001353,2024-01-16,PLT103033,+34600001982,user4154@ex.com,STREET_2718,SHOP_640,ES761000000440,LOC_911,TP_2421,1
20001339,2024-01-16,PLT105957,+34600002739,user1110@ex.com,STREET_1907,SHOP_819,ES761000002200,LOC_596,TP_3798,0
20001318,2024-01-16,PLT101504,+34600001823,user357@ex.com,STREET_702,SHOP_126,ES761000003958,LOC_136,TP_4646,1
20001317,2024-01-16,PLT100068,+34600003427,user3599@ex.com,STREET_1921,SHOP_8,ES761000003834,LOC_606,TP_22,0
20001316,2024-01-16,PLT100508,+34600001177,user3255@ex.com,STREET_1157,SHOP_288,ES761000001847,LOC_612,TP_4423,0
20001315,2024-01-16,PLT106921,+34600001983,user3857@ex.com,STREET_796,SHOP_777,ES761000002231,LOC_331,TP_4071,0
20001314,2024-01-16,PLT101436,+34600000706,user3472@ex.com,STREET_841,SHOP_83,ES761000002056,LOC_420,TP_2844,0
20001313,2024-01-16,PLT102292,+34600003855,user3174@ex.com,STREET_1663,SHOP_360,ES761000003585,LOC_643,TP_5288,0
20001312,2024-01-16,PLT105228,+34600001662,user852@ex.com,STREET_1558,SHOP_989,ES761000002775,LOC_1155,TP_6698,0
20001311,2024-01-16,PLT106884,+34600003002,user1378@ex.com,STREET_700,SHOP_851,ES761000003059,LOC_386,TP_4159,0
20001310,2024-01-16,PLT105700,+34600000395,user203@ex.com,STREET_1450,SHOP_322,ES761000002453,LOC_806,TP_528,0
20001309,2024-01-16,PLT104822,+34600000005,user181@ex.com,STREET_1241,SHOP_327,ES761000002648,LOC_517,TP_5207,0
20001308,2024-01-16,PLT100930,+34600001195,user3780@ex.com,STREET_1890,SHOP_929,ES761000003912,LOC_120,TP_3086,0
20001307,2024-01-16,PLT103506,+34600003017,user2803@ex.com,STREET_50,SHOP_878,ES761000001383,LOC_743,TP_876,0
20001306,2024-01-16,PLT103564,+34600001190,user3370@ex.com,STREET_257,SHOP_941,ES761000003546,LOC_192,TP_5450,0
20001305,2024-01-16,PLT101926,+34600002596,user141@ex.com,STREET_43,SHOP_729,ES761000003207,LOC_264,TP_1005,0
20001304,2024-01-16,PLT104305,+34600002530,user661@ex.com,STREET_495,SHOP_73,ES761000002331,LOC_972,TP_3891,0
20001303,2024-01-16,PLT106828,+34600003196,user4889@ex.com,STREET_902,SHOP_185,ES761000000973,LOC_1083,TP_2665,0
20001302,2024-01-16,PLT107829,+34600003118,user1200@ex.com,STREET_2902,SHOP_236,ES761000000499,LOC_701,TP_2728,0
20001319,2024-01-16,PLT100986,+34600002342,user810@ex.com,STREET_1471,SHOP_27,ES761000002874,LOC_15,TP_2702,0
20001320,2024-01-16,PLT107995,+34600003135,user1903@ex.com,STREET_2665,SHOP_479,ES761000002899,LOC_1129,TP_1030,1
20001301,2024-01-16,PLT104964,+34600002471,user4273@ex.com,STREET_2460,SHOP_177,ES761000001274,LOC_1124,TP_271,0
20001322,2024-01-16,PLT105745,+34600003954,user4066@ex.com,STREET_2421,SHOP_436,ES761000002670,LOC_990,TP_586,0
20001321,2024-01-16,PLT101513,+34600000175,user486@ex.com,STREET_14,SHOP_693,ES761000000878,LOC_1096,TP_5012,0
20001338,2024-01-16,PLT106056,+34600000008,user436@ex.com,STREET_843,SHOP_890,ES761000002471,LOC_792,TP_4967,0
20001337,2024-01-16,PLT101884,+34600002571,user295@ex.com,STREET_970,SHOP_286,ES761000003263,LOC_449,TP_1735,0
20001336,2024-01-16,PLT104932,+34600002263,user1878@ex.com,STREET_1327,SHOP_0,ES761000001711,LOC_1041,TP_7543,0
20001335,2024-01-16,PLT103262,+34600000206,user3058@ex.com,STREET_955,SHOP_185,ES761000003031,LOC_1008,TP_243,1
20001334,2024-01-16,PLT103281,+34600002519,user3412@ex.com,STREET_463,SHOP_361,ES761000003101,LOC_172,TP_6628,0
20001333,2024-01-16,PLT100555,+34600003298,user2434@ex.com,STREET_2794,SHOP_308,ES761000001968,LOC_106,TP_5892,1
20001332,2024-01-16,PLT107637,+34600003605,user3209@ex.com,STREET_2868,SHOP_663,ES761000003129,LOC_288,TP_255,0
20001331,2024-01-16,PLT101174,+34600003668,user4752@ex.com,STREET_2474,SHOP_412,ES761000000399,LOC_824,TP_5318,0
20001340,2024-01-16,PLT100623,+34600000009,user862@ex.com,STREET_1731,SHOP_334,ES761000003529,LOC_879,TP_2175,0
20001329,2024-01-16,PLT107286,+34600003873,user3797@ex.com,STREET_471,SHOP_431,ES761000000359,LOC_144,TP_5617,1
20001330,2024-01-16,PLT105379,+34600003533,user4581@ex.com,STREET_1960,SHOP_390,ES761000000651,LOC_115,TP_3288,0
20001328,2024-01-16,PLT103931,+34600000753,user4712@ex.com,STREET_2057,SHOP_333,ES761000001397,LOC_1130,TP_2080,0
20001327,2024-01-16,PLT101309,+34600002123,user2144@ex.com,STREET_784,SHOP_698,ES761000000334,LOC_714,TP_7430,0
20001326,2024-01-16,PLT103620,+34600003747,user4055@ex.com,STREET_2203,SHOP_353,ES761000000775,LOC_156,TP_1165,0
20001325,2024-01-16,PLT107429,+34600002459,user4390@ex.com,STREET_1138,SHOP_385,ES761000002874,LOC_972,TP_883,0
20001324,2024-01-16,PLT100926,+34600001670,user693@ex.com,STREET_2314,SHOP_479,ES761000002085,LOC_382,TP_3643,0
20001323,2024-01-16,PLT107037,+34600002617,user1625@ex.com,STREET_2648,SHOP_205,ES761000003891,LOC_1176,TP_744,0
20001439,2024-01-17,PLT103563,+34600003936,user2554@ex.com,STREET_418,SHOP_94,ES761000002669,LOC_251,TP_920,0
20001438,2024-01-17,PLT106277,+34600000351,user201@ex.com,STREET_1222,SHOP_491,ES761000002068,LOC_249,TP_7034,0
20001437,2024-01-17,PLT105127,+34600001146,user4978@ex.com,STREET_2893,SHOP_711,ES761000003161,LOC_353,TP_5556,0
20001436,2024-01-17,PLT107090,+34600001662,user1166@ex.com,STREET_1486,SHOP_155,ES761000000444,LOC_803,TP_807,0
20001435,2024-01-17,PLT101277,+34600000079,user2795@ex.com,STREET_250,SHOP_165,ES761000001601,LOC_168,TP_7845,0
20001434,2024-01-17,PLT107180,+34600000028,user3582@ex.com,STREET_1625,SHOP_671,ES761000000840,LOC_133,TP_2602,0
20001433,2024-01-17,PLT107837,+34600003526,user3896@ex.com,STREET_135,SHOP_643,ES761000002786,LOC_250,TP_3700,1
20001430,2024-01-17,PLT103998,+34600002042,user4943@ex.com,STREET_533,SHOP_234,ES761000001555,LOC_1014,TP_3804,0
20001431,2024-01-17,PLT101939,+34600000508,user3127@ex.com,STREET_121,SHOP_248,ES761000000435,LOC_224,TP_7681,0
20001440,2024-01-17,PLT103564,+34600001970,user336@ex.com,STREET_2732,SHOP_659,ES761000002898,LOC_134,TP_2041,0
20001429,2024-01-17,PLT106723,+34600003997,user2526@ex.com,STREET_2410,SHOP_722,ES761000003539,LOC_881,TP_5663,0
20001428,2024-01-17,PLT102881,+34600003112,user66@ex.com,STREET_326,SHOP_51,ES761000003240,LOC_486,TP_7849,0
20001427,2024-01-17,PLT103527,+34600000592,user1611@ex.com,STREET_879,SHOP_709,ES761000000206,LOC_1134,TP_665,0
20001426,2024-01-17,PLT107581,+34600000625,user4508@ex.com,STREET_1723,SHOP_685,ES761000000216,LOC_751,TP_5103,0
20001425,2024-01-17,PLT101435,+34600001022,user64@ex.com,STREET_1073,SHOP_536,ES761000002031,LOC_79,TP_7828,0
20001424,2024-01-17,PLT103816,+34600002485,user4847@ex.com,STREET_713,SHOP_238,ES761000003370,LOC_588,TP_689,1
20001432,2024-01-17,PLT104475,+34600003429,user1914@ex.com,STREET_355,SHOP_36,ES761000002428,LOC_792,TP_7985,0
20001441,2024-01-17,PLT102914,+34600003268,user4431@ex.com,STREET_2902,SHOP_915,ES761000001512,LOC_222,TP_2169,0
20001445,2024-01-17,PLT103117,+34600001697,user2392@ex.com,STREET_1930,SHOP_387,ES761000002223,LOC_649,TP_3032,0
20001443,2024-01-17,PLT107807,+34600003183,user748@ex.com,STREET_2229,SHOP_165,ES761000003472,LOC_990,TP_3413,0
20001461,2024-01-17,PLT104109,+34600002200,user68@ex.com,STREET_497,SHOP_7,ES761000003050,LOC_832,TP_5211,0
20001423,2024-01-17,PLT107872,+34600003714,user1533@ex.com,STREET_2889,SHOP_887,ES761000001930,LOC_1054,TP_1754,0
20001460,2024-01-17,PLT107899,+34600003506,user4520@ex.com,STREET_1489,SHOP_660,ES761000002646,LOC_732,TP_2426,0
20001459,2024-01-17,PLT104998,+34600001431,user302@ex.com,STREET_2808,SHOP_669,ES761000003264,LOC_1015,TP_381,0
20001458,2024-01-17,PLT103906,+34600001742,user4443@ex.com,STREET_398,SHOP_456,ES761000003579,LOC_1090,TP_2367,0
20001457,2024-01-17,PLT100090,+34600002781,user2787@ex.com,STREET_793,SHOP_602,ES761000001744,LOC_202,TP_3440,0
20001456,2024-01-17,PLT104143,+34600000107,user1199@ex.com,STREET_728,SHOP_358,ES761000001631,LOC_773,TP_4747,1
20001455,2024-01-17,PLT103476,+34600002441,user3160@ex.com,STREET_8,SHOP_50,ES761000000048,LOC_191,TP_5311,1
20001454,2024-01-17,PLT103256,+34600003932,user335@ex.com,STREET_2687,SHOP_926,ES761000000956,LOC_810,TP_7359,0
20001453,2024-01-17,PLT105759,+34600003972,user3428@ex.com,STREET_2808,SHOP_919,ES761000001700,LOC_687,TP_1188,0
20001452,2024-01-17,PLT104835,+34600001838,user3723@ex.com,STREET_2683,SHOP_528,ES761000001645,LOC_911,TP_1157,0
20001450,2024-01-17,PLT107752,+34600003553,user376@ex.com,STREET_2756,SHOP_656,ES761000002330,LOC_1133,TP_822,1
20001449,2024-01-17,PLT105229,+34600003782,user1655@ex.com,STREET_2897,SHOP_406,ES761000003993,LOC_1015,TP_6985,0
20001448,2024-01-17,PLT103454,+34600003512,user4979@ex.com,STREET_311,SHOP_198,ES761000002449,LOC_638,TP_2277,0
20001447,2024-01-17,PLT105121,+34600000876,user1405@ex.com,STREET_472,SHOP_389,ES761000002708,LOC_970,TP_4384,1
20001446,2024-01-17,PLT103817,+34600002174,user767@ex.com,STREET_2604,SHOP_464,ES761000002120,LOC_1107,TP_2203,0
20001444,2024-01-17,PLT106368,+34600003139,user1891@ex.com,STREET_1353,SHOP_201,ES761000000315,LOC_1123,TP_806,0
20001442,2024-01-17,PLT104430,+34600002486,user4274@ex.com,STREET_2862,SHOP_373,ES761000000245,LOC_324,TP_3675,0
20001451,2024-01-17,PLT100090,+34600002215,user1565@ex.com,STREET_1027,SHOP_657,ES761000003071,LOC_810,TP_3759,0
20001422,2024-01-17,PLT103444,+34600000648,user3820@ex.com,STREET_1199,SHOP_313,ES761000001393,LOC_130,TP_6637,0
20001420,2024-01-17,PLT103873,+34600000639,user4791@ex.com,STREET_184,SHOP_844,ES761000002705,LOC_578,TP_2062,0
20001398,2024-01-17,PLT100783,+34600003696,user1781@ex.com,STREET_2656,SHOP_523,ES761000001053,LOC_554,TP_7334,0
20001397,2024-01-17,PLT105267,+34600001097,user3557@ex.com,STREET_1600,SHOP_494,ES761000001617,LOC_506,TP_6096,0
20001396,2024-01-17,PLT103269,+34600000157,user4123@ex.com,STREET_1793,SHOP_636,ES761000003995,LOC_210,TP_2962,0
20001395,2024-01-17,PLT107837,+34600003573,user1179@ex.com,STREET_1604,SHOP_120,ES761000002522,LOC_810,TP_1051,0
20001394,2024-01-17,PLT107180,+34600001027,user4658@ex.com,STREET_2283,SHOP_101,ES761000003116,LOC_1078,TP_5965,0
20001393,2024-01-17,PLT105038,+34600000790,user247@ex.com,STREET_1490,SHOP_664,ES761000000404,LOC_700,TP_3470,0
20001392,2024-01-17,PLT105002,+34600003992,user2963@ex.com,STREET_184,SHOP_87,ES761000001652,LOC_103,TP_2691,0
20001390,2024-01-17,PLT106014,+34600002816,user2068@ex.com,STREET_1928,SHOP_194,ES761000003500,LOC_1000,TP_6075,1
20001389,2024-01-17,PLT102323,+34600002593,user4016@ex.com,STREET_477,SHOP_287,ES761000003280,LOC_1154,TP_1940,1
20001388,2024-01-17,PLT100641,+34600001844,user216@ex.com,STREET_1085,SHOP_682,ES761000002002,LOC_624,TP_2721,0
20001387,2024-01-17,PLT101190,+34600000198,user2389@ex.com,STREET_2423,SHOP_690,ES761000001479,LOC_371,TP_6497,0
20001386,2024-01-17,PLT104654,+34600003974,user834@ex.com,STREET_819,SHOP_973,ES761000001559,LOC_150,TP_1407,0
20001385,2024-01-17,PLT101005,+34600003805,user3323@ex.com,STREET_2740,SHOP_56,ES761000000699,LOC_1170,TP_6539,0
20001384,2024-01-17,PLT101418,+34600000349,user1968@ex.com,STREET_2419,SHOP_635,ES761000001144,LOC_96,TP_5199,0
20001383,2024-01-17,PLT105495,+34600003259,user3526@ex.com,STREET_1380,SHOP_404,ES761000001280,LOC_84,TP_279,0
20001382,2024-01-17,PLT103117,+34600003485,user1324@ex.com,STREET_2265,SHOP_875,ES761000001347,LOC_488,TP_4278,1
20001421,2024-01-17,PLT107829,+34600000301,user2867@ex.com,STREET_2071,SHOP_95,ES761000000621,LOC_1105,TP_6469,0
20001399,2024-01-17,PLT100384,+34600001996,user1387@ex.com,STREET_1141,SHOP_429,ES761000001476,LOC_328,TP_5139,1
20001400,2024-01-17,PLT104279,+34600002582,user825@ex.com,STREET_1277,SHOP_660,ES761000001204,LOC_419,TP_404,0
20001391,2024-01-17,PLT106772,+34600003845,user3523@ex.com,STREET_1144,SHOP_470,ES761000003040,LOC_703,TP_7192,1
20001402,2024-01-17,PLT106446,+34600002602,user198@ex.com,STREET_2714,SHOP_389,ES761000000198,LOC_578,TP_7213,0
20001419,2024-01-17,PLT107826,+34600003055,user2679@ex.com,STREET_1754,SHOP_340,ES761000000997,LOC_645,TP_682,0
20001401,2024-01-17,PLT100454,+34600001295,user428@ex.com,STREET_284,SHOP_998,ES761000001838,LOC_687,TP_2811,0
20001418,2024-01-17,PLT107917,+34600001119,user2743@ex.com,STREET_1793,SHOP_787,ES761000000461,LOC_1055,TP_2229,1
20001417,2024-01-17,PLT105769,+34600001002,user3549@ex.com,STREET_516,SHOP_980,ES761000003960,LOC_157,TP_2202,0
20001416,2024-01-17,PLT104202,+34600000177,user2159@ex.com,STREET_328,SHOP_464,ES761000001488,LOC_306,TP_1632,0
20001415,2024-01-17,PLT102857,+34600003882,user3099@ex.com,STREET_1530,SHOP_225,ES761000003935,LOC_660,TP_4022,0
20001413,2024-01-17,PLT104797,+34600001498,user1071@ex.com,STREET_565,SHOP_294,ES761000003790,LOC_962,TP_4100,0
20001412,2024-01-17,PLT103350,+34600000237,user3801@ex.com,STREET_593,SHOP_155,ES761000002776,LOC_917,TP_7896,0
20001411,2024-01-17,PLT103809,+34600003171,user1048@ex.com,STREET_2657,SHOP_716,ES761000003048,LOC_405,TP_2803,1
20001414,2024-01-17,PLT102717,+34600001903,user1823@ex.com,STREET_2140,SHOP_822,ES761000003243,LOC_105,TP_6591,1
20001409,2024-01-17,PLT107227,+34600003622,user4138@ex.com,STREET_1922,SHOP_314,ES761000000776,LOC_441,TP_5147,0
20001408,2024-01-17,PLT105442,+34600003625,user131@ex.com,STREET_1380,SHOP_824,ES761000001413,LOC_1102,TP_7985,0
20001407,2024-01-17,PLT104170,+34600001280,user630@ex.com,STREET_292,SHOP_137,ES761000000085,LOC_353,TP_6047,0
20001406,2024-01-17,PLT104782,+34600001731,user3668@ex.com,STREET_2161,SHOP_689,ES761000003452,LOC_730,TP_5300,0
20001405,2024-01-17,PLT105121,+34600003034,user4746@ex.com,STREET_1491,SHOP_159,ES761000002117,LOC_761,TP_5235,0
20001404,2024-01-17,PLT104193,+34600002223,user2940@ex.com,STREET_912,SHOP_811,ES761000000040,LOC_466,TP_4329,0
20001403,2024-01-17,PLT104073,+34600001662,user2729@ex.com,STREET_995,SHOP_294,ES761000002271,LOC_744,TP_7170,0
20001410,2024-01-17,PLT105759,+34600000498,user2385@ex.com,STREET_2186,SHOP_114,ES761000002167,LOC_246,TP_7586,0
20001522,2024-01-18,PLT105495,+34600001735,user624@ex.com,STREET_1396,SHOP_470,ES761000002485,LOC_701,TP_7575,0
20001516,2024-01-18,PLT103124,+34600003768,user926@ex.com,STREET_1045,SHOP_552,ES761000003532,LOC_307,TP_6758,0
20001521,2024-01-18,PLT101012,+34600002952,user1142@ex.com,STREET_846,SHOP_593,ES761000000294,LOC_934,TP_2936,0
20001520,2024-01-18,PLT102818,+34600001278,user3381@ex.com,STREET_1854,SHOP_494,ES761000002483,LOC_604,TP_2548,0
20001519,2024-01-18,PLT101117,+34600002535,user31@ex.com,STREET_2983,SHOP_806,ES761000002907,LOC_243,TP_1574,0
20001518,2024-01-18,PLT106581,+34600000447,user3788@ex.com,STREET_954,SHOP_620,ES761000002815,LOC_98,TP_1370,0
20001517,2024-01-18,PLT100829,+34600000280,user2591@ex.com,STREET_1526,SHOP_519,ES761000001239,LOC_79,TP_79,0
20001515,2024-01-18,PLT100486,+34600001231,user1312@ex.com,STREET_180,SHOP_771,ES761000002854,LOC_944,TP_2294,0
20001506,2024-01-18,PLT101895,+34600002027,user2284@ex.com,STREET_2908,SHOP_994,ES761000000616,LOC_700,TP_5438,0
20001513,2024-01-18,PLT102398,+34600003588,user4369@ex.com,STREET_2425,SHOP_856,ES761000002913,LOC_478,TP_6205,0
20001512,2024-01-18,PLT104556,+34600003635,user1330@ex.com,STREET_207,SHOP_410,ES761000000881,LOC_784,TP_4366,0
20001511,2024-01-18,PLT106449,+34600002050,user3070@ex.com,STREET_471,SHOP_656,ES761000001072,LOC_1041,TP_4717,0
20001510,2024-01-18,PLT105759,+34600002197,user1632@ex.com,STREET_2177,SHOP_82,ES761000003881,LOC_545,TP_855,0
20001509,2024-01-18,PLT102984,+34600002972,user4607@ex.com,STREET_89,SHOP_621,ES761000003037,LOC_871,TP_3299,0
20001508,2024-01-18,PLT101840,+34600002765,user2522@ex.com,STREET_1060,SHOP_157,ES761000000893,LOC_309,TP_6472,0
20001507,2024-01-18,PLT106369,+34600000228,user4476@ex.com,STREET_2100,SHOP_434,ES761000002383,LOC_140,TP_6120,0
20001523,2024-01-18,PLT104782,+34600000108,user356@ex.com,STREET_2926,SHOP_353,ES761000003475,LOC_6,TP_123,0
20001514,2024-01-18,PLT101446,+34600003792,user3385@ex.com,STREET_955,SHOP_510,ES761000000181,LOC_986,TP_7592,0
20001524,2024-01-18,PLT100174,+34600002712,user2644@ex.com,STREET_2961,SHOP_573,ES761000002510,LOC_830,TP_1551,0
20001544,2024-01-18,PLT105957,+34600001977,user1614@ex.com,STREET_2627,SHOP_830,ES761000003915,LOC_65,TP_5858,1
20001526,2024-01-18,PLT102116,+34600001822,user4290@ex.com,STREET_2733,SHOP_523,ES761000003855,LOC_380,TP_3373,0
20001505,2024-01-18,PLT106581,+34600000941,user4368@ex.com,STREET_1997,SHOP_388,ES761000000324,LOC_715,TP_5030,0
20001543,2024-01-18,PLT104141,+34600001243,user844@ex.com,STREET_2583,SHOP_593,ES761000000717,LOC_796,TP_2646,1
20001542,2024-01-18,PLT100783,+34600002241,user3727@ex.com,STREET_70,SHOP_552,ES761000001628,LOC_1066,TP_596,0
20001541,2024-01-18,PLT101436,+34600000971,user2191@ex.com,STREET_166,SHOP_8,ES761000000451,LOC_253,TP_6249,0
20001540,2024-01-18,PLT103998,+34600002444,user3252@ex.com,STREET_2792,SHOP_308,ES761000003725,LOC_875,TP_7749,0
20001539,2024-01-18,PLT106937,+34600003207,user4234@ex.com,STREET_1021,SHOP_835,ES761000003054,LOC_43,TP_3928,1
20001538,2024-01-18,PLT107173,+34600002173,user4164@ex.com,STREET_85,SHOP_970,ES761000000887,LOC_695,TP_4590,0
20001537,2024-01-18,PLT107541,+34600003211,user234@ex.com,STREET_436,SHOP_922,ES761000002963,LOC_467,TP_5486,0
20001525,2024-01-18,PLT103269,+34600003784,user1290@ex.com,STREET_827,SHOP_14,ES761000003042,LOC_30,TP_1036,0
20001536,2024-01-18,PLT103973,+34600003709,user3548@ex.com,STREET_2210,SHOP_726,ES761000000058,LOC_585,TP_7686,0
20001534,2024-01-18,PLT103100,+34600000159,user578@ex.com,STREET_1603,SHOP_940,ES761000003089,LOC_133,TP_364,1
20001533,2024-01-18,PLT104392,+34600002451,user4520@ex.com,STREET_1754,SHOP_139,ES761000003169,LOC_633,TP_1903,0
20001532,2024-01-18,PLT105957,+34600002621,user4292@ex.com,STREET_3,SHOP_294,ES761000001932,LOC_324,TP_5133,0
20001531,2024-01-18,PLT101166,+34600000587,user1875@ex.com,STREET_2657,SHOP_639,ES761000000916,LOC_227,TP_4666,0
20001530,2024-01-18,PLT101017,+34600000872,user2811@ex.com,STREET_80,SHOP_341,ES761000001313,LOC_995,TP_1441,0
20001529,2024-01-18,PLT107830,+34600002180,user4944@ex.com,STREET_1519,SHOP_288,ES761000003250,LOC_71,TP_2169,0
20001528,2024-01-18,PLT107714,+34600000840,user4826@ex.com,STREET_58,SHOP_720,ES761000000930,LOC_857,TP_7414,0
20001527,2024-01-18,PLT102384,+34600002828,user976@ex.com,STREET_2714,SHOP_922,ES761000003634,LOC_4,TP_4056,1
20001535,2024-01-18,PLT105575,+34600002403,user1070@ex.com,STREET_1325,SHOP_28,ES761000003815,LOC_898,TP_6952,0
20001504,2024-01-18,PLT101796,+34600003505,user578@ex.com,STREET_190,SHOP_184,ES761000003245,LOC_834,TP_6752,1
20001479,2024-01-18,PLT105739,+34600000650,user75@ex.com,STREET_519,SHOP_151,ES761000001879,LOC_1098,TP_5991,0
20001502,2024-01-18,PLT103071,+34600003796,user2381@ex.com,STREET_1145,SHOP_310,ES761000002276,LOC_102,TP_1376,0
20001503,2024-01-18,PLT103842,+34600000410,user4604@ex.com,STREET_802,SHOP_938,ES761000002634,LOC_88,TP_1515,0
20001478,2024-01-18,PLT103028,+34600000717,user4133@ex.com,STREET_2444,SHOP_238,ES761000003923,LOC_610,TP_6786,0
20001477,2024-01-18,PLT104765,+34600000884,user4698@ex.com,STREET_1413,SHOP_602,ES761000003382,LOC_743,TP_7292,0
20001476,2024-01-18,PLT102077,+34600002378,user2858@ex.com,STREET_2407,SHOP_630,ES761000003404,LOC_771,TP_677,0
20001475,2024-01-18,PLT107139,+34600000572,user4478@ex.com,STREET_2456,SHOP_287,ES761000000409,LOC_324,TP_2721,0
20001474,2024-01-18,PLT105739,+34600000649,user1959@ex.com,STREET_2210,SHOP_122,ES761000002118,LOC_867,TP_7829,0
20001473,2024-01-18,PLT107469,+34600003066,user2158@ex.com,STREET_167,SHOP_449,ES761000001070,LOC_1024,TP_1113,0
20001472,2024-01-18,PLT107304,+34600001742,user2258@ex.com,STREET_1971,SHOP_206,ES761000002890,LOC_291,TP_3700,0
20001471,2024-01-18,PLT102482,+34600001725,user53@ex.com,STREET_287,SHOP_928,ES761000002126,LOC_675,TP_6884,0
20001470,2024-01-18,PLT102818,+34600001295,user2714@ex.com,STREET_225,SHOP_162,ES761000000587,LOC_922,TP_3069,0
20001469,2024-01-18,PLT101168,+34600002123,user3432@ex.com,STREET_37,SHOP_308,ES761000003582,LOC_1190,TP_692,1
20001468,2024-01-18,PLT100783,+34600002679,user85@ex.com,STREET_1847,SHOP_67,ES761000000065,LOC_258,TP_7147,0
20001467,2024-01-18,PLT105632,+34600002575,user3378@ex.com,STREET_634,SHOP_70,ES761000001858,LOC_521,TP_7687,0
20001466,2024-01-18,PLT104322,+34600000356,user4363@ex.com,STREET_2904,SHOP_883,ES761000001901,LOC_349,TP_3138,0
20001465,2024-01-18,PLT104918,+34600003180,user3935@ex.com,STREET_2291,SHOP_639,ES761000002030,LOC_28,TP_6213,0
20001464,2024-01-18,PLT106003,+34600000414,user2034@ex.com,STREET_127,SHOP_268,ES761000003103,LOC_742,TP_4332,0
20001463,2024-01-18,PLT105857,+34600003498,user3833@ex.com,STREET_899,SHOP_359,ES761000001882,LOC_788,TP_7423,0
20001480,2024-01-18,PLT105470,+34600002387,user1828@ex.com,STREET_1156,SHOP_880,ES761000002695,LOC_472,TP_4583,0
20001481,2024-01-18,PLT100100,+34600003876,user2017@ex.com,STREET_260,SHOP_761,ES761000000009,LOC_1176,TP_5137,0
20001462,2024-01-18,PLT104792,+34600000520,user4331@ex.com,STREET_1525,SHOP_695,ES761000001941,LOC_1139,TP_4059,0
20001483,2024-01-18,PLT102922,+34600001940,user2324@ex.com,STREET_1784,SHOP_594,ES761000002269,LOC_442,TP_5783,0
20001501,2024-01-18,PLT105417,+34600003856,user1739@ex.com,STREET_1568,SHOP_56,ES761000001080,LOC_267,TP_4711,0
20001500,2024-01-18,PLT100077,+34600002932,user3927@ex.com,STREET_2652,SHOP_529,ES761000001132,LOC_627,TP_6593,0
20001499,2024-01-18,PLT101692,+34600003954,user3677@ex.com,STREET_2620,SHOP_852,ES761000002332,LOC_3,TP_6918,0
20001498,2024-01-18,PLT100367,+34600001234,user4300@ex.com,STREET_1777,SHOP_741,ES761000003872,LOC_287,TP_2248,0
20001497,2024-01-18,PLT105038,+34600002055,user2201@ex.com,STREET_2759,SHOP_308,ES761000000508,LOC_862,TP_7833,0
20001482,2024-01-18,PLT101195,+34600003632,user4186@ex.com,STREET_2474,SHOP_748,ES761000000910,LOC_245,TP_1937,0
20001495,2024-01-18,PLT107335,+34600001105,user4694@ex.com,STREET_205,SHOP_27,ES761000003778,LOC_948,TP_5703,0
20001494,2024-01-18,PLT102834,+34600001169,user83@ex.com,STREET_1088,SHOP_313,ES761000000679,LOC_777,TP_7956,1
20001493,2024-01-18,PLT107714,+34600001606,user3939@ex.com,STREET_426,SHOP_919,ES761000000286,LOC_970,TP_6778,0
20001496,2024-01-18,PLT101235,+34600001431,user4681@ex.com,STREET_996,SHOP_793,ES761000003567,LOC_638,TP_3000,0
20001491,2024-01-18,PLT104782,+34600000156,user4696@ex.com,STREET_284,SHOP_149,ES761000003533,LOC_1037,TP_849,0
20001490,2024-01-18,PLT107557,+34600003856,user726@ex.com,STREET_2332,SHOP_754,ES761000002938,LOC_515,TP_3635,0
20001489,2024-01-18,PLT107299,+34600003360,user2333@ex.com,STREET_139,SHOP_595,ES761000003689,LOC_673,TP_1739,0
20001488,2024-01-18,PLT102865,+34600000177,user3453@ex.com,STREET_373,SHOP_45,ES761000002867,LOC_16,TP_99,0
20001487,2024-01-18,PLT107784,+34600000084,user4624@ex.com,STREET_1454,SHOP_823,ES761000003731,LOC_798,TP_4207,0
20001486,2024-01-18,PLT100641,+34600001870,user1575@ex.com,STREET_173,SHOP_792,ES761000003486,LOC_197,TP_6505,0
20001485,2024-01-18,PLT107904,+34600002375,user958@ex.com,STREET_246,SHOP_579,ES761000003826,LOC_963,TP_4064,0
20001484,2024-01-18,PLT104322,+34600002662,user4571@ex.com,STREET_59,SHOP_337,ES761000000718,LOC_1134,TP_6844,0
20001492,2024-01-18,PLT100068,+34600001107,user1439@ex.com,STREET_1872,SHOP_514,ES761000001926,LOC_284,TP_1604,0
20001599,2024-01-19,PLT104427,+34600001442,user386@ex.com,STREET_1446,SHOP_749,ES761000000364,LOC_1177,TP_4227,0
20001600,2024-01-19,PLT102354,+34600000910,user687@ex.com,STREET_875,SHOP_653,ES761000000653,LOC_872,TP_1884,0
20001601,2024-01-19,PLT105125,+34600003524,user890@ex.com,STREET_26,SHOP_714,ES761000000247,LOC_647,TP_6293,0
20001605,2024-01-19,PLT102935,+34600001491,user4028@ex.com,STREET_2889,SHOP_841,ES761000000425,LOC_257,TP_6193,0
20001603,2024-01-19,PLT101012,+34600000402,user3110@ex.com,STREET_2781,SHOP_620,ES761000001988,LOC_182,TP_4101,0
20001604,2024-01-19,PLT102071,+34600002143,user1900@ex.com,STREET_747,SHOP_342,ES761000001917,LOC_582,TP_6426,0
20001602,2024-01-19,PLT106828,+34600000765,user3856@ex.com,STREET_444,SHOP_310,ES761000003650,LOC_863,TP_7245,0
20001598,2024-01-19,PLT101536,+34600001965,user373@ex.com,STREET_154,SHOP_460,ES761000001624,LOC_609,TP_6283,0
20001589,2024-01-19,PLT107264,+34600000909,user440@ex.com,STREET_809,SHOP_660,ES761000000943,LOC_695,TP_1669,0
20001596,2024-01-19,PLT104944,+34600003404,user1082@ex.com,STREET_697,SHOP_419,ES761000000363,LOC_527,TP_86,0
20001595,2024-01-19,PLT100623,+34600002481,user2230@ex.com,STREET_2371,SHOP_593,ES761000001477,LOC_728,TP_5322,1
20001594,2024-01-19,PLT101389,+34600003125,user2533@ex.com,STREET_2629,SHOP_221,ES761000002384,LOC_570,TP_5091,0
20001593,2024-01-19,PLT107557,+34600003310,user1895@ex.com,STREET_513,SHOP_593,ES761000001945,LOC_1199,TP_897,0
20001592,2024-01-19,PLT101604,+34600002739,user4696@ex.com,STREET_797,SHOP_147,ES761000001464,LOC_1111,TP_325,0
20001591,2024-01-19,PLT103938,+34600000717,user981@ex.com,STREET_359,SHOP_407,ES761000003284,LOC_1048,TP_3444,1
20001590,2024-01-19,PLT102401,+34600000837,user4025@ex.com,STREET_798,SHOP_339,ES761000000647,LOC_1169,TP_5446,0
20001606,2024-01-19,PLT101398,+34600000588,user895@ex.com,STREET_1289,SHOP_945,ES761000003273,LOC_590,TP_7524,0
20001597,2024-01-19,PLT107581,+34600000586,user693@ex.com,STREET_203,SHOP_690,ES761000002516,LOC_1174,TP_6641,1
20001607,2024-01-19,PLT107811,+34600003085,user3143@ex.com,STREET_2225,SHOP_186,ES761000002610,LOC_459,TP_6029,0
20001617,2024-01-19,PLT101938,+34600003506,user4905@ex.com,STREET_1360,SHOP_971,ES761000002195,LOC_1112,TP_7360,0
20001609,2024-01-19,PLT106120,+34600001380,user4639@ex.com,STREET_2316,SHOP_607,ES761000003711,LOC_819,TP_3969,0
20001588,2024-01-19,PLT107173,+34600001297,user4819@ex.com,STREET_823,SHOP_145,ES761000002798,LOC_660,TP_6990,1
20001626,2024-01-19,PLT100322,+34600003604,user487@ex.com,STREET_2808,SHOP_288,ES761000002140,LOC_256,TP_4999,0
20001625,2024-01-19,PLT103401,+34600002512,user3248@ex.com,STREET_1621,SHOP_552,ES761000003754,LOC_112,TP_5678,0
20001624,2024-01-19,PLT102376,+34600002662,user2412@ex.com,STREET_687,SHOP_569,ES761000003847,LOC_1093,TP_3654,0
20001623,2024-01-19,PLT106968,+34600000785,user4237@ex.com,STREET_27,SHOP_825,ES761000003720,LOC_694,TP_4719,0
20001622,2024-01-19,PLT103656,+34600002387,user1938@ex.com,STREET_1198,SHOP_77,ES761000001639,LOC_780,TP_6778,0
20001621,2024-01-19,PLT107968,+34600001693,user1130@ex.com,STREET_2289,SHOP_904,ES761000000964,LOC_1035,TP_393,0
20001620,2024-01-19,PLT104866,+34600000542,user4940@ex.com,STREET_2327,SHOP_334,ES761000001441,LOC_920,TP_6922,0
20001619,2024-01-19,PLT104918,+34600001124,user409@ex.com,STREET_500,SHOP_681,ES761000002551,LOC_1009,TP_4758,0
20001618,2024-01-19,PLT103247,+34600001283,user3371@ex.com,STREET_2057,SHOP_658,ES761000002814,LOC_1035,TP_6942,0
20001616,2024-01-19,PLT103917,+34600003237,user2291@ex.com,STREET_2632,SHOP_63,ES761000003341,LOC_1104,TP_5026,0
20001615,2024-01-19,PLT107429,+34600003613,user3782@ex.com,STREET_2539,SHOP_412,ES761000003662,LOC_399,TP_4405,1
20001614,2024-01-19,PLT105641,+34600000911,user3738@ex.com,STREET_2319,SHOP_986,ES761000001662,LOC_730,TP_1367,0
20001613,2024-01-19,PLT104363,+34600000951,user4826@ex.com,STREET_2270,SHOP_542,ES761000003011,LOC_1188,TP_711,0
20001612,2024-01-19,PLT106487,+34600000514,user1062@ex.com,STREET_678,SHOP_531,ES761000002897,LOC_383,TP_6628,0
20001611,2024-01-19,PLT107965,+34600003869,user1822@ex.com,STREET_343,SHOP_88,ES761000001544,LOC_776,TP_4987,0
20001610,2024-01-19,PLT100534,+34600001539,user3164@ex.com,STREET_2305,SHOP_426,ES761000003050,LOC_231,TP_3301,0
20001608,2024-01-19,PLT101405,+34600002930,user382@ex.com,STREET_1405,SHOP_755,ES761000000004,LOC_500,TP_6567,1
20001587,2024-01-19,PLT107965,+34600000964,user3143@ex.com,STREET_153,SHOP_881,ES761000002033,LOC_479,TP_7464,0
20001586,2024-01-19,PLT100667,+34600001840,user756@ex.com,STREET_758,SHOP_415,ES761000001972,LOC_491,TP_2729,0
20001555,2024-01-19,PLT104430,+34600000034,user4368@ex.com,STREET_1389,SHOP_584,ES761000001307,LOC_599,TP_6333,0
20001562,2024-01-19,PLT107093,+34600001869,user3670@ex.com,STREET_2385,SHOP_681,ES761000003050,LOC_706,TP_144,0
20001560,2024-01-19,PLT103201,+34600003533,user3493@ex.com,STREET_7,SHOP_71,ES761000000811,LOC_769,TP_5613,0
20001559,2024-01-19,PLT104511,+34600002158,user2258@ex.com,STREET_403,SHOP_776,ES761000003593,LOC_435,TP_6529,1
20001558,2024-01-19,PLT100703,+34600003051,user892@ex.com,STREET_2475,SHOP_543,ES761000001217,LOC_750,TP_2786,0
20001557,2024-01-19,PLT105160,+34600000728,user731@ex.com,STREET_454,SHOP_757,ES761000003042,LOC_343,TP_5715,0
20001556,2024-01-19,PLT104972,+34600001606,user3982@ex.com,STREET_2630,SHOP_857,ES761000001061,LOC_505,TP_1994,0
20001554,2024-01-19,PLT105859,+34600003275,user2947@ex.com,STREET_1890,SHOP_95,ES761000001389,LOC_121,TP_4878,1
20001553,2024-01-19,PLT100638,+34600000435,user4133@ex.com,STREET_1939,SHOP_960,ES761000001030,LOC_778,TP_31,0
20001552,2024-01-19,PLT102332,+34600001036,user3914@ex.com,STREET_772,SHOP_513,ES761000000430,LOC_75,TP_1945,0
20001551,2024-01-19,PLT103273,+34600002238,user3677@ex.com,STREET_2891,SHOP_264,ES761000002899,LOC_356,TP_6231,0
20001550,2024-01-19,PLT103937,+34600000285,user3033@ex.com,STREET_1913,SHOP_414,ES761000003708,LOC_353,TP_205,1
20001549,2024-01-19,PLT102731,+34600002472,user3978@ex.com,STREET_2230,SHOP_641,ES761000000143,LOC_742,TP_7803,0
20001548,2024-01-19,PLT106267,+34600000565,user3906@ex.com,STREET_1037,SHOP_552,ES761000000850,LOC_1152,TP_7702,0
20001547,2024-01-19,PLT107139,+34600002640,user1823@ex.com,STREET_750,SHOP_593,ES761000003871,LOC_1147,TP_3362,0
20001546,2024-01-19,PLT105460,+34600000069,user302@ex.com,STREET_1690,SHOP_346,ES761000001083,LOC_384,TP_7371,0
20001545,2024-01-19,PLT101066,+34600003205,user1733@ex.com,STREET_1075,SHOP_707,ES761000001154,LOC_372,TP_4544,0
20001585,2024-01-19,PLT103545,+34600003546,user3174@ex.com,STREET_1548,SHOP_173,ES761000003687,LOC_663,TP_5903,0
20001563,2024-01-19,PLT107807,+34600002465,user967@ex.com,STREET_17,SHOP_15,ES761000003918,LOC_1031,TP_3230,0
20001564,2024-01-19,PLT106647,+34600003993,user349@ex.com,STREET_1654,SHOP_176,ES761000002263,LOC_121,TP_1179,0
20001561,2024-01-19,PLT100486,+34600002464,user1857@ex.com,STREET_2340,SHOP_875,ES761000000997,LOC_71,TP_3994,0
20001566,2024-01-19,PLT100783,+34600002170,user887@ex.com,STREET_440,SHOP_475,ES761000000452,LOC_1071,TP_559,0
20001584,2024-01-19,PLT107557,+34600003965,user4906@ex.com,STREET_1397,SHOP_926,ES761000000800,LOC_649,TP_2455,0
20001583,2024-01-19,PLT101403,+34600003966,user2007@ex.com,STREET_1174,SHOP_958,ES761000000316,LOC_38,TP_6225,0
20001582,2024-01-19,PLT102384,+34600002810,user3156@ex.com,STREET_911,SHOP_379,ES761000000432,LOC_326,TP_4381,0
20001581,2024-01-19,PLT100773,+34600002036,user3370@ex.com,STREET_2497,SHOP_971,ES761000001959,LOC_57,TP_4502,0
20001580,2024-01-19,PLT104717,+34600001608,user1492@ex.com,STREET_2525,SHOP_818,ES761000001752,LOC_865,TP_1555,0
20001579,2024-01-19,PLT107541,+34600002885,user3873@ex.com,STREET_2681,SHOP_788,ES761000003863,LOC_410,TP_1604,0
20001565,2024-01-19,PLT107216,+34600000438,user949@ex.com,STREET_1023,SHOP_481,ES761000003423,LOC_60,TP_6626,0
20001577,2024-01-19,PLT107411,+34600001682,user3239@ex.com,STREET_1814,SHOP_922,ES761000000302,LOC_538,TP_3674,0
20001576,2024-01-19,PLT101174,+34600002842,user4247@ex.com,STREET_545,SHOP_284,ES761000002344,LOC_917,TP_5071,0
20001575,2024-01-19,PLT102023,+34600001341,user1741@ex.com,STREET_1993,SHOP_232,ES761000001755,LOC_706,TP_3490,0
20001578,2024-01-19,PLT102097,+34600000077,user4278@ex.com,STREET_1679,SHOP_8,ES761000003098,LOC_586,TP_4810,0
20001567,2024-01-19,PLT104957,+34600000501,user2063@ex.com,STREET_1215,SHOP_834,ES761000000140,LOC_38,TP_4287,0
20001573,2024-01-19,PLT102879,+34600002883,user697@ex.com,STREET_605,SHOP_64,ES761000001808,LOC_881,TP_6626,0
20001572,2024-01-19,PLT103117,+34600000643,user2561@ex.com,STREET_2793,SHOP_882,ES761000001330,LOC_15,TP_3460,1
20001571,2024-01-19,PLT107996,+34600000571,user271@ex.com,STREET_2614,SHOP_202,ES761000002710,LOC_898,TP_2256,0
20001570,2024-01-19,PLT104430,+34600003164,user2613@ex.com,STREET_537,SHOP_953,ES761000001738,LOC_1080,TP_1621,0
20001569,2024-01-19,PLT105224,+34600003260,user4854@ex.com,STREET_248,SHOP_197,ES761000002839,LOC_767,TP_3301,0
20001568,2024-01-19,PLT101405,+34600001378,user2772@ex.com,STREET_733,SHOP_620,ES761000003037,LOC_1127,TP_465,0
20001574,2024-01-19,PLT102064,+34600000229,user1002@ex.com,STREET_1773,SHOP_286,ES761000000543,LOC_813,TP_5907,0
20001682,2024-01-20,PLT105079,+34600003725,user2465@ex.com,STREET_920,SHOP_896,ES761000002285,LOC_994,TP_6028,0
20001683,2024-01-20,PLT104161,+34600001187,user3906@ex.com,STREET_336,SHOP_400,ES761000001939,LOC_1024,TP_2142,0
20001684,2024-01-20,PLT104021,+34600001663,user1420@ex.com,STREET_2549,SHOP_846,ES761000001072,LOC_613,TP_2001,0
20001688,2024-01-20,PLT106929,+34600002213,user3967@ex.com,STREET_2111,SHOP_901,ES761000002850,LOC_170,TP_941,0
20001686,2024-01-20,PLT102914,+34600003185,user4366@ex.com,STREET_1933,SHOP_690,ES761000000875,LOC_1006,TP_4503,0
20001687,2024-01-20,PLT106299,+34600003589,user2999@ex.com,STREET_985,SHOP_308,ES761000000314,LOC_834,TP_317,0
20001681,2024-01-20,PLT105142,+34600000274,user1004@ex.com,STREET_411,SHOP_490,ES761000002084,LOC_1117,TP_3233,0
20001685,2024-01-20,PLT105058,+34600002263,user1102@ex.com,STREET_342,SHOP_929,ES761000002054,LOC_764,TP_2315,0
20001680,2024-01-20,PLT102502,+34600003990,user500@ex.com,STREET_2399,SHOP_171,ES761000002248,LOC_647,TP_6617,0
20001671,2024-01-20,PLT102071,+34600000083,user3508@ex.com,STREET_1367,SHOP_431,ES761000003718,LOC_1113,TP_3801,1
20001678,2024-01-20,PLT104884,+34600000387,user4687@ex.com,STREET_1206,SHOP_674,ES761000002077,LOC_428,TP_4076,0
20001677,2024-01-20,PLT107807,+34600003171,user4586@ex.com,STREET_832,SHOP_693,ES761000000119,LOC_378,TP_5507,0
20001676,2024-01-20,PLT100815,+34600002496,user585@ex.com,STREET_49,SHOP_798,ES761000002299,LOC_18,TP_1566,0
20001675,2024-01-20,PLT103395,+34600000820,user4955@ex.com,STREET_1120,SHOP_64,ES761000003700,LOC_544,TP_6937,0
20001674,2024-01-20,PLT102808,+34600001820,user3302@ex.com,STREET_1322,SHOP_477,ES761000003478,LOC_893,TP_2782,0
20001673,2024-01-20,PLT100470,+34600003329,user116@ex.com,STREET_645,SHOP_798,ES761000001084,LOC_1103,TP_6258,0
20001672,2024-01-20,PLT107090,+34600001231,user3007@ex.com,STREET_1509,SHOP_85,ES761000001086,LOC_737,TP_7608,0
20001689,2024-01-20,PLT105121,+34600003002,user3683@ex.com,STREET_2880,SHOP_671,ES761000001621,LOC_688,TP_3918,1
20001679,2024-01-20,PLT103799,+34600002165,user4857@ex.com,STREET_1833,SHOP_593,ES761000001141,LOC_235,TP_6794,0
20001690,2024-01-20,PLT104068,+34600001584,user1910@ex.com,STREET_2139,SHOP_238,ES761000000132,LOC_1160,TP_4087,0
20001710,2024-01-20,PLT107829,+34600002145,user1807@ex.com,STREET_27,SHOP_106,ES761000002002,LOC_1042,TP_2340,0
20001692,2024-01-20,PLT104968,+34600002532,user4829@ex.com,STREET_354,SHOP_314,ES761000003636,LOC_199,TP_676,0
20001709,2024-01-20,PLT107917,+34600003535,user1156@ex.com,STREET_205,SHOP_239,ES761000000740,LOC_428,TP_1885,1
20001711,2024-01-20,PLT101596,+34600002197,user3324@ex.com,STREET_198,SHOP_614,ES761000001119,LOC_1002,TP_5134,0
20001708,2024-01-20,PLT102451,+34600003579,user944@ex.com,STREET_29,SHOP_350,ES761000002671,LOC_771,TP_6260,0
20001707,2024-01-20,PLT102675,+34600003978,user3883@ex.com,STREET_2112,SHOP_595,ES761000002764,LOC_352,TP_961,0
20001706,2024-01-20,PLT104763,+34600002848,user4405@ex.com,STREET_2042,SHOP_735,ES761000003157,LOC_828,TP_6368,0
20001705,2024-01-20,PLT101174,+34600001581,user4445@ex.com,STREET_670,SHOP_598,ES761000001247,LOC_220,TP_4565,0
20001704,2024-01-20,PLT106968,+34600002341,user4059@ex.com,STREET_563,SHOP_13,ES761000000748,LOC_625,TP_6523,0
20001703,2024-01-20,PLT106882,+34600003757,user2561@ex.com,STREET_1228,SHOP_972,ES761000002845,LOC_1066,TP_1371,1
20001691,2024-01-20,PLT105234,+34600000357,user3679@ex.com,STREET_386,SHOP_412,ES761000000855,LOC_654,TP_46,0
20001702,2024-01-20,PLT100092,+34600000664,user2454@ex.com,STREET_1516,SHOP_278,ES761000000189,LOC_1090,TP_6302,0
20001700,2024-01-20,PLT104515,+34600000163,user25@ex.com,STREET_1193,SHOP_73,ES761000001308,LOC_398,TP_2483,0
20001699,2024-01-20,PLT100687,+34600000892,user908@ex.com,STREET_693,SHOP_353,ES761000003995,LOC_1194,TP_1815,0
20001698,2024-01-20,PLT101926,+34600001659,user3235@ex.com,STREET_1532,SHOP_627,ES761000001199,LOC_778,TP_7581,0
20001697,2024-01-20,PLT101892,+34600002396,user1340@ex.com,STREET_971,SHOP_620,ES761000003244,LOC_793,TP_3899,0
20001696,2024-01-20,PLT105739,+34600000902,user2621@ex.com,STREET_1232,SHOP_641,ES761000002901,LOC_878,TP_7479,0
20001695,2024-01-20,PLT104018,+34600002700,user808@ex.com,STREET_2383,SHOP_711,ES761000002779,LOC_19,TP_6792,0
20001694,2024-01-20,PLT105753,+34600002154,user74@ex.com,STREET_1924,SHOP_740,ES761000003185,LOC_150,TP_6378,0
20001693,2024-01-20,PLT103507,+34600000270,user3547@ex.com,STREET_1997,SHOP_346,ES761000000104,LOC_286,TP_7373,1
20001701,2024-01-20,PLT104918,+34600000251,user794@ex.com,STREET_949,SHOP_242,ES761000002974,LOC_177,TP_4885,0
20001670,2024-01-20,PLT105826,+34600002082,user1738@ex.com,STREET_451,SHOP_985,ES761000002683,LOC_310,TP_1796,0
20001629,2024-01-20,PLT106828,+34600002906,user4256@ex.com,STREET_2778,SHOP_728,ES761000001837,LOC_315,TP_7166,0
20001668,2024-01-20,PLT101892,+34600002262,user1593@ex.com,STREET_1223,SHOP_772,ES761000000016,LOC_492,TP_161,0
20001645,2024-01-20,PLT105957,+34600003331,user2573@ex.com,STREET_1086,SHOP_509,ES761000000394,LOC_666,TP_350,0
20001644,2024-01-20,PLT107322,+34600000151,user4174@ex.com,STREET_108,SHOP_41,ES761000003390,LOC_270,TP_3235,0
20001643,2024-01-20,PLT107745,+34600003171,user1740@ex.com,STREET_2254,SHOP_805,ES761000002413,LOC_1115,TP_6299,0
20001642,2024-01-20,PLT103204,+34600003957,user1719@ex.com,STREET_850,SHOP_739,ES761000003140,LOC_18,TP_4643,1
20001641,2024-01-20,PLT107247,+34600001975,user1108@ex.com,STREET_2167,SHOP_357,ES761000001858,LOC_1166,TP_2820,0
20001640,2024-01-20,PLT102477,+34600003399,user4333@ex.com,STREET_2974,SHOP_801,ES761000002872,LOC_1146,TP_1139,0
20001639,2024-01-20,PLT107184,+34600002535,user4787@ex.com,STREET_944,SHOP_337,ES761000000332,LOC_652,TP_6324,0
20001637,2024-01-20,PLT103417,+34600002033,user1297@ex.com,STREET_2394,SHOP_506,ES761000003918,LOC_98,TP_4296,1
20001646,2024-01-20,PLT104273,+34600000398,user1960@ex.com,STREET_1287,SHOP_925,ES761000001185,LOC_136,TP_3266,0
20001636,2024-01-20,PLT103071,+34600000542,user3573@ex.com,STREET_2076,SHOP_296,ES761000003212,LOC_381,TP_794,0
20001634,2024-01-20,PLT103395,+34600001509,user3258@ex.com,STREET_935,SHOP_164,ES761000000449,LOC_714,TP_3582,0
20001633,2024-01-20,PLT100367,+34600000499,user804@ex.com,STREET_2345,SHOP_419,ES761000000273,LOC_502,TP_413,0
20001632,2024-01-20,PLT105525,+34600001675,user3771@ex.com,STREET_771,SHOP_879,ES761000002521,LOC_579,TP_2752,0
20001631,2024-01-20,PLT107714,+34600003575,user3025@ex.com,STREET_2060,SHOP_983,ES761000000316,LOC_1150,TP_6221,1
20001630,2024-01-20,PLT100361,+34600001540,user4045@ex.com,STREET_1467,SHOP_376,ES761000001757,LOC_1036,TP_3889,0
20001628,2024-01-20,PLT101570,+34600003468,user3723@ex.com,STREET_2987,SHOP_445,ES761000000029,LOC_1041,TP_6925,0
20001627,2024-01-20,PLT105159,+34600001041,user96@ex.com,STREET_1588,SHOP_922,ES761000000474,LOC_35,TP_1485,0
20001669,2024-01-20,PLT102933,+34600000475,user4031@ex.com,STREET_134,SHOP_126,ES761000001697,LOC_712,TP_4187,0
20001635,2024-01-20,PLT103263,+34600002897,user3399@ex.com,STREET_2995,SHOP_827,ES761000001396,LOC_121,TP_1853,0
20001647,2024-01-20,PLT101414,+34600003357,user2877@ex.com,STREET_919,SHOP_76,ES761000003326,LOC_371,TP_7790,0
20001638,2024-01-20,PLT102376,+34600000712,user3286@ex.com,STREET_525,SHOP_10,ES761000001448,LOC_363,TP_1697,0
20001649,2024-01-20,PLT101270,+34600000916,user672@ex.com,STREET_2624,SHOP_211,ES761000001083,LOC_804,TP_2090,0
20001667,2024-01-20,PLT104256,+34600002935,user1562@ex.com,STREET_2205,SHOP_615,ES761000002562,LOC_140,TP_1330,0
20001648,2024-01-20,PLT100805,+34600003344,user2428@ex.com,STREET_184,SHOP_373,ES761000000911,LOC_37,TP_354,1
20001666,2024-01-20,PLT103002,+34600002776,user2435@ex.com,STREET_182,SHOP_323,ES761000001467,LOC_38,TP_5958,0
20001665,2024-01-20,PLT100283,+34600000328,user1744@ex.com,STREET_763,SHOP_349,ES761000003899,LOC_525,TP_2078,0
20001664,2024-01-20,PLT101574,+34600001726,user3275@ex.com,STREET_2414,SHOP_812,ES761000001624,LOC_304,TP_4449,0
20001663,2024-01-20,PLT102922,+34600002770,user3860@ex.com,STREET_1050,SHOP_55,ES761000003494,LOC_7,TP_378,0
20001661,2024-01-20,PLT104305,+34600002929,user3206@ex.com,STREET_1501,SHOP_201,ES761000001442,LOC_895,TP_6223,0
20001660,2024-01-20,PLT106538,+34600001338,user4681@ex.com,STREET_930,SHOP_897,ES761000001071,LOC_685,TP_2724,0
20001659,2024-01-20,PLT107967,+34600001788,user134@ex.com,STREET_2569,SHOP_464,ES761000003459,LOC_438,TP_3881,0
20001662,2024-01-20,PLT107714,+34600001656,user1385@ex.com,STREET_545,SHOP_288,ES761000001292,LOC_208,TP_4790,0
20001657,2024-01-20,PLT106089,+34600003965,user4601@ex.com,STREET_713,SHOP_83,ES761000001668,LOC_348,TP_1999,0
20001650,2024-01-20,PLT101312,+34600002687,user3620@ex.com,STREET_426,SHOP_246,ES761000002352,LOC_1077,TP_768,0
20001658,2024-01-20,PLT103269,+34600001046,user1657@ex.com,STREET_1090,SHOP_183,ES761000003764,LOC_648,TP_3040,0
20001652,2024-01-20,PLT104654,+34600002560,user3226@ex.com,STREET_1923,SHOP_748,ES761000003489,LOC_419,TP_7031,0
20001653,2024-01-20,PLT107603,+34600001864,user893@ex.com,STREET_2829,SHOP_59,ES761000003137,LOC_51,TP_5633,1
20001651,2024-01-20,PLT102035,+34600001427,user3592@ex.com,STREET_2335,SHOP_64,ES761000000317,LOC_192,TP_2706,0
20001655,2024-01-20,PLT104176,+34600002108,user3692@ex.com,STREET_1712,SHOP_491,ES761000002768,LOC_775,TP_6086,0
20001656,2024-01-20,PLT106183,+34600001785,user1885@ex.com,STREET_2198,SHOP_464,ES761000001749,LOC_430,TP_1309,0
20001654,2024-01-20,PLT101083,+34600001136,user817@ex.com,STREET_1633,SHOP_920,ES761000002756,LOC_246,TP_6991,0
20001768,2024-01-21,PLT105160,+34600001170,user4229@ex.com,STREET_2135,SHOP_552,ES761000002193,LOC_1004,TP_444,0
20001775,2024-01-21,PLT102437,+34600002819,user1317@ex.com,STREET_175,SHOP_701,ES761000003145,LOC_1182,TP_5512,0
20001774,2024-01-21,PLT104798,+34600002115,user3962@ex.com,STREET_1442,SHOP_746,ES761000003463,LOC_513,TP_6690,0
20001773,2024-01-21,PLT104289,+34600003348,user3164@ex.com,STREET_788,SHOP_138,ES761000002324,LOC_836,TP_6061,0
20001772,2024-01-21,PLT106299,+34600002677,user1573@ex.com,STREET_1918,SHOP_315,ES761000000839,LOC_314,TP_7869,0
20001771,2024-01-21,PLT107754,+34600000479,user2742@ex.com,STREET_1457,SHOP_211,ES761000001985,LOC_118,TP_3220,0
20001770,2024-01-21,PLT107365,+34600002612,user594@ex.com,STREET_1318,SHOP_636,ES761000002646,LOC_1045,TP_4249,0
20001769,2024-01-21,PLT102292,+34600001935,user4440@ex.com,STREET_93,SHOP_185,ES761000003103,LOC_326,TP_598,0
20001767,2024-01-21,PLT100582,+34600000840,user1606@ex.com,STREET_688,SHOP_594,ES761000000023,LOC_1008,TP_3164,0
20001758,2024-01-21,PLT102834,+34600001969,user1501@ex.com,STREET_20,SHOP_192,ES761000000726,LOC_1158,TP_1781,0
20001765,2024-01-21,PLT106576,+34600002189,user4441@ex.com,STREET_2584,SHOP_702,ES761000002046,LOC_1169,TP_3955,0
20001764,2024-01-21,PLT102198,+34600001249,user4059@ex.com,STREET_406,SHOP_354,ES761000001876,LOC_1089,TP_7949,0
20001763,2024-01-21,PLT107365,+34600000633,user2396@ex.com,STREET_0,SHOP_431,ES761000003387,LOC_644,TP_4852,0
20001762,2024-01-21,PLT103459,+34600001135,user2882@ex.com,STREET_114,SHOP_455,ES761000001133,LOC_268,TP_2628,1
20001761,2024-01-21,PLT107056,+34600000402,user3853@ex.com,STREET_2559,SHOP_265,ES761000002246,LOC_409,TP_2428,0
20001760,2024-01-21,PLT101583,+34600002651,user4993@ex.com,STREET_2145,SHOP_824,ES761000001361,LOC_989,TP_303,0
20001759,2024-01-21,PLT107581,+34600002641,user2907@ex.com,STREET_1525,SHOP_466,ES761000003549,LOC_111,TP_6667,0
20001776,2024-01-21,PLT106929,+34600003418,user3696@ex.com,STREET_1090,SHOP_698,ES761000000559,LOC_978,TP_5190,1
20001766,2024-01-21,PLT100384,+34600003990,user3039@ex.com,STREET_1311,SHOP_927,ES761000001898,LOC_880,TP_6561,0
20001777,2024-01-21,PLT101796,+34600003587,user3963@ex.com,STREET_2897,SHOP_982,ES761000000465,LOC_163,TP_3990,0
20001798,2024-01-21,PLT104072,+34600002724,user701@ex.com,STREET_2349,SHOP_643,ES761000002029,LOC_754,TP_412,1
20001779,2024-01-21,PLT103851,+34600003126,user4846@ex.com,STREET_798,SHOP_510,ES761000002744,LOC_371,TP_7437,0
20001757,2024-01-21,PLT100926,+34600002338,user4481@ex.com,STREET_279,SHOP_916,ES761000000584,LOC_805,TP_3914,0
20001797,2024-01-21,PLT105566,+34600003460,user4900@ex.com,STREET_2235,SHOP_903,ES761000001246,LOC_188,TP_1677,0
20001796,2024-01-21,PLT105214,+34600001109,user2741@ex.com,STREET_549,SHOP_166,ES761000001597,LOC_351,TP_7057,0
20001795,2024-01-21,PLT100423,+34600001894,user1091@ex.com,STREET_112,SHOP_695,ES761000003262,LOC_1022,TP_3371,0
20001794,2024-01-21,PLT104782,+34600001823,user3765@ex.com,STREET_17,SHOP_593,ES761000001158,LOC_29,TP_1901,0
20001793,2024-01-21,PLT103417,+34600002951,user2958@ex.com,STREET_25,SHOP_83,ES761000003255,LOC_27,TP_4868,0
20001792,2024-01-21,PLT106875,+34600003691,user2191@ex.com,STREET_940,SHOP_107,ES761000002322,LOC_1026,TP_232,0
20001791,2024-01-21,PLT101926,+34600003720,user2561@ex.com,STREET_2594,SHOP_518,ES761000002265,LOC_1041,TP_5193,0
20001799,2024-01-21,PLT104654,+34600000627,user1549@ex.com,STREET_2072,SHOP_507,ES761000000989,LOC_914,TP_3528,0
20001789,2024-01-21,PLT103879,+34600003104,user585@ex.com,STREET_1725,SHOP_711,ES761000000085,LOC_111,TP_4238,0
20001788,2024-01-21,PLT106563,+34600000135,user4743@ex.com,STREET_1224,SHOP_950,ES761000002966,LOC_747,TP_7164,0
20001787,2024-01-21,PLT100425,+34600002987,user3574@ex.com,STREET_147,SHOP_371,ES761000003053,LOC_1056,TP_4550,0
20001786,2024-01-21,PLT101005,+34600000920,user22@ex.com,STREET_1807,SHOP_346,ES761000001101,LOC_366,TP_3851,0
20001785,2024-01-21,PLT101436,+34600001992,user4547@ex.com,STREET_1141,SHOP_974,ES761000003673,LOC_918,TP_5575,0
20001784,2024-01-21,PLT105036,+34600000013,user3783@ex.com,STREET_919,SHOP_777,ES761000002077,LOC_1151,TP_5750,0
20001783,2024-01-21,PLT101097,+34600001479,user727@ex.com,STREET_1593,SHOP_739,ES761000002236,LOC_361,TP_2397,0
20001782,2024-01-21,PLT104792,+34600002099,user2547@ex.com,STREET_2820,SHOP_932,ES761000000852,LOC_574,TP_5339,0
20001781,2024-01-21,PLT105652,+34600003523,user4963@ex.com,STREET_2748,SHOP_491,ES761000003138,LOC_917,TP_5147,0
20001780,2024-01-21,PLT107193,+34600000572,user2359@ex.com,STREET_669,SHOP_700,ES761000002611,LOC_712,TP_6492,0
20001778,2024-01-21,PLT100926,+34600001120,user3552@ex.com,STREET_1477,SHOP_776,ES761000000427,LOC_1010,TP_877,1
20001756,2024-01-21,PLT105115,+34600000047,user4713@ex.com,STREET_2541,SHOP_633,ES761000001125,LOC_122,TP_4468,0
20001790,2024-01-21,PLT101796,+34600001709,user3291@ex.com,STREET_1171,SHOP_117,ES761000002286,LOC_241,TP_6812,0
20001754,2024-01-21,PLT106003,+34600001887,user4408@ex.com,STREET_1519,SHOP_812,ES761000003516,LOC_162,TP_6865,0
20001730,2024-01-21,PLT100400,+34600003370,user3451@ex.com,STREET_2270,SHOP_18,ES761000001137,LOC_1083,TP_297,0
20001729,2024-01-21,PLT105641,+34600000238,user1776@ex.com,STREET_1140,SHOP_217,ES761000001684,LOC_15,TP_4339,1
20001728,2024-01-21,PLT107367,+34600001104,user4284@ex.com,STREET_540,SHOP_991,ES761000003261,LOC_424,TP_1775,0
20001727,2024-01-21,PLT102370,+34600000023,user2644@ex.com,STREET_2567,SHOP_698,ES761000000290,LOC_588,TP_4610,0
20001726,2024-01-21,PLT102184,+34600002315,user2778@ex.com,STREET_533,SHOP_338,ES761000002814,LOC_66,TP_6748,0
20001725,2024-01-21,PLT104007,+34600000942,user1102@ex.com,STREET_1259,SHOP_441,ES761000003806,LOC_174,TP_7610,0
20001724,2024-01-21,PLT101436,+34600002099,user4418@ex.com,STREET_2438,SHOP_433,ES761000002728,LOC_21,TP_6962,0
20001723,2024-01-21,PLT106267,+34600001172,user592@ex.com,STREET_1576,SHOP_482,ES761000002194,LOC_20,TP_3676,0
20001722,2024-01-21,PLT102814,+34600001327,user4599@ex.com,STREET_327,SHOP_373,ES761000000087,LOC_1106,TP_786,0
20001721,2024-01-21,PLT102323,+34600003795,user4559@ex.com,STREET_573,SHOP_452,ES761000001636,LOC_684,TP_2773,0
20001720,2024-01-21,PLT101554,+34600000020,user834@ex.com,STREET_965,SHOP_918,ES761000001570,LOC_73,TP_5610,1
20001719,2024-01-21,PLT102675,+34600001956,user4486@ex.com,STREET_265,SHOP_234,ES761000000441,LOC_208,TP_7137,0
20001718,2024-01-21,PLT101440,+34600003172,user3765@ex.com,STREET_2521,SHOP_932,ES761000001153,LOC_114,TP_2464,0
20001717,2024-01-21,PLT103600,+34600002378,user2349@ex.com,STREET_1503,SHOP_543,ES761000002125,LOC_188,TP_1387,0
20001716,2024-01-21,PLT100623,+34600002179,user3549@ex.com,STREET_2396,SHOP_436,ES761000001798,LOC_592,TP_3975,0
20001715,2024-01-21,PLT107413,+34600001668,user3478@ex.com,STREET_2691,SHOP_385,ES761000003780,LOC_536,TP_2152,0
20001714,2024-01-21,PLT102323,+34600001283,user2537@ex.com,STREET_1461,SHOP_299,ES761000002365,LOC_967,TP_5687,0
20001713,2024-01-21,PLT104990,+34600003622,user414@ex.com,STREET_284,SHOP_514,ES761000002879,LOC_1156,TP_4020,0
20001755,2024-01-21,PLT105148,+34600003241,user4442@ex.com,STREET_53,SHOP_619,ES761000001898,LOC_840,TP_3657,0
20001731,2024-01-21,PLT106929,+34600002878,user3069@ex.com,STREET_2138,SHOP_900,ES761000003199,LOC_123,TP_2198,0
20001732,2024-01-21,PLT107335,+34600002087,user4099@ex.com,STREET_1764,SHOP_832,ES761000003392,LOC_483,TP_1311,0
20001712,2024-01-21,PLT105148,+34600002505,user4311@ex.com,STREET_1922,SHOP_32,ES761000003999,LOC_1124,TP_6672,0
20001734,2024-01-21,PLT102675,+34600000209,user3429@ex.com,STREET_2734,SHOP_520,ES761000001676,LOC_1139,TP_3335,0
20001753,2024-01-21,PLT102771,+34600000484,user2085@ex.com,STREET_1430,SHOP_857,ES761000002316,LOC_539,TP_186,0
20001752,2024-01-21,PLT103417,+34600000571,user545@ex.com,STREET_624,SHOP_452,ES761000002426,LOC_6,TP_1548,0
20001751,2024-01-21,PLT101256,+34600001926,user4689@ex.com,STREET_2276,SHOP_190,ES761000003234,LOC_656,TP_6430,0
20001750,2024-01-21,PLT107557,+34600001694,user2398@ex.com,STREET_1027,SHOP_776,ES761000002053,LOC_182,TP_399,0
20001749,2024-01-21,PLT101364,+34600003148,user1974@ex.com,STREET_1068,SHOP_546,ES761000003697,LOC_864,TP_287,0
20001733,2024-01-21,PLT105436,+34600003164,user1680@ex.com,STREET_1578,SHOP_872,ES761000000311,LOC_235,TP_4632,0
20001747,2024-01-21,PLT103809,+34600003087,user1813@ex.com,STREET_2600,SHOP_753,ES761000000566,LOC_313,TP_4392,0
20001746,2024-01-21,PLT101114,+34600002408,user1832@ex.com,STREET_617,SHOP_923,ES761000003493,LOC_99,TP_4655,0
20001745,2024-01-21,PLT101403,+34600003718,user4531@ex.com,STREET_2047,SHOP_443,ES761000000778,LOC_840,TP_1512,0
20001748,2024-01-21,PLT107184,+34600001244,user1957@ex.com,STREET_2750,SHOP_127,ES761000003314,LOC_1147,TP_5457,0
20001743,2024-01-21,PLT103656,+34600003290,user1848@ex.com,STREET_510,SHOP_413,ES761000000630,LOC_632,TP_677,0
20001742,2024-01-21,PLT106089,+34600003961,user3521@ex.com,STREET_2244,SHOP_890,ES761000001006,LOC_1031,TP_2320,0
20001741,2024-01-21,PLT105490,+34600002434,user1753@ex.com,STREET_343,SHOP_76,ES761000000484,LOC_1081,TP_3008,0
20001740,2024-01-21,PLT104141,+34600002343,user2578@ex.com,STREET_1737,SHOP_402,ES761000002492,LOC_192,TP_2013,1
20001739,2024-01-21,PLT101261,+34600000316,user270@ex.com,STREET_650,SHOP_548,ES761000000282,LOC_17,TP_3883,0
20001738,2024-01-21,PLT103262,+34600000551,user2395@ex.com,STREET_339,SHOP_137,ES761000003312,LOC_480,TP_3302,0
20001737,2024-01-21,PLT101993,+34600003214,user700@ex.com,STREET_719,SHOP_252,ES761000003705,LOC_1194,TP_6842,0
20001736,2024-01-21,PLT105932,+34600002567,user3930@ex.com,STREET_453,SHOP_464,ES761000001983,LOC_756,TP_4452,0
20001744,2024-01-21,PLT100644,+34600003176,user1530@ex.com,STREET_405,SHOP_980,ES761000000914,LOC_437,TP_5837,0
20001735,2024-01-21,PLT100092,+34600001764,user4489@ex.com,STREET_716,SHOP_322,ES761000003814,LOC_162,TP_802,0
20001854,2024-01-22,PLT103507,+34600000942,user3296@ex.com,STREET_1058,SHOP_399,ES761000001273,LOC_1178,TP_193,0
20001855,2024-01-22,PLT105920,+34600000869,user3190@ex.com,STREET_1890,SHOP_633,ES761000000785,LOC_714,TP_7680,0
20001856,2024-01-22,PLT104072,+34600001112,user4004@ex.com,STREET_1997,SHOP_355,ES761000000483,LOC_854,TP_1654,0
20001860,2024-01-22,PLT104511,+34600000047,user358@ex.com,STREET_1768,SHOP_775,ES761000002048,LOC_326,TP_5024,0
20001858,2024-01-22,PLT103917,+34600001649,user604@ex.com,STREET_776,SHOP_893,ES761000001015,LOC_64,TP_5604,0
20001859,2024-01-22,PLT102521,+34600002245,user3847@ex.com,STREET_1274,SHOP_770,ES761000001545,LOC_1074,TP_3406,0
20001857,2024-01-22,PLT105202,+34600002566,user4402@ex.com,STREET_2263,SHOP_650,ES761000001855,LOC_38,TP_7879,0
20001853,2024-01-22,PLT100995,+34600003662,user1609@ex.com,STREET_908,SHOP_823,ES761000003917,LOC_547,TP_5979,0
20001844,2024-01-22,PLT101166,+34600000015,user3736@ex.com,STREET_1722,SHOP_436,ES761000000797,LOC_1090,TP_1306,0
20001851,2024-01-22,PLT100192,+34600002546,user1962@ex.com,STREET_313,SHOP_695,ES761000002452,LOC_1136,TP_5707,1
20001850,2024-01-22,PLT102071,+34600003073,user4231@ex.com,STREET_15,SHOP_506,ES761000002274,LOC_87,TP_4959,1
20001849,2024-01-22,PLT100623,+34600001691,user2221@ex.com,STREET_855,SHOP_475,ES761000002558,LOC_934,TP_7427,1
20001848,2024-01-22,PLT100433,+34600001134,user2371@ex.com,STREET_1708,SHOP_636,ES761000001166,LOC_254,TP_7688,0
20001847,2024-01-22,PLT105250,+34600003614,user3633@ex.com,STREET_1842,SHOP_332,ES761000000670,LOC_829,TP_4902,0
20001846,2024-01-22,PLT105920,+34600000825,user2731@ex.com,STREET_908,SHOP_460,ES761000002681,LOC_877,TP_4853,0
20001845,2024-01-22,PLT101620,+34600000600,user565@ex.com,STREET_285,SHOP_711,ES761000001762,LOC_867,TP_7098,0
20001861,2024-01-22,PLT105957,+34600001193,user4669@ex.com,STREET_518,SHOP_168,ES761000001582,LOC_1016,TP_3411,0
20001852,2024-01-22,PLT102545,+34600003350,user835@ex.com,STREET_1830,SHOP_346,ES761000001054,LOC_290,TP_2368,0
20001862,2024-01-22,PLT101939,+34600000321,user1990@ex.com,STREET_2481,SHOP_280,ES761000003616,LOC_1006,TP_5944,0
20001873,2024-01-22,PLT107581,+34600003441,user4316@ex.com,STREET_937,SHOP_964,ES761000000855,LOC_145,TP_7369,0
20001864,2024-01-22,PLT102023,+34600002393,user2088@ex.com,STREET_1800,SHOP_185,ES761000000985,LOC_742,TP_7403,0
20001843,2024-01-22,PLT102286,+34600000962,user179@ex.com,STREET_2031,SHOP_453,ES761000002685,LOC_264,TP_7002,0
20001882,2024-01-22,PLT106929,+34600003983,user662@ex.com,STREET_401,SHOP_963,ES761000001640,LOC_864,TP_7887,0
20001881,2024-01-22,PLT106345,+34600002373,user3105@ex.com,STREET_1206,SHOP_823,ES761000002471,LOC_528,TP_4457,1
20001880,2024-01-22,PLT102811,+34600003280,user3222@ex.com,STREET_126,SHOP_227,ES761000003668,LOC_1126,TP_5574,0
20001879,2024-01-22,PLT101397,+34600003845,user239@ex.com,STREET_2952,SHOP_216,ES761000001725,LOC_801,TP_1925,1
20001878,2024-01-22,PLT102376,+34600001258,user1731@ex.com,STREET_626,SHOP_310,ES761000003058,LOC_649,TP_3637,0
20001877,2024-01-22,PLT103333,+34600001876,user4166@ex.com,STREET_408,SHOP_823,ES761000002691,LOC_1138,TP_4218,0
20001876,2024-01-22,PLT100400,+34600001220,user1445@ex.com,STREET_516,SHOP_104,ES761000000572,LOC_275,TP_4358,0
20001863,2024-01-22,PLT107941,+34600002621,user390@ex.com,STREET_289,SHOP_144,ES761000003394,LOC_239,TP_1440,0
20001875,2024-01-22,PLT106952,+34600000562,user3734@ex.com,STREET_910,SHOP_651,ES761000001113,LOC_37,TP_1635,0
20001872,2024-01-22,PLT101467,+34600002996,user4532@ex.com,STREET_824,SHOP_716,ES761000001217,LOC_67,TP_2138,0
20001871,2024-01-22,PLT106299,+34600002875,user857@ex.com,STREET_1176,SHOP_716,ES761000002044,LOC_1019,TP_5033,0
20001870,2024-01-22,PLT100423,+34600003910,user4775@ex.com,STREET_2285,SHOP_995,ES761000001424,LOC_823,TP_6799,0
20001869,2024-01-22,PLT105053,+34600003032,user1458@ex.com,STREET_1428,SHOP_799,ES761000001543,LOC_603,TP_5941,0
20001868,2024-01-22,PLT104662,+34600001485,user3681@ex.com,STREET_1949,SHOP_188,ES761000001080,LOC_1125,TP_7997,0
20001867,2024-01-22,PLT105228,+34600003703,user2308@ex.com,STREET_2485,SHOP_937,ES761000003885,LOC_345,TP_1396,0
20001866,2024-01-22,PLT106408,+34600000353,user970@ex.com,STREET_1777,SHOP_643,ES761000001144,LOC_130,TP_3027,0
20001865,2024-01-22,PLT102731,+34600000608,user620@ex.com,STREET_123,SHOP_708,ES761000001917,LOC_860,TP_3094,0
20001874,2024-01-22,PLT103125,+34600002319,user1200@ex.com,STREET_43,SHOP_405,ES761000000407,LOC_323,TP_5864,0
20001842,2024-01-22,PLT103766,+34600003278,user1216@ex.com,STREET_2589,SHOP_763,ES761000000815,LOC_445,TP_6266,1
20001840,2024-01-22,PLT105224,+34600002540,user4109@ex.com,STREET_978,SHOP_714,ES761000000404,LOC_586,TP_15,0
20001810,2024-01-22,PLT102731,+34600003417,user321@ex.com,STREET_2789,SHOP_95,ES761000001060,LOC_920,TP_6656,1
20001817,2024-01-22,PLT105714,+34600002914,user2212@ex.com,STREET_2681,SHOP_64,ES761000001692,LOC_456,TP_4202,0
20001815,2024-01-22,PLT102711,+34600002455,user4545@ex.com,STREET_87,SHOP_655,ES761000003616,LOC_184,TP_6961,0
20001814,2024-01-22,PLT104240,+34600001333,user2962@ex.com,STREET_799,SHOP_969,ES761000000146,LOC_965,TP_6882,0
20001813,2024-01-22,PLT102076,+34600003814,user483@ex.com,STREET_2619,SHOP_907,ES761000003200,LOC_898,TP_5067,0
20001812,2024-01-22,PLT100783,+34600002718,user3905@ex.com,STREET_1010,SHOP_272,ES761000001086,LOC_1028,TP_2851,0
20001811,2024-01-22,PLT105747,+34600003295,user3132@ex.com,STREET_1841,SHOP_841,ES761000003462,LOC_765,TP_6426,0
20001809,2024-01-22,PLT101144,+34600000520,user2267@ex.com,STREET_2023,SHOP_322,ES761000001647,LOC_2,TP_5624,0
20001808,2024-01-22,PLT104073,+34600002946,user3691@ex.com,STREET_1979,SHOP_428,ES761000002745,LOC_549,TP_5475,0
20001807,2024-01-22,PLT104914,+34600001546,user3190@ex.com,STREET_788,SHOP_481,ES761000003121,LOC_719,TP_297,0
20001806,2024-01-22,PLT105859,+34600002510,user4754@ex.com,STREET_1345,SHOP_873,ES761000003024,LOC_208,TP_5466,0
20001805,2024-01-22,PLT107165,+34600003853,user1092@ex.com,STREET_277,SHOP_839,ES761000003942,LOC_1039,TP_967,0
20001804,2024-01-22,PLT101206,+34600003986,user1148@ex.com,STREET_2030,SHOP_207,ES761000000168,LOC_942,TP_6261,0
20001803,2024-01-22,PLT105179,+34600000214,user3667@ex.com,STREET_2432,SHOP_777,ES761000001573,LOC_274,TP_5279,0
20001802,2024-01-22,PLT102023,+34600002953,user1128@ex.com,STREET_1185,SHOP_848,ES761000001631,LOC_1038,TP_5026,0
20001801,2024-01-22,PLT104289,+34600002902,user3921@ex.com,STREET_1739,SHOP_656,ES761000000619,LOC_488,TP_6351,1
20001800,2024-01-22,PLT102521,+34600003855,user783@ex.com,STREET_2,SHOP_385,ES761000000848,LOC_260,TP_639,0
20001841,2024-01-22,PLT100400,+34600003742,user4653@ex.com,STREET_2187,SHOP_712,ES761000002028,LOC_1173,TP_1450,0
20001818,2024-01-22,PLT107430,+34600000375,user512@ex.com,STREET_1374,SHOP_321,ES761000001116,LOC_87,TP_3051,0
20001819,2024-01-22,PLT100146,+34600003868,user1502@ex.com,STREET_1318,SHOP_256,ES761000001534,LOC_214,TP_6216,0
20001816,2024-01-22,PLT107396,+34600002221,user1269@ex.com,STREET_729,SHOP_139,ES761000003791,LOC_180,TP_7938,1
20001821,2024-01-22,PLT101599,+34600000325,user4298@ex.com,STREET_1740,SHOP_780,ES761000001271,LOC_939,TP_6964,0
20001839,2024-01-22,PLT105826,+34600001330,user1377@ex.com,STREET_1872,SHOP_490,ES761000003530,LOC_213,TP_3277,0
20001838,2024-01-22,PLT104495,+34600003815,user2838@ex.com,STREET_646,SHOP_581,ES761000002610,LOC_228,TP_7193,0
20001837,2024-01-22,PLT102372,+34600002255,user3551@ex.com,STREET_2951,SHOP_260,ES761000001340,LOC_1195,TP_3315,1
20001836,2024-01-22,PLT101069,+34600003998,user1436@ex.com,STREET_2764,SHOP_49,ES761000002219,LOC_1104,TP_6832,0
20001835,2024-01-22,PLT102128,+34600001091,user2948@ex.com,STREET_404,SHOP_205,ES761000000626,LOC_289,TP_7194,0
20001834,2024-01-22,PLT105214,+34600002962,user299@ex.com,STREET_2312,SHOP_120,ES761000001166,LOC_51,TP_1728,0
20001820,2024-01-22,PLT105137,+34600000912,user3480@ex.com,STREET_794,SHOP_80,ES761000002004,LOC_16,TP_1963,0
20001832,2024-01-22,PLT105859,+34600003127,user723@ex.com,STREET_321,SHOP_67,ES761000001217,LOC_709,TP_708,0
20001831,2024-01-22,PLT102292,+34600000818,user71@ex.com,STREET_2808,SHOP_176,ES761000003567,LOC_406,TP_6433,0
20001830,2024-01-22,PLT106793,+34600002379,user626@ex.com,STREET_248,SHOP_870,ES761000003401,LOC_888,TP_1589,0
20001833,2024-01-22,PLT107986,+34600003469,user4448@ex.com,STREET_2298,SHOP_951,ES761000003404,LOC_1028,TP_2038,0
20001822,2024-01-22,PLT106393,+34600000551,user2251@ex.com,STREET_926,SHOP_672,ES761000003212,LOC_1161,TP_2396,0
20001828,2024-01-22,PLT107247,+34600003244,user749@ex.com,STREET_2818,SHOP_284,ES761000003528,LOC_1026,TP_2788,0
20001827,2024-01-22,PLT101144,+34600003218,user946@ex.com,STREET_1812,SHOP_481,ES761000002831,LOC_968,TP_4978,0
20001826,2024-01-22,PLT105340,+34600000610,user2169@ex.com,STREET_2469,SHOP_10,ES761000000780,LOC_651,TP_7725,0
20001825,2024-01-22,PLT103100,+34600001312,user2099@ex.com,STREET_1028,SHOP_662,ES761000003408,LOC_942,TP_1906,0
20001824,2024-01-22,PLT107331,+34600003927,user304@ex.com,STREET_1575,SHOP_595,ES761000003327,LOC_816,TP_1781,0
20001823,2024-01-22,PLT105250,+34600001981,user3307@ex.com,STREET_681,SHOP_962,ES761000002208,LOC_1054,TP_5182,0
20001829,2024-01-22,PLT105284,+34600002290,user3570@ex.com,STREET_604,SHOP_64,ES761000002947,LOC_684,TP_4503,0
20001941,2024-01-23,PLT102372,+34600003633,user1420@ex.com,STREET_1844,SHOP_341,ES761000003306,LOC_381,TP_971,1
20001942,2024-01-23,PLT105554,+34600001613,user782@ex.com,STREET_660,SHOP_963,ES761000000344,LOC_551,TP_5166,0
20001943,2024-01-23,PLT102661,+34600003119,user2296@ex.com,STREET_1679,SHOP_878,ES761000002478,LOC_693,TP_5853,0
20001947,2024-01-23,PLT107570,+34600002328,user3380@ex.com,STREET_887,SHOP_909,ES761000001569,LOC_1114,TP_112,0
20001945,2024-01-23,PLT103759,+34600003290,user517@ex.com,STREET_2827,SHOP_547,ES761000002402,LOC_1196,TP_5363,0
20001946,2024-01-23,PLT104918,+34600002139,user3031@ex.com,STREET_1306,SHOP_131,ES761000000148,LOC_69,TP_1906,0
20001940,2024-01-23,PLT104932,+34600000259,user2741@ex.com,STREET_2911,SHOP_65,ES761000000463,LOC_337,TP_5820,0
20001944,2024-01-23,PLT102012,+34600001950,user4777@ex.com,STREET_2129,SHOP_845,ES761000000122,LOC_1033,TP_3075,0
20001939,2024-01-23,PLT105798,+34600003930,user344@ex.com,STREET_1125,SHOP_621,ES761000003373,LOC_1038,TP_3927,0
20001928,2024-01-23,PLT100713,+34600000307,user382@ex.com,STREET_1817,SHOP_939,ES761000001346,LOC_529,TP_6005,0
20001937,2024-01-23,PLT107837,+34600001646,user522@ex.com,STREET_1886,SHOP_234,ES761000003771,LOC_608,TP_7418,0
20001936,2024-01-23,PLT102482,+34600003278,user3029@ex.com,STREET_1750,SHOP_900,ES761000003195,LOC_469,TP_6466,0
20001935,2024-01-23,PLT105224,+34600002374,user4291@ex.com,STREET_813,SHOP_884,ES761000002461,LOC_1040,TP_4782,0
20001934,2024-01-23,PLT100529,+34600000125,user2402@ex.com,STREET_1707,SHOP_221,ES761000001527,LOC_634,TP_7486,0
20001933,2024-01-23,PLT107542,+34600003824,user3119@ex.com,STREET_1780,SHOP_502,ES761000000406,LOC_251,TP_7920,0
20001932,2024-01-23,PLT105379,+34600000998,user1966@ex.com,STREET_2999,SHOP_77,ES761000000356,LOC_172,TP_2778,0
20001931,2024-01-23,PLT107071,+34600003174,user4112@ex.com,STREET_887,SHOP_792,ES761000002519,LOC_603,TP_3029,0
20001930,2024-01-23,PLT102354,+34600000246,user3450@ex.com,STREET_172,SHOP_830,ES761000001378,LOC_760,TP_5456,0
20001948,2024-01-23,PLT102384,+34600003771,user649@ex.com,STREET_2479,SHOP_462,ES761000000236,LOC_1088,TP_3147,0
20001938,2024-01-23,PLT101239,+34600001520,user4321@ex.com,STREET_2670,SHOP_73,ES761000002882,LOC_294,TP_2263,0
20001949,2024-01-23,PLT102347,+34600002025,user2650@ex.com,STREET_716,SHOP_623,ES761000003378,LOC_975,TP_1978,0
20001970,2024-01-23,PLT101174,+34600000103,user3410@ex.com,STREET_2329,SHOP_374,ES761000000344,LOC_920,TP_3007,0
20001951,2024-01-23,PLT100789,+34600002011,user3810@ex.com,STREET_245,SHOP_398,ES761000001510,LOC_536,TP_181,0
20001969,2024-01-23,PLT102811,+34600002316,user1184@ex.com,STREET_1476,SHOP_603,ES761000003354,LOC_92,TP_3228,0
20001968,2024-01-23,PLT104325,+34600003958,user2697@ex.com,STREET_62,SHOP_346,ES761000003962,LOC_634,TP_6640,0
20001967,2024-01-23,PLT100486,+34600002241,user3191@ex.com,STREET_1179,SHOP_517,ES761000000177,LOC_803,TP_5928,0
20001966,2024-01-23,PLT105141,+34600001974,user3028@ex.com,STREET_2092,SHOP_118,ES761000002000,LOC_1196,TP_7921,0
20001965,2024-01-23,PLT102935,+34600002058,user272@ex.com,STREET_107,SHOP_466,ES761000001484,LOC_348,TP_7079,0
20001964,2024-01-23,PLT104066,+34600002352,user3336@ex.com,STREET_967,SHOP_991,ES761000002886,LOC_537,TP_6281,0
20001963,2024-01-23,PLT102502,+34600000802,user3955@ex.com,STREET_1034,SHOP_464,ES761000003379,LOC_224,TP_33,0
20001962,2024-01-23,PLT102350,+34600000597,user2828@ex.com,STREET_2894,SHOP_304,ES761000003022,LOC_822,TP_5799,0
20001950,2024-01-23,PLT103693,+34600002467,user1488@ex.com,STREET_2556,SHOP_846,ES761000003512,LOC_708,TP_5015,0
20001961,2024-01-23,PLT103417,+34600003368,user4292@ex.com,STREET_32,SHOP_488,ES761000003390,LOC_747,TP_7103,1
20001959,2024-01-23,PLT104653,+34600001011,user4183@ex.com,STREET_2690,SHOP_935,ES761000002189,LOC_883,TP_5836,0
20001958,2024-01-23,PLT102064,+34600003900,user4603@ex.com,STREET_1727,SHOP_939,ES761000001625,LOC_211,TP_2607,0
20001957,2024-01-23,PLT102384,+34600002703,user1624@ex.com,STREET_2248,SHOP_496,ES761000000328,LOC_1056,TP_3024,0
20001956,2024-01-23,PLT107581,+34600003874,user4268@ex.com,STREET_2479,SHOP_734,ES761000003935,LOC_892,TP_7482,0
20001955,2024-01-23,PLT104535,+34600000285,user3608@ex.com,STREET_806,SHOP_426,ES761000000894,LOC_1109,TP_7631,0
20001954,2024-01-23,PLT104529,+34600003046,user4309@ex.com,STREET_202,SHOP_903,ES761000003106,LOC_560,TP_4548,0
20001953,2024-01-23,PLT106440,+34600003259,user353@ex.com,STREET_2035,SHOP_379,ES761000001446,LOC_455,TP_1266,0
20001952,2024-01-23,PLT107165,+34600001786,user2455@ex.com,STREET_1236,SHOP_777,ES761000003483,LOC_195,TP_842,0
20001960,2024-01-23,PLT106014,+34600000305,user4892@ex.com,STREET_1747,SHOP_964,ES761000003107,LOC_679,TP_5971,0
20001927,2024-01-23,PLT101317,+34600003737,user571@ex.com,STREET_856,SHOP_206,ES761000001075,LOC_379,TP_6795,0
20001929,2024-01-23,PLT101215,+34600000794,user630@ex.com,STREET_602,SHOP_2,ES761000001305,LOC_236,TP_1471,0
20001925,2024-01-23,PLT106345,+34600002906,user350@ex.com,STREET_1611,SHOP_643,ES761000003519,LOC_75,TP_4916,1
20001901,2024-01-23,PLT106278,+34600000897,user1729@ex.com,STREET_1424,SHOP_55,ES761000001299,LOC_751,TP_1222,0
20001900,2024-01-23,PLT101235,+34600000083,user3116@ex.com,STREET_1332,SHOP_5,ES761000001925,LOC_604,TP_5417,1
20001899,2024-01-23,PLT100614,+34600003604,user570@ex.com,STREET_2002,SHOP_48,ES761000002598,LOC_1181,TP_4169,0
20001898,2024-01-23,PLT102550,+34600000556,user4478@ex.com,STREET_1933,SHOP_153,ES761000000917,LOC_984,TP_5746,0
20001897,2024-01-23,PLT107949,+34600000405,user537@ex.com,STREET_2378,SHOP_874,ES761000001448,LOC_1003,TP_4850,0
20001896,2024-01-23,PLT100167,+34600002886,user2018@ex.com,STREET_2623,SHOP_287,ES761000001438,LOC_1160,TP_1164,1
20001895,2024-01-23,PLT103071,+34600001371,user3387@ex.com,STREET_840,SHOP_346,ES761000003423,LOC_212,TP_7749,0
20001893,2024-01-23,PLT106345,+34600001437,user107@ex.com,STREET_11,SHOP_852,ES761000000896,LOC_982,TP_3709,0
20001892,2024-01-23,PLT106783,+34600002385,user318@ex.com,STREET_1759,SHOP_258,ES761000000883,LOC_945,TP_1563,0
20001891,2024-01-23,PLT102341,+34600003397,user706@ex.com,STREET_2700,SHOP_531,ES761000002963,LOC_248,TP_7966,0
20001890,2024-01-23,PLT102545,+34600001728,user4777@ex.com,STREET_2000,SHOP_591,ES761000000455,LOC_245,TP_4570,0
20001889,2024-01-23,PLT107528,+34600002744,user3209@ex.com,STREET_2212,SHOP_521,ES761000001752,LOC_522,TP_6226,0
20001888,2024-01-23,PLT107242,+34600001427,user3859@ex.com,STREET_969,SHOP_170,ES761000003867,LOC_852,TP_179,0
20001887,2024-01-23,PLT103656,+34600000017,user532@ex.com,STREET_2703,SHOP_675,ES761000003223,LOC_1006,TP_3522,0
20001886,2024-01-23,PLT106014,+34600002778,user4870@ex.com,STREET_2213,SHOP_859,ES761000003823,LOC_1086,TP_1796,0
20001885,2024-01-23,PLT106614,+34600003975,user520@ex.com,STREET_2857,SHOP_482,ES761000002096,LOC_85,TP_2948,0
20001884,2024-01-23,PLT102675,+34600002607,user170@ex.com,STREET_1006,SHOP_59,ES761000002274,LOC_1083,TP_7838,1
20001883,2024-01-23,PLT107056,+34600001395,user4982@ex.com,STREET_1132,SHOP_105,ES761000002746,LOC_1177,TP_942,0
20001926,2024-01-23,PLT102933,+34600001242,user37@ex.com,STREET_1157,SHOP_918,ES761000000486,LOC_738,TP_6006,0
20001902,2024-01-23,PLT102675,+34600002585,user1709@ex.com,STREET_2150,SHOP_238,ES761000003548,LOC_762,TP_1277,0
20001903,2024-01-23,PLT105441,+34600002223,user4977@ex.com,STREET_492,SHOP_979,ES761000001575,LOC_486,TP_6369,0
20001894,2024-01-23,PLT102954,+34600002443,user4273@ex.com,STREET_712,SHOP_716,ES761000000964,LOC_412,TP_141,0
20001905,2024-01-23,PLT106185,+34600001400,user1351@ex.com,STREET_945,SHOP_126,ES761000002873,LOC_1119,TP_2294,0
20001924,2024-01-23,PLT100355,+34600003982,user2629@ex.com,STREET_2450,SHOP_460,ES761000003233,LOC_858,TP_1316,0
20001904,2024-01-23,PLT107396,+34600001937,user876@ex.com,STREET_1042,SHOP_746,ES761000000201,LOC_192,TP_6776,0
20001923,2024-01-23,PLT105368,+34600000457,user3230@ex.com,STREET_415,SHOP_419,ES761000002450,LOC_271,TP_1968,1
20001922,2024-01-23,PLT105364,+34600003485,user4143@ex.com,STREET_1208,SHOP_400,ES761000003116,LOC_585,TP_6354,0
20001921,2024-01-23,PLT102073,+34600003953,user4127@ex.com,STREET_1976,SHOP_414,ES761000003772,LOC_723,TP_316,1
20001920,2024-01-23,PLT103197,+34600002555,user3450@ex.com,STREET_2462,SHOP_257,ES761000000104,LOC_821,TP_7337,0
20001919,2024-01-23,PLT104668,+34600003655,user3092@ex.com,STREET_2875,SHOP_149,ES761000003146,LOC_176,TP_7750,0
20001917,2024-01-23,PLT102292,+34600001901,user444@ex.com,STREET_1019,SHOP_117,ES761000003030,LOC_820,TP_5637,0
20001916,2024-01-23,PLT104753,+34600000550,user4407@ex.com,STREET_2375,SHOP_742,ES761000003600,LOC_311,TP_932,0
20001915,2024-01-23,PLT102661,+34600001663,user4564@ex.com,STREET_2921,SHOP_669,ES761000002691,LOC_808,TP_6425,0
20001918,2024-01-23,PLT105228,+34600002825,user343@ex.com,STREET_1077,SHOP_531,ES761000002149,LOC_1196,TP_5787,0
20001907,2024-01-23,PLT104066,+34600002740,user2243@ex.com,STREET_190,SHOP_419,ES761000003458,LOC_499,TP_2870,0
20001913,2024-01-23,PLT102909,+34600001289,user1851@ex.com,STREET_1197,SHOP_761,ES761000000217,LOC_44,TP_3315,0
20001912,2024-01-23,PLT105558,+34600001592,user4227@ex.com,STREET_2378,SHOP_476,ES761000002909,LOC_199,TP_6634,0
20001911,2024-01-23,PLT102835,+34600000275,user3172@ex.com,STREET_2356,SHOP_812,ES761000001917,LOC_799,TP_386,1
20001910,2024-01-23,PLT105699,+34600000215,user2485@ex.com,STREET_2910,SHOP_8,ES761000001081,LOC_669,TP_52,0
20001909,2024-01-23,PLT105057,+34600000399,user3120@ex.com,STREET_2495,SHOP_53,ES761000000722,LOC_307,TP_6018,0
20001908,2024-01-23,PLT105525,+34600003848,user3780@ex.com,STREET_2610,SHOP_352,ES761000003791,LOC_71,TP_1911,0
20001914,2024-01-23,PLT104170,+34600003049,user2975@ex.com,STREET_1690,SHOP_505,ES761000001898,LOC_462,TP_4767,0
20001906,2024-01-23,PLT104990,+34600002749,user52@ex.com,STREET_2653,SHOP_475,ES761000003631,LOC_1084,TP_2943,0
20002029,2024-01-24,PLT101692,+34600003484,user4423@ex.com,STREET_1422,SHOP_918,ES761000001200,LOC_84,TP_3527,0
20002030,2024-01-24,PLT102922,+34600001150,user3501@ex.com,STREET_393,SHOP_341,ES761000001258,LOC_841,TP_4031,0
20002031,2024-01-24,PLT104215,+34600002211,user3489@ex.com,STREET_2231,SHOP_749,ES761000002671,LOC_1182,TP_7038,0
20002035,2024-01-24,PLT105714,+34600003443,user3598@ex.com,STREET_159,SHOP_373,ES761000000375,LOC_647,TP_7444,0
20002033,2024-01-24,PLT103870,+34600001646,user844@ex.com,STREET_836,SHOP_551,ES761000003086,LOC_307,TP_6224,1
20002034,2024-01-24,PLT101446,+34600000605,user3695@ex.com,STREET_674,SHOP_547,ES761000001343,LOC_967,TP_2636,0
20002028,2024-01-24,PLT102550,+34600002955,user4892@ex.com,STREET_2826,SHOP_782,ES761000000585,LOC_664,TP_7523,0
20002032,2024-01-24,PLT104018,+34600002596,user3027@ex.com,STREET_469,SHOP_775,ES761000003003,LOC_402,TP_1577,0
20002027,2024-01-24,PLT103797,+34600003118,user1305@ex.com,STREET_1115,SHOP_902,ES761000001446,LOC_1185,TP_5862,0
20002017,2024-01-24,PLT102257,+34600001499,user3289@ex.com,STREET_1322,SHOP_591,ES761000000126,LOC_665,TP_6762,0
20002025,2024-01-24,PLT107184,+34600002005,user3216@ex.com,STREET_50,SHOP_856,ES761000002997,LOC_1009,TP_1820,0
20002024,2024-01-24,PLT107754,+34600003184,user1740@ex.com,STREET_1453,SHOP_983,ES761000001933,LOC_952,TP_7926,0
20002023,2024-01-24,PLT103477,+34600001164,user4735@ex.com,STREET_348,SHOP_445,ES761000001666,LOC_1004,TP_3967,0
20002022,2024-01-24,PLT102023,+34600002066,user3317@ex.com,STREET_337,SHOP_875,ES761000000303,LOC_877,TP_2351,0
20002021,2024-01-24,PLT101217,+34600000249,user4507@ex.com,STREET_1028,SHOP_950,ES761000000357,LOC_949,TP_3611,1
20002020,2024-01-24,PLT103350,+34600002178,user1877@ex.com,STREET_315,SHOP_872,ES761000001490,LOC_64,TP_7025,0
20002019,2024-01-24,PLT100910,+34600002315,user4026@ex.com,STREET_2415,SHOP_971,ES761000002345,LOC_462,TP_7597,0
20002018,2024-01-24,PLT103702,+34600003545,user3218@ex.com,STREET_2842,SHOP_786,ES761000002131,LOC_561,TP_2828,0
20002036,2024-01-24,PLT104141,+34600002268,user3838@ex.com,STREET_43,SHOP_492,ES761000003225,LOC_194,TP_7489,0
20002026,2024-01-24,PLT100673,+34600000857,user723@ex.com,STREET_471,SHOP_123,ES761000003245,LOC_1080,TP_2980,0
20002037,2024-01-24,PLT101510,+34600000255,user1922@ex.com,STREET_2458,SHOP_886,ES761000000080,LOC_91,TP_7904,0
20002059,2024-01-24,PLT101446,+34600001465,user2089@ex.com,STREET_2299,SHOP_523,ES761000003857,LOC_96,TP_541,0
20002039,2024-01-24,PLT104322,+34600001368,user3806@ex.com,STREET_2954,SHOP_663,ES761000003700,LOC_522,TP_5454,0
20002060,2024-01-24,PLT104877,+34600001487,user2070@ex.com,STREET_2933,SHOP_199,ES761000003374,LOC_592,TP_6804,0
20002058,2024-01-24,PLT100068,+34600000125,user4404@ex.com,STREET_668,SHOP_285,ES761000003214,LOC_391,TP_253,0
20002057,2024-01-24,PLT103917,+34600001110,user4794@ex.com,STREET_429,SHOP_77,ES761000003270,LOC_651,TP_627,0
20002056,2024-01-24,PLT101700,+34600002508,user1160@ex.com,STREET_691,SHOP_41,ES761000001616,LOC_951,TP_4023,0
20002055,2024-01-24,PLT107452,+34600002795,user3456@ex.com,STREET_196,SHOP_221,ES761000003339,LOC_832,TP_1755,0
20002054,2024-01-24,PLT100428,+34600002530,user1626@ex.com,STREET_2367,SHOP_625,ES761000003855,LOC_650,TP_3380,0
20002053,2024-01-24,PLT101436,+34600001266,user1149@ex.com,STREET_2505,SHOP_695,ES761000001833,LOC_1139,TP_1967,0
20002052,2024-01-24,PLT101414,+34600002150,user2878@ex.com,STREET_2559,SHOP_110,ES761000000408,LOC_557,TP_4403,0
20002051,2024-01-24,PLT101168,+34600003249,user4075@ex.com,STREET_555,SHOP_147,ES761000002336,LOC_274,TP_152,1
20002038,2024-01-24,PLT102922,+34600003029,user2053@ex.com,STREET_2411,SHOP_124,ES761000002899,LOC_552,TP_2343,0
20002050,2024-01-24,PLT101435,+34600002136,user4692@ex.com,STREET_497,SHOP_752,ES761000002812,LOC_1064,TP_4329,0
20002048,2024-01-24,PLT102851,+34600002101,user2202@ex.com,STREET_2769,SHOP_241,ES761000001849,LOC_1197,TP_2012,0
20002047,2024-01-24,PLT101178,+34600001406,user46@ex.com,STREET_1888,SHOP_87,ES761000002060,LOC_52,TP_7805,0
20002046,2024-01-24,PLT106185,+34600003879,user1843@ex.com,STREET_2743,SHOP_121,ES761000002864,LOC_487,TP_6235,0
20002045,2024-01-24,PLT105250,+34600001261,user3770@ex.com,STREET_2453,SHOP_438,ES761000002092,LOC_838,TP_1196,0
20002044,2024-01-24,PLT104248,+34600003381,user4924@ex.com,STREET_1542,SHOP_932,ES761000002496,LOC_514,TP_598,0
20002043,2024-01-24,PLT100392,+34600001216,user1217@ex.com,STREET_35,SHOP_464,ES761000000999,LOC_322,TP_5959,0
20002042,2024-01-24,PLT107037,+34600001952,user428@ex.com,STREET_2022,SHOP_455,ES761000002352,LOC_275,TP_2758,1
20002041,2024-01-24,PLT100470,+34600000418,user4385@ex.com,STREET_509,SHOP_665,ES761000003431,LOC_858,TP_6176,0
20002040,2024-01-24,PLT101972,+34600002920,user457@ex.com,STREET_334,SHOP_542,ES761000003809,LOC_326,TP_3653,0
20002049,2024-01-24,PLT103564,+34600001771,user738@ex.com,STREET_100,SHOP_397,ES761000001699,LOC_781,TP_1883,0
20002016,2024-01-24,PLT104256,+34600003368,user935@ex.com,STREET_1828,SHOP_367,ES761000001648,LOC_639,TP_4770,1
20002014,2024-01-24,PLT104569,+34600002003,user3729@ex.com,STREET_1937,SHOP_538,ES761000000943,LOC_487,TP_436,0
20002013,2024-01-24,PLT102124,+34600003432,user1762@ex.com,STREET_1465,SHOP_57,ES761000003827,LOC_742,TP_6937,0
20001989,2024-01-24,PLT100980,+34600003100,user2036@ex.com,STREET_2936,SHOP_695,ES761000003079,LOC_1073,TP_7937,0
20001988,2024-01-24,PLT102811,+34600002634,user1805@ex.com,STREET_1982,SHOP_830,ES761000002246,LOC_1043,TP_4082,0
20001987,2024-01-24,PLT106959,+34600002684,user4860@ex.com,STREET_2590,SHOP_928,ES761000002188,LOC_1152,TP_4879,0
20001986,2024-01-24,PLT102502,+34600001180,user3331@ex.com,STREET_561,SHOP_168,ES761000002172,LOC_935,TP_3159,0
20001985,2024-01-24,PLT101526,+34600001320,user1617@ex.com,STREET_426,SHOP_77,ES761000002487,LOC_1041,TP_4159,0
20001984,2024-01-24,PLT104990,+34600002384,user2954@ex.com,STREET_190,SHOP_656,ES761000002998,LOC_242,TP_4124,0
20001983,2024-01-24,PLT102515,+34600000064,user4309@ex.com,STREET_32,SHOP_701,ES761000002394,LOC_637,TP_3399,0
20001982,2024-01-24,PLT102604,+34600003693,user4882@ex.com,STREET_2973,SHOP_255,ES761000003673,LOC_1157,TP_5956,0
20001981,2024-01-24,PLT100174,+34600003114,user4663@ex.com,STREET_2031,SHOP_487,ES761000003231,LOC_394,TP_5188,0
20001980,2024-01-24,PLT106003,+34600000087,user1848@ex.com,STREET_1899,SHOP_533,ES761000003764,LOC_909,TP_5107,0
20001979,2024-01-24,PLT101069,+34600003998,user4198@ex.com,STREET_2360,SHOP_835,ES761000001125,LOC_76,TP_2269,0
20001978,2024-01-24,PLT104273,+34600001139,user875@ex.com,STREET_692,SHOP_900,ES761000000421,LOC_987,TP_1245,0
20001977,2024-01-24,PLT104284,+34600003895,user149@ex.com,STREET_2844,SHOP_82,ES761000002113,LOC_407,TP_5358,0
20001976,2024-01-24,PLT102431,+34600001976,user12@ex.com,STREET_1836,SHOP_870,ES761000001805,LOC_820,TP_5462,0
20001975,2024-01-24,PLT104184,+34600001150,user1678@ex.com,STREET_1261,SHOP_866,ES761000000924,LOC_423,TP_3983,0
20001974,2024-01-24,PLT104113,+34600001985,user4926@ex.com,STREET_782,SHOP_893,ES761000003412,LOC_79,TP_6715,0
20001973,2024-01-24,PLT105931,+34600001922,user2743@ex.com,STREET_530,SHOP_914,ES761000002548,LOC_516,TP_7460,0
20001972,2024-01-24,PLT102198,+34600001716,user2723@ex.com,STREET_1022,SHOP_42,ES761000003973,LOC_947,TP_3477,0
20002015,2024-01-24,PLT103545,+34600000954,user3818@ex.com,STREET_2163,SHOP_856,ES761000000359,LOC_557,TP_7310,0
20001990,2024-01-24,PLT107396,+34600001850,user1586@ex.com,STREET_1618,SHOP_282,ES761000003572,LOC_779,TP_746,1
20001991,2024-01-24,PLT103328,+34600001897,user4184@ex.com,STREET_861,SHOP_979,ES761000001867,LOC_996,TP_6711,0
20001971,2024-01-24,PLT104249,+34600000557,user4560@ex.com,STREET_474,SHOP_475,ES761000001183,LOC_185,TP_7038,0
20001993,2024-01-24,PLT105160,+34600000582,user828@ex.com,STREET_479,SHOP_184,ES761000002436,LOC_228,TP_195,0
20002012,2024-01-24,PLT101895,+34600001912,user1823@ex.com,STREET_778,SHOP_341,ES761000002697,LOC_40,TP_4763,0
20002011,2024-01-24,PLT102323,+34600002854,user4403@ex.com,STREET_916,SHOP_922,ES761000003842,LOC_957,TP_5640,0
20002010,2024-01-24,PLT106882,+34600000834,user1146@ex.com,STREET_107,SHOP_353,ES761000002238,LOC_291,TP_3205,1
20002009,2024-01-24,PLT100975,+34600000443,user4661@ex.com,STREET_606,SHOP_125,ES761000002678,LOC_16,TP_905,0
20002008,2024-01-24,PLT103693,+34600000155,user701@ex.com,STREET_1872,SHOP_506,ES761000000255,LOC_1108,TP_2555,1
20001992,2024-01-24,PLT106003,+34600002729,user3868@ex.com,STREET_1396,SHOP_666,ES761000001227,LOC_460,TP_3874,0
20002006,2024-01-24,PLT101309,+34600000356,user3288@ex.com,STREET_1279,SHOP_454,ES761000001623,LOC_390,TP_5480,1
20002005,2024-01-24,PLT102834,+34600001973,user3446@ex.com,STREET_2385,SHOP_173,ES761000000456,LOC_659,TP_3857,1
20002004,2024-01-24,PLT104055,+34600003133,user1820@ex.com,STREET_2343,SHOP_292,ES761000003711,LOC_336,TP_2957,0
20002007,2024-01-24,PLT106089,+34600000621,user4951@ex.com,STREET_2473,SHOP_620,ES761000001933,LOC_818,TP_4412,0
20002002,2024-01-24,PLT106446,+34600000683,user818@ex.com,STREET_527,SHOP_55,ES761000003236,LOC_380,TP_623,0
20002003,2024-01-24,PLT104007,+34600003516,user620@ex.com,STREET_700,SHOP_681,ES761000002838,LOC_86,TP_4811,0
20001995,2024-01-24,PLT107807,+34600000979,user2370@ex.com,STREET_2691,SHOP_562,ES761000000582,LOC_300,TP_5768,0
20001996,2024-01-24,PLT106937,+34600003335,user430@ex.com,STREET_2672,SHOP_979,ES761000003213,LOC_468,TP_624,0
20001997,2024-01-24,PLT100630,+34600003639,user4449@ex.com,STREET_2725,SHOP_797,ES761000002239,LOC_719,TP_6236,0
20001994,2024-01-24,PLT102818,+34600003932,user3104@ex.com,STREET_2571,SHOP_529,ES761000002425,LOC_486,TP_2569,0
20001999,2024-01-24,PLT101620,+34600003916,user3397@ex.com,STREET_324,SHOP_346,ES761000002268,LOC_276,TP_7118,0
20002000,2024-01-24,PLT103177,+34600001404,user806@ex.com,STREET_972,SHOP_85,ES761000002013,LOC_304,TP_2542,0
20002001,2024-01-24,PLT100513,+34600003721,user1005@ex.com,STREET_2118,SHOP_996,ES761000003954,LOC_1089,TP_5046,0
20001998,2024-01-24,PLT103581,+34600002719,user3339@ex.com,STREET_1409,SHOP_777,ES761000002015,LOC_743,TP_997,0
20002123,2024-01-25,PLT106952,+34600000744,user3463@ex.com,STREET_2114,SHOP_523,ES761000003407,LOC_25,TP_1417,0
20002122,2024-01-25,PLT104654,+34600000982,user4318@ex.com,STREET_1265,SHOP_729,ES761000001639,LOC_193,TP_791,0
20002121,2024-01-25,PLT100926,+34600001870,user2484@ex.com,STREET_563,SHOP_932,ES761000003260,LOC_317,TP_6876,1
20002120,2024-01-25,PLT102879,+34600003294,user2674@ex.com,STREET_324,SHOP_296,ES761000000591,LOC_1164,TP_7522,0
20002119,2024-01-25,PLT107895,+34600001259,user4026@ex.com,STREET_2397,SHOP_149,ES761000000406,LOC_665,TP_702,0
20002118,2024-01-25,PLT105142,+34600002883,user2420@ex.com,STREET_455,SHOP_591,ES761000001424,LOC_49,TP_3510,0
20002117,2024-01-25,PLT101895,+34600003309,user1066@ex.com,STREET_1787,SHOP_643,ES761000003522,LOC_725,TP_5003,0
20002116,2024-01-25,PLT100797,+34600000673,user765@ex.com,STREET_110,SHOP_494,ES761000001107,LOC_1189,TP_994,0
20002106,2024-01-25,PLT105913,+34600001774,user663@ex.com,STREET_2990,SHOP_91,ES761000001544,LOC_560,TP_2074,0
20002114,2024-01-25,PLT105442,+34600003548,user3863@ex.com,STREET_23,SHOP_739,ES761000001132,LOC_403,TP_4685,1
20002113,2024-01-25,PLT100400,+34600000456,user1541@ex.com,STREET_1805,SHOP_126,ES761000001039,LOC_359,TP_1462,0
20002112,2024-01-25,PLT105655,+34600003744,user2032@ex.com,STREET_2139,SHOP_95,ES761000001679,LOC_1154,TP_6808,0
20002111,2024-01-25,PLT105038,+34600000083,user3231@ex.com,STREET_2147,SHOP_304,ES761000001352,LOC_276,TP_6212,0
20002110,2024-01-25,PLT101597,+34600001870,user1624@ex.com,STREET_591,SHOP_927,ES761000001219,LOC_647,TP_4198,0
20002109,2024-01-25,PLT102141,+34600001584,user1790@ex.com,STREET_1727,SHOP_381,ES761000001757,LOC_318,TP_6406,0
20002108,2024-01-25,PLT104511,+34600001888,user3293@ex.com,STREET_1794,SHOP_522,ES761000001644,LOC_620,TP_4574,0
20002107,2024-01-25,PLT100687,+34600000296,user4759@ex.com,STREET_1616,SHOP_489,ES761000001464,LOC_499,TP_6257,0
20002124,2024-01-25,PLT104257,+34600003260,user4427@ex.com,STREET_2313,SHOP_779,ES761000002067,LOC_575,TP_6341,0
20002115,2024-01-25,PLT104537,+34600001941,user258@ex.com,STREET_2451,SHOP_94,ES761000001908,LOC_583,TP_6986,0
20002125,2024-01-25,PLT101774,+34600002013,user1372@ex.com,STREET_1233,SHOP_460,ES761000002952,LOC_341,TP_5252,0
20002135,2024-01-25,PLT100392,+34600002162,user2760@ex.com,STREET_2975,SHOP_934,ES761000000929,LOC_511,TP_4789,0
20002127,2024-01-25,PLT104350,+34600000407,user4203@ex.com,STREET_1852,SHOP_879,ES761000003145,LOC_38,TP_4987,0
20002105,2024-01-25,PLT104550,+34600001028,user4681@ex.com,STREET_839,SHOP_764,ES761000000698,LOC_576,TP_2121,0
20002144,2024-01-25,PLT107257,+34600001662,user3285@ex.com,STREET_878,SHOP_170,ES761000003472,LOC_776,TP_2861,0
20002143,2024-01-25,PLT102886,+34600002889,user2131@ex.com,STREET_847,SHOP_895,ES761000000972,LOC_193,TP_6638,0
20002142,2024-01-25,PLT105814,+34600002949,user3789@ex.com,STREET_73,SHOP_685,ES761000002549,LOC_152,TP_4496,0
20002141,2024-01-25,PLT102600,+34600001949,user1221@ex.com,STREET_1769,SHOP_446,ES761000003550,LOC_1174,TP_7719,0
20002145,2024-01-25,PLT103996,+34600000543,user3774@ex.com,STREET_2320,SHOP_695,ES761000001219,LOC_397,TP_3989,0
20002140,2024-01-25,PLT102550,+34600002878,user227@ex.com,STREET_111,SHOP_11,ES761000003755,LOC_776,TP_5324,0
20002139,2024-01-25,PLT104305,+34600000126,user432@ex.com,STREET_1223,SHOP_986,ES761000003807,LOC_177,TP_4582,0
20002126,2024-01-25,PLT107698,+34600003409,user4764@ex.com,STREET_2046,SHOP_15,ES761000003923,LOC_489,TP_7650,0
20002138,2024-01-25,PLT104256,+34600002582,user4361@ex.com,STREET_260,SHOP_772,ES761000000808,LOC_414,TP_6406,0
20002136,2024-01-25,PLT100428,+34600000571,user2766@ex.com,STREET_2262,SHOP_714,ES761000002925,LOC_123,TP_6245,0
20002134,2024-01-25,PLT107158,+34600003096,user4190@ex.com,STREET_2553,SHOP_529,ES761000000849,LOC_782,TP_3662,0
20002133,2024-01-25,PLT105224,+34600000002,user3730@ex.com,STREET_525,SHOP_73,ES761000001748,LOC_669,TP_4144,1
20002132,2024-01-25,PLT102846,+34600002277,user2312@ex.com,STREET_1030,SHOP_976,ES761000002384,LOC_496,TP_7115,0
20002131,2024-01-25,PLT106014,+34600003754,user2356@ex.com,STREET_2315,SHOP_353,ES761000001292,LOC_485,TP_5091,1
20002130,2024-01-25,PLT101945,+34600002627,user4496@ex.com,STREET_2479,SHOP_46,ES761000001940,LOC_448,TP_3776,0
20002129,2024-01-25,PLT100641,+34600003151,user2602@ex.com,STREET_2436,SHOP_523,ES761000003792,LOC_1141,TP_3964,0
20002128,2024-01-25,PLT100867,+34600001698,user4626@ex.com,STREET_5,SHOP_943,ES761000002183,LOC_951,TP_203,0
20002137,2024-01-25,PLT103256,+34600002973,user4924@ex.com,STREET_1637,SHOP_223,ES761000002613,LOC_407,TP_2363,0
20002104,2024-01-25,PLT104141,+34600002452,user1327@ex.com,STREET_1939,SHOP_738,ES761000000995,LOC_1049,TP_6766,0
20002065,2024-01-25,PLT101812,+34600002249,user4810@ex.com,STREET_2378,SHOP_823,ES761000000465,LOC_633,TP_6240,0
20002102,2024-01-25,PLT103152,+34600002810,user1507@ex.com,STREET_391,SHOP_121,ES761000003572,LOC_183,TP_486,0
20002079,2024-01-25,PLT100322,+34600001019,user1871@ex.com,STREET_2284,SHOP_631,ES761000001020,LOC_247,TP_6467,0
20002078,2024-01-25,PLT106476,+34600002565,user222@ex.com,STREET_463,SHOP_419,ES761000003960,LOC_542,TP_7145,0
20002077,2024-01-25,PLT100425,+34600001267,user313@ex.com,STREET_1664,SHOP_350,ES761000000686,LOC_656,TP_5094,0
20002076,2024-01-25,PLT102826,+34600000639,user3615@ex.com,STREET_612,SHOP_80,ES761000002554,LOC_242,TP_5126,0
20002075,2024-01-25,PLT107618,+34600002478,user137@ex.com,STREET_1227,SHOP_627,ES761000003581,LOC_307,TP_5564,0
20002074,2024-01-25,PLT105920,+34600001967,user2248@ex.com,STREET_1254,SHOP_835,ES761000001554,LOC_264,TP_2234,1
20002073,2024-01-25,PLT105379,+34600003281,user4249@ex.com,STREET_1620,SHOP_501,ES761000000803,LOC_1146,TP_7032,0
20002072,2024-01-25,PLT104078,+34600000371,user3657@ex.com,STREET_2845,SHOP_739,ES761000000265,LOC_1056,TP_1026,0
20002080,2024-01-25,PLT100392,+34600000672,user2213@ex.com,STREET_490,SHOP_829,ES761000001888,LOC_174,TP_2817,0
20002071,2024-01-25,PLT103428,+34600001691,user4247@ex.com,STREET_1819,SHOP_188,ES761000003470,LOC_939,TP_6453,0
20002069,2024-01-25,PLT100039,+34600001278,user4394@ex.com,STREET_2121,SHOP_954,ES761000003455,LOC_104,TP_315,1
20002068,2024-01-25,PLT104813,+34600002147,user2961@ex.com,STREET_2177,SHOP_421,ES761000000833,LOC_564,TP_6657,0
20002067,2024-01-25,PLT102521,+34600002711,user1213@ex.com,STREET_1502,SHOP_645,ES761000002863,LOC_434,TP_2433,1
20002066,2024-01-25,PLT101446,+34600002163,user2343@ex.com,STREET_2638,SHOP_729,ES761000000756,LOC_566,TP_1882,0
20002064,2024-01-25,PLT101005,+34600003367,user1076@ex.com,STREET_2526,SHOP_945,ES761000001918,LOC_103,TP_7169,0
20002063,2024-01-25,PLT105516,+34600001741,user1558@ex.com,STREET_925,SHOP_494,ES761000003761,LOC_1116,TP_2262,0
20002061,2024-01-25,PLT102055,+34600002023,user800@ex.com,STREET_1211,SHOP_230,ES761000001159,LOC_668,TP_1263,0
20002103,2024-01-25,PLT105714,+34600002681,user1088@ex.com,STREET_2901,SHOP_136,ES761000003292,LOC_633,TP_842,0
20002070,2024-01-25,PLT104256,+34600001317,user877@ex.com,STREET_2830,SHOP_720,ES761000003784,LOC_936,TP_3755,1
20002081,2024-01-25,PLT103064,+34600001233,user3271@ex.com,STREET_169,SHOP_85,ES761000002416,LOC_679,TP_7461,0
20002062,2024-01-25,PLT106301,+34600000703,user2523@ex.com,STREET_1465,SHOP_980,ES761000001497,LOC_512,TP_778,0
20002083,2024-01-25,PLT101342,+34600003110,user2523@ex.com,STREET_454,SHOP_978,ES761000003591,LOC_1047,TP_4649,0
20002082,2024-01-25,PLT102600,+34600000071,user2556@ex.com,STREET_2148,SHOP_507,ES761000003873,LOC_998,TP_3263,0
20002101,2024-01-25,PLT102341,+34600000325,user493@ex.com,STREET_2838,SHOP_29,ES761000002440,LOC_682,TP_323,0
20002099,2024-01-25,PLT101405,+34600003051,user4210@ex.com,STREET_748,SHOP_835,ES761000000600,LOC_770,TP_7212,0
20002098,2024-01-25,PLT105739,+34600003796,user4937@ex.com,STREET_2677,SHOP_886,ES761000003139,LOC_920,TP_5225,1
20002097,2024-01-25,PLT100090,+34600001038,user4920@ex.com,STREET_2306,SHOP_875,ES761000001609,LOC_927,TP_1127,1
20002096,2024-01-25,PLT105742,+34600001396,user3799@ex.com,STREET_1697,SHOP_114,ES761000003518,LOC_1143,TP_7695,0
20002095,2024-01-25,PLT100248,+34600002924,user2804@ex.com,STREET_1233,SHOP_353,ES761000000738,LOC_829,TP_3689,0
20002094,2024-01-25,PLT104207,+34600002252,user4564@ex.com,STREET_295,SHOP_173,ES761000000671,LOC_1082,TP_1908,0
20002093,2024-01-25,PLT102482,+34600002380,user3602@ex.com,STREET_477,SHOP_268,ES761000002321,LOC_529,TP_1395,0
20002100,2024-01-25,PLT102121,+34600001318,user283@ex.com,STREET_1087,SHOP_354,ES761000000159,LOC_217,TP_5799,1
20002091,2024-01-25,PLT107754,+34600000394,user1777@ex.com,STREET_2756,SHOP_858,ES761000002307,LOC_286,TP_7476,0
20002090,2024-01-25,PLT103055,+34600001427,user591@ex.com,STREET_394,SHOP_810,ES761000000795,LOC_1039,TP_6185,0
20002089,2024-01-25,PLT101977,+34600003337,user4911@ex.com,STREET_553,SHOP_922,ES761000002778,LOC_728,TP_738,0
20002088,2024-01-25,PLT103906,+34600003119,user654@ex.com,STREET_1094,SHOP_619,ES761000000395,LOC_1006,TP_4847,0
20002087,2024-01-25,PLT106478,+34600000153,user173@ex.com,STREET_2342,SHOP_470,ES761000002899,LOC_880,TP_1384,1
20002086,2024-01-25,PLT103879,+34600000981,user4183@ex.com,STREET_478,SHOP_117,ES761000001973,LOC_202,TP_1095,1
20002085,2024-01-25,PLT101435,+34600002301,user1848@ex.com,STREET_2877,SHOP_341,ES761000003523,LOC_113,TP_3228,1
20002092,2024-01-25,PLT104802,+34600000505,user3304@ex.com,STREET_276,SHOP_746,ES761000003668,LOC_822,TP_3681,0
20002084,2024-01-25,PLT102386,+34600001619,user4940@ex.com,STREET_2766,SHOP_778,ES761000002348,LOC_209,TP_1776,0
20002203,2024-01-26,PLT104361,+34600000436,user997@ex.com,STREET_2016,SHOP_868,ES761000001464,LOC_294,TP_2348,0
20002202,2024-01-26,PLT107714,+34600002536,user2160@ex.com,STREET_744,SHOP_528,ES761000003002,LOC_745,TP_399,0
20002201,2024-01-26,PLT101389,+34600001353,user391@ex.com,STREET_193,SHOP_910,ES761000000827,LOC_1178,TP_719,0
20002200,2024-01-26,PLT105798,+34600001991,user2208@ex.com,STREET_667,SHOP_273,ES761000002767,LOC_342,TP_2395,0
20002199,2024-01-26,PLT103679,+34600003887,user3877@ex.com,STREET_804,SHOP_517,ES761000002655,LOC_9,TP_7227,0
20002198,2024-01-26,PLT102199,+34600002626,user3120@ex.com,STREET_1286,SHOP_804,ES761000001059,LOC_981,TP_328,0
20002197,2024-01-26,PLT103805,+34600001301,user3468@ex.com,STREET_1416,SHOP_101,ES761000002301,LOC_299,TP_6723,0
20002193,2024-01-26,PLT105652,+34600001534,user3033@ex.com,STREET_889,SHOP_774,ES761000002253,LOC_759,TP_1556,0
20002195,2024-01-26,PLT106173,+34600003446,user4136@ex.com,STREET_939,SHOP_416,ES761000000067,LOC_795,TP_4256,0
20002194,2024-01-26,PLT105250,+34600001098,user3584@ex.com,STREET_1332,SHOP_308,ES761000000095,LOC_429,TP_7393,0
20002192,2024-01-26,PLT100905,+34600000912,user929@ex.com,STREET_391,SHOP_773,ES761000003160,LOC_925,TP_1072,0
20002191,2024-01-26,PLT104763,+34600002083,user3978@ex.com,STREET_1647,SHOP_166,ES761000001649,LOC_266,TP_5566,0
20002189,2024-01-26,PLT101206,+34600000897,user3393@ex.com,STREET_1045,SHOP_459,ES761000000847,LOC_281,TP_68,0
20002188,2024-01-26,PLT101412,+34600002260,user144@ex.com,STREET_563,SHOP_952,ES761000000500,LOC_1097,TP_1615,0
20002204,2024-01-26,PLT102935,+34600003508,user3423@ex.com,STREET_2510,SHOP_821,ES761000003559,LOC_107,TP_4118,0
20002187,2024-01-26,PLT102914,+34600000106,user2184@ex.com,STREET_2413,SHOP_897,ES761000000516,LOC_165,TP_7653,0
20002196,2024-01-26,PLT107754,+34600001768,user777@ex.com,STREET_2020,SHOP_126,ES761000000888,LOC_716,TP_6506,0
20002205,2024-01-26,PLT100146,+34600001323,user4839@ex.com,STREET_2815,SHOP_782,ES761000003755,LOC_313,TP_5215,0
20002215,2024-01-26,PLT103287,+34600001014,user3602@ex.com,STREET_1593,SHOP_413,ES761000003811,LOC_288,TP_337,0
20002207,2024-01-26,PLT106001,+34600002490,user1351@ex.com,STREET_942,SHOP_309,ES761000003072,LOC_962,TP_578,0
20002186,2024-01-26,PLT101955,+34600002560,user4958@ex.com,STREET_2187,SHOP_328,ES761000001429,LOC_362,TP_7570,0
20002223,2024-01-26,PLT103620,+34600000183,user4590@ex.com,STREET_2641,SHOP_141,ES761000001107,LOC_779,TP_2020,0
20002222,2024-01-26,PLT103970,+34600003418,user3432@ex.com,STREET_1592,SHOP_428,ES761000001724,LOC_364,TP_2253,0
20002221,2024-01-26,PLT106589,+34600003139,user3758@ex.com,STREET_2732,SHOP_531,ES761000003542,LOC_259,TP_4833,0
20002220,2024-01-26,PLT106014,+34600000655,user527@ex.com,STREET_2075,SHOP_862,ES761000002424,LOC_41,TP_3373,0
20002219,2024-01-26,PLT105570,+34600001720,user1977@ex.com,STREET_2424,SHOP_470,ES761000000231,LOC_1039,TP_5011,0
20002218,2024-01-26,PLT105826,+34600002662,user849@ex.com,STREET_2274,SHOP_531,ES761000003988,LOC_925,TP_1967,0
20002206,2024-01-26,PLT100416,+34600002576,user2317@ex.com,STREET_1356,SHOP_927,ES761000000912,LOC_965,TP_6660,0
20002217,2024-01-26,PLT107703,+34600000619,user4040@ex.com,STREET_659,SHOP_738,ES761000002302,LOC_879,TP_2168,0
20002214,2024-01-26,PLT103281,+34600001113,user922@ex.com,STREET_1230,SHOP_475,ES761000000303,LOC_1013,TP_5183,0
20002213,2024-01-26,PLT100926,+34600001683,user2987@ex.com,STREET_1137,SHOP_301,ES761000003551,LOC_432,TP_942,0
20002212,2024-01-26,PLT101692,+34600002712,user150@ex.com,STREET_2635,SHOP_353,ES761000001109,LOC_295,TP_6512,0
20002211,2024-01-26,PLT105057,+34600002189,user4428@ex.com,STREET_1813,SHOP_157,ES761000003488,LOC_925,TP_2512,0
20002210,2024-01-26,PLT107411,+34600003353,user4268@ex.com,STREET_2160,SHOP_77,ES761000001000,LOC_1105,TP_6779,0
20002209,2024-01-26,PLT107557,+34600001394,user1123@ex.com,STREET_2276,SHOP_422,ES761000001754,LOC_732,TP_941,1
20002208,2024-01-26,PLT105799,+34600002722,user3112@ex.com,STREET_963,SHOP_869,ES761000001888,LOC_663,TP_5503,0
20002216,2024-01-26,PLT104017,+34600000342,user1379@ex.com,STREET_2305,SHOP_650,ES761000003499,LOC_310,TP_4420,0
20002185,2024-01-26,PLT105202,+34600002699,user2926@ex.com,STREET_54,SHOP_126,ES761000000505,LOC_405,TP_5635,1
20002190,2024-01-26,PLT100423,+34600003630,user1498@ex.com,STREET_277,SHOP_0,ES761000001251,LOC_981,TP_4963,0
20002183,2024-01-26,PLT104176,+34600003652,user4023@ex.com,STREET_2576,SHOP_252,ES761000000061,LOC_438,TP_4281,0
20002162,2024-01-26,PLT101713,+34600002107,user2986@ex.com,STREET_354,SHOP_147,ES761000000342,LOC_803,TP_3137,1
20002161,2024-01-26,PLT103982,+34600001593,user3961@ex.com,STREET_1154,SHOP_479,ES761000000312,LOC_307,TP_1271,1
20002160,2024-01-26,PLT103618,+34600003266,user834@ex.com,STREET_2387,SHOP_206,ES761000000331,LOC_1049,TP_205,0
20002159,2024-01-26,PLT102064,+34600000910,user897@ex.com,STREET_2402,SHOP_643,ES761000001715,LOC_66,TP_1092,0
20002158,2024-01-26,PLT104777,+34600000961,user3005@ex.com,STREET_683,SHOP_720,ES761000002335,LOC_20,TP_3912,0
20002157,2024-01-26,PLT105038,+34600003765,user4209@ex.com,STREET_1639,SHOP_341,ES761000000623,LOC_704,TP_4239,0
20002156,2024-01-26,PLT103472,+34600003305,user2703@ex.com,STREET_461,SHOP_199,ES761000001497,LOC_191,TP_6334,0
20002155,2024-01-26,PLT101781,+34600000051,user3000@ex.com,STREET_1467,SHOP_157,ES761000002124,LOC_759,TP_3314,0
20002154,2024-01-26,PLT107322,+34600001562,user2002@ex.com,STREET_738,SHOP_690,ES761000000434,LOC_235,TP_1099,0
20002153,2024-01-26,PLT103350,+34600003696,user95@ex.com,STREET_1305,SHOP_804,ES761000001421,LOC_212,TP_1791,0
20002151,2024-01-26,PLT102545,+34600002570,user3214@ex.com,STREET_85,SHOP_477,ES761000002558,LOC_588,TP_3640,0
20002150,2024-01-26,PLT107482,+34600000730,user173@ex.com,STREET_2741,SHOP_138,ES761000001213,LOC_258,TP_2974,0
20002149,2024-01-26,PLT106484,+34600003891,user404@ex.com,STREET_644,SHOP_55,ES761000002260,LOC_1108,TP_7083,0
20002148,2024-01-26,PLT105578,+34600003557,user4337@ex.com,STREET_2639,SHOP_215,ES761000000958,LOC_163,TP_6511,0
20002147,2024-01-26,PLT107743,+34600002895,user1724@ex.com,STREET_25,SHOP_739,ES761000002959,LOC_1022,TP_6612,0
20002146,2024-01-26,PLT103588,+34600001391,user972@ex.com,STREET_1288,SHOP_928,ES761000003614,LOC_826,TP_5490,0
20002184,2024-01-26,PLT101892,+34600003370,user3245@ex.com,STREET_970,SHOP_830,ES761000002885,LOC_280,TP_2131,0
20002163,2024-01-26,PLT107037,+34600001325,user2589@ex.com,STREET_1445,SHOP_396,ES761000001680,LOC_355,TP_3890,0
20002164,2024-01-26,PLT101217,+34600000104,user3559@ex.com,STREET_2006,SHOP_341,ES761000003778,LOC_1129,TP_913,0
20002152,2024-01-26,PLT106487,+34600000201,user567@ex.com,STREET_800,SHOP_144,ES761000000020,LOC_1153,TP_6655,0
20002166,2024-01-26,PLT103842,+34600003172,user1893@ex.com,STREET_182,SHOP_247,ES761000000554,LOC_1103,TP_811,0
20002182,2024-01-26,PLT101277,+34600003904,user514@ex.com,STREET_953,SHOP_111,ES761000003373,LOC_644,TP_6984,0
20002181,2024-01-26,PLT104462,+34600003176,user2114@ex.com,STREET_652,SHOP_626,ES761000001689,LOC_49,TP_1226,0
20002180,2024-01-26,PLT100143,+34600003460,user2327@ex.com,STREET_1234,SHOP_881,ES761000000763,LOC_88,TP_665,0
20002179,2024-01-26,PLT104484,+34600002694,user3059@ex.com,STREET_2795,SHOP_337,ES761000003524,LOC_992,TP_3937,0
20002178,2024-01-26,PLT107171,+34600000238,user3941@ex.com,STREET_1298,SHOP_518,ES761000001928,LOC_458,TP_5848,0
20002177,2024-01-26,PLT101397,+34600003362,user4644@ex.com,STREET_472,SHOP_121,ES761000002496,LOC_1194,TP_1332,1
20002175,2024-01-26,PLT105038,+34600001843,user3425@ex.com,STREET_598,SHOP_429,ES761000000878,LOC_964,TP_742,0
20002176,2024-01-26,PLT105218,+34600001603,user443@ex.com,STREET_1729,SHOP_817,ES761000002170,LOC_343,TP_3648,0
20002173,2024-01-26,PLT104877,+34600001637,user3447@ex.com,STREET_1025,SHOP_226,ES761000002950,LOC_1183,TP_5770,0
20002172,2024-01-26,PLT102384,+34600001512,user536@ex.com,STREET_1425,SHOP_314,ES761000001817,LOC_1062,TP_6041,0
20002171,2024-01-26,PLT107350,+34600000471,user4068@ex.com,STREET_2588,SHOP_918,ES761000002846,LOC_748,TP_6191,0
20002170,2024-01-26,PLT102380,+34600002975,user4083@ex.com,STREET_246,SHOP_262,ES761000001279,LOC_452,TP_3646,0
20002169,2024-01-26,PLT104484,+34600001276,user105@ex.com,STREET_1599,SHOP_411,ES761000003396,LOC_516,TP_633,0
20002168,2024-01-26,PLT102372,+34600001708,user3725@ex.com,STREET_1775,SHOP_861,ES761000001120,LOC_1072,TP_3739,0
20002167,2024-01-26,PLT104932,+34600001457,user3925@ex.com,STREET_1902,SHOP_186,ES761000002148,LOC_494,TP_6237,0
20002174,2024-01-26,PLT105499,+34600002418,user4077@ex.com,STREET_107,SHOP_835,ES761000002889,LOC_381,TP_986,0
20002165,2024-01-26,PLT101356,+34600001897,user1079@ex.com,STREET_2904,SHOP_450,ES761000000869,LOC_459,TP_4078,0
20002297,2024-01-27,PLT100076,+34600003636,user290@ex.com,STREET_126,SHOP_636,ES761000000757,LOC_872,TP_3166,0
20002294,2024-01-27,PLT104141,+34600001614,user1781@ex.com,STREET_1720,SHOP_64,ES761000002179,LOC_677,TP_4041,0
20002295,2024-01-27,PLT103269,+34600001768,user4183@ex.com,STREET_1940,SHOP_25,ES761000001673,LOC_151,TP_2198,0
20002296,2024-01-27,PLT102502,+34600001569,user110@ex.com,STREET_931,SHOP_224,ES761000003663,LOC_765,TP_5401,0
20002302,2024-01-27,PLT101073,+34600001098,user2367@ex.com,STREET_855,SHOP_658,ES761000002825,LOC_993,TP_5118,0
20002299,2024-01-27,PLT107545,+34600001775,user4392@ex.com,STREET_1648,SHOP_837,ES761000000137,LOC_343,TP_2097,0
20002300,2024-01-27,PLT101988,+34600003788,user1823@ex.com,STREET_1831,SHOP_105,ES761000002749,LOC_441,TP_7355,0
20002301,2024-01-27,PLT107068,+34600003298,user801@ex.com,STREET_2942,SHOP_19,ES761000001958,LOC_525,TP_1283,0
20002293,2024-01-27,PLT106753,+34600002376,user178@ex.com,STREET_597,SHOP_565,ES761000002537,LOC_432,TP_2853,0
20002303,2024-01-27,PLT107894,+34600000803,user3209@ex.com,STREET_1056,SHOP_313,ES761000001123,LOC_215,TP_7736,0
20002298,2024-01-27,PLT105395,+34600001058,user37@ex.com,STREET_1821,SHOP_527,ES761000003166,LOC_162,TP_3146,0
20002292,2024-01-27,PLT103365,+34600002383,user3930@ex.com,STREET_2457,SHOP_591,ES761000000199,LOC_988,TP_3736,1
20002284,2024-01-27,PLT100077,+34600003252,user2644@ex.com,STREET_313,SHOP_74,ES761000001514,LOC_606,TP_4910,0
20002290,2024-01-27,PLT107365,+34600002107,user1685@ex.com,STREET_2308,SHOP_697,ES761000001369,LOC_570,TP_547,0
20002289,2024-01-27,PLT105144,+34600000368,user2108@ex.com,STREET_1184,SHOP_383,ES761000003361,LOC_641,TP_5898,0
20002288,2024-01-27,PLT105379,+34600000387,user1200@ex.com,STREET_663,SHOP_178,ES761000000424,LOC_944,TP_2795,0
20002287,2024-01-27,PLT101812,+34600001418,user4568@ex.com,STREET_960,SHOP_540,ES761000002929,LOC_490,TP_530,0
20002286,2024-01-27,PLT101356,+34600003209,user4429@ex.com,STREET_1748,SHOP_170,ES761000001508,LOC_475,TP_4992,0
20002285,2024-01-27,PLT100986,+34600001227,user578@ex.com,STREET_1226,SHOP_353,ES761000001982,LOC_195,TP_1110,0
20002283,2024-01-27,PLT106478,+34600003808,user1184@ex.com,STREET_633,SHOP_464,ES761000000311,LOC_851,TP_4180,0
20002282,2024-01-27,PLT104412,+34600001329,user2322@ex.com,STREET_352,SHOP_808,ES761000002460,LOC_190,TP_3573,0
20002281,2024-01-27,PLT102354,+34600002877,user1651@ex.com,STREET_2301,SHOP_460,ES761000000878,LOC_1138,TP_6474,1
20002280,2024-01-27,PLT101576,+34600001328,user4746@ex.com,STREET_1944,SHOP_759,ES761000003426,LOC_355,TP_234,1
20002304,2024-01-27,PLT100146,+34600000642,user3121@ex.com,STREET_2893,SHOP_137,ES761000000213,LOC_765,TP_4813,0
20002291,2024-01-27,PLT102818,+34600000006,user2135@ex.com,STREET_1710,SHOP_58,ES761000001482,LOC_817,TP_4065,0
20002305,2024-01-27,PLT107365,+34600001955,user4158@ex.com,STREET_1748,SHOP_230,ES761000002884,LOC_200,TP_7252,0
20002323,2024-01-27,PLT104609,+34600002587,user944@ex.com,STREET_89,SHOP_515,ES761000001504,LOC_419,TP_2818,0
20002307,2024-01-27,PLT106928,+34600001792,user638@ex.com,STREET_1980,SHOP_596,ES761000003368,LOC_386,TP_3124,1
20002279,2024-01-27,PLT107557,+34600001748,user2077@ex.com,STREET_856,SHOP_469,ES761000001539,LOC_1150,TP_889,0
20002330,2024-01-27,PLT103917,+34600000153,user4472@ex.com,STREET_891,SHOP_771,ES761000003570,LOC_1103,TP_5822,0
20002329,2024-01-27,PLT105330,+34600003563,user1533@ex.com,STREET_1782,SHOP_320,ES761000000490,LOC_1084,TP_7657,0
20002328,2024-01-27,PLT103799,+34600001627,user2633@ex.com,STREET_69,SHOP_817,ES761000001213,LOC_204,TP_3482,0
20002327,2024-01-27,PLT103670,+34600002116,user292@ex.com,STREET_1752,SHOP_156,ES761000001626,LOC_578,TP_518,0
20002326,2024-01-27,PLT106345,+34600000295,user3327@ex.com,STREET_2446,SHOP_341,ES761000003819,LOC_282,TP_4723,0
20002325,2024-01-27,PLT107100,+34600002297,user2032@ex.com,STREET_2265,SHOP_776,ES761000001396,LOC_148,TP_2326,1
20002324,2024-01-27,PLT100322,+34600000911,user4289@ex.com,STREET_2268,SHOP_633,ES761000002793,LOC_586,TP_2285,0
20002322,2024-01-27,PLT102675,+34600001427,user3784@ex.com,STREET_2240,SHOP_289,ES761000000693,LOC_406,TP_6134,0
20002321,2024-01-27,PLT107582,+34600001089,user1946@ex.com,STREET_2082,SHOP_275,ES761000001642,LOC_173,TP_5072,0
20002320,2024-01-27,PLT105250,+34600003790,user2874@ex.com,STREET_2333,SHOP_234,ES761000001204,LOC_1033,TP_6705,0
20002306,2024-01-27,PLT106003,+34600003222,user4791@ex.com,STREET_2958,SHOP_399,ES761000001877,LOC_925,TP_5665,0
20002319,2024-01-27,PLT102166,+34600003311,user1916@ex.com,STREET_449,SHOP_475,ES761000003040,LOC_748,TP_5262,0
20002317,2024-01-27,PLT107408,+34600001144,user3759@ex.com,STREET_2002,SHOP_286,ES761000002770,LOC_487,TP_5494,0
20002316,2024-01-27,PLT100053,+34600000389,user3558@ex.com,STREET_1627,SHOP_373,ES761000000964,LOC_736,TP_2571,0
20002331,2024-01-27,PLT101435,+34600003814,user3865@ex.com,STREET_941,SHOP_696,ES761000000124,LOC_115,TP_6592,0
20002315,2024-01-27,PLT106240,+34600003792,user621@ex.com,STREET_158,SHOP_148,ES761000001451,LOC_1128,TP_1344,0
20002314,2024-01-27,PLT107093,+34600000323,user1668@ex.com,STREET_332,SHOP_95,ES761000001430,LOC_47,TP_5582,1
20002313,2024-01-27,PLT100400,+34600000606,user1724@ex.com,STREET_2324,SHOP_381,ES761000001204,LOC_179,TP_4550,0
20002312,2024-01-27,PLT107216,+34600001572,user4268@ex.com,STREET_2827,SHOP_71,ES761000003361,LOC_797,TP_2299,0
20002311,2024-01-27,PLT100658,+34600003709,user2739@ex.com,STREET_2281,SHOP_394,ES761000000532,LOC_281,TP_4350,0
20002310,2024-01-27,PLT106928,+34600001977,user2525@ex.com,STREET_1116,SHOP_952,ES761000003089,LOC_417,TP_1901,0
20002309,2024-01-27,PLT105250,+34600003772,user1996@ex.com,STREET_2216,SHOP_775,ES761000000652,LOC_398,TP_7876,0
20002308,2024-01-27,PLT106783,+34600003087,user158@ex.com,STREET_1487,SHOP_847,ES761000000346,LOC_312,TP_2871,0
20002318,2024-01-27,PLT105554,+34600002882,user3748@ex.com,STREET_378,SHOP_367,ES761000001825,LOC_879,TP_4712,0
20002278,2024-01-27,PLT105391,+34600002715,user4924@ex.com,STREET_2009,SHOP_681,ES761000001785,LOC_1001,TP_5558,0
20002239,2024-01-27,PLT100998,+34600003783,user3541@ex.com,STREET_2265,SHOP_642,ES761000001856,LOC_581,TP_1454,0
20002276,2024-01-27,PLT100102,+34600003156,user252@ex.com,STREET_2634,SHOP_40,ES761000001998,LOC_596,TP_7692,0
20002247,2024-01-27,PLT101713,+34600001776,user3000@ex.com,STREET_1247,SHOP_470,ES761000002308,LOC_431,TP_42,1
20002246,2024-01-27,PLT105038,+34600000927,user3874@ex.com,STREET_1302,SHOP_513,ES761000003413,LOC_1039,TP_983,0
20002245,2024-01-27,PLT107173,+34600001646,user1262@ex.com,STREET_2873,SHOP_641,ES761000002245,LOC_677,TP_1644,0
20002244,2024-01-27,PLT102675,+34600001553,user675@ex.com,STREET_2766,SHOP_656,ES761000001871,LOC_667,TP_3178,0
20002243,2024-01-27,PLT104918,+34600002171,user2353@ex.com,STREET_702,SHOP_823,ES761000000322,LOC_205,TP_3970,1
20002242,2024-01-27,PLT106564,+34600000238,user4366@ex.com,STREET_2842,SHOP_821,ES761000002735,LOC_983,TP_6183,0
20002241,2024-01-27,PLT107322,+34600000542,user1075@ex.com,STREET_1863,SHOP_391,ES761000001368,LOC_524,TP_3700,0
20002240,2024-01-27,PLT100623,+34600000206,user1188@ex.com,STREET_2916,SHOP_633,ES761000003825,LOC_113,TP_2906,0
20002238,2024-01-27,PLT103620,+34600003029,user2582@ex.com,STREET_2081,SHOP_600,ES761000003079,LOC_174,TP_257,0
20002237,2024-01-27,PLT103998,+34600002414,user4999@ex.com,STREET_2194,SHOP_777,ES761000003278,LOC_341,TP_234,0
20002236,2024-01-27,PLT106952,+34600001743,user1360@ex.com,STREET_1430,SHOP_799,ES761000003078,LOC_597,TP_7858,0
20002235,2024-01-27,PLT100986,+34600002332,user2035@ex.com,STREET_2306,SHOP_720,ES761000000455,LOC_905,TP_2076,0
20002234,2024-01-27,PLT100552,+34600000630,user3215@ex.com,STREET_1783,SHOP_396,ES761000000694,LOC_923,TP_6116,1
20002233,2024-01-27,PLT104782,+34600003171,user1175@ex.com,STREET_426,SHOP_419,ES761000002515,LOC_384,TP_3752,0
20002232,2024-01-27,PLT101435,+34600003017,user4367@ex.com,STREET_2218,SHOP_397,ES761000003261,LOC_916,TP_6685,0
20002231,2024-01-27,PLT105699,+34600002461,user2667@ex.com,STREET_2400,SHOP_682,ES761000000817,LOC_321,TP_702,0
20002230,2024-01-27,PLT102661,+34600002776,user2610@ex.com,STREET_1813,SHOP_768,ES761000000237,LOC_1185,TP_7733,0
20002229,2024-01-27,PLT104877,+34600003338,user1130@ex.com,STREET_2399,SHOP_655,ES761000000487,LOC_952,TP_4727,0
20002228,2024-01-27,PLT104161,+34600001975,user2500@ex.com,STREET_1237,SHOP_709,ES761000002559,LOC_590,TP_7765,0
20002277,2024-01-27,PLT106487,+34600000594,user2446@ex.com,STREET_717,SHOP_894,ES761000002706,LOC_1055,TP_1862,0
20002226,2024-01-27,PLT107335,+34600002565,user1028@ex.com,STREET_2604,SHOP_990,ES761000003517,LOC_173,TP_756,0
20002225,2024-01-27,PLT106267,+34600001904,user4298@ex.com,STREET_117,SHOP_4,ES761000000390,LOC_1067,TP_2002,0
20002224,2024-01-27,PLT106749,+34600001148,user2813@ex.com,STREET_365,SHOP_233,ES761000003004,LOC_837,TP_6921,0
20002248,2024-01-27,PLT104484,+34600001002,user821@ex.com,STREET_1429,SHOP_17,ES761000000860,LOC_524,TP_2996,0
20002249,2024-01-27,PLT105038,+34600001152,user2714@ex.com,STREET_2900,SHOP_807,ES761000000935,LOC_765,TP_2702,0
20002227,2024-01-27,PLT100926,+34600000526,user450@ex.com,STREET_327,SHOP_46,ES761000001129,LOC_818,TP_3229,0
20002251,2024-01-27,PLT107413,+34600003045,user4838@ex.com,STREET_477,SHOP_990,ES761000003411,LOC_967,TP_4228,0
20002250,2024-01-27,PLT100134,+34600003275,user2014@ex.com,STREET_804,SHOP_400,ES761000001791,LOC_925,TP_7655,0
20002275,2024-01-27,PLT102121,+34600003853,user3587@ex.com,STREET_1894,SHOP_455,ES761000002220,LOC_86,TP_620,0
20002273,2024-01-27,PLT102711,+34600001159,user4418@ex.com,STREET_1994,SHOP_878,ES761000002682,LOC_878,TP_5098,0
20002272,2024-01-27,PLT106003,+34600000896,user4644@ex.com,STREET_2759,SHOP_415,ES761000001470,LOC_249,TP_7694,0
20002271,2024-01-27,PLT107807,+34600001868,user184@ex.com,STREET_1664,SHOP_117,ES761000003916,LOC_557,TP_5872,1
20002270,2024-01-27,PLT105652,+34600002550,user870@ex.com,STREET_2168,SHOP_358,ES761000002697,LOC_722,TP_5933,0
20002269,2024-01-27,PLT100068,+34600000662,user937@ex.com,STREET_2575,SHOP_633,ES761000000023,LOC_276,TP_7761,0
20002268,2024-01-27,PLT104289,+34600001159,user2406@ex.com,STREET_43,SHOP_675,ES761000003593,LOC_611,TP_7765,0
20002267,2024-01-27,PLT101692,+34600001975,user3310@ex.com,STREET_2825,SHOP_812,ES761000003267,LOC_277,TP_7829,0
20002266,2024-01-27,PLT103570,+34600001417,user3394@ex.com,STREET_1585,SHOP_575,ES761000002784,LOC_494,TP_2166,0
20002265,2024-01-27,PLT103573,+34600000832,user1451@ex.com,STREET_2041,SHOP_389,ES761000003140,LOC_390,TP_7165,0
20002264,2024-01-27,PLT102196,+34600003693,user3913@ex.com,STREET_2774,SHOP_482,ES761000002560,LOC_614,TP_3078,0
20002274,2024-01-27,PLT103117,+34600002062,user3521@ex.com,STREET_2186,SHOP_917,ES761000000126,LOC_590,TP_1442,0
20002262,2024-01-27,PLT103809,+34600003748,user3755@ex.com,STREET_2708,SHOP_248,ES761000000438,LOC_450,TP_6816,0
20002263,2024-01-27,PLT100248,+34600003863,user903@ex.com,STREET_1,SHOP_411,ES761000001530,LOC_8,TP_4594,0
20002254,2024-01-27,PLT101005,+34600001560,user1655@ex.com,STREET_1508,SHOP_803,ES761000001638,LOC_740,TP_1179,0
20002255,2024-01-27,PLT101403,+34600001189,user1335@ex.com,STREET_1728,SHOP_300,ES761000002495,LOC_819,TP_6330,0
20002256,2024-01-27,PLT107335,+34600000552,user4385@ex.com,STREET_1394,SHOP_479,ES761000001841,LOC_678,TP_7504,0
20002253,2024-01-27,PLT104160,+34600002191,user4951@ex.com,STREET_1304,SHOP_715,ES761000002883,LOC_66,TP_3214,0
20002258,2024-01-27,PLT103997,+34600000739,user2046@ex.com,STREET_946,SHOP_63,ES761000000338,LOC_472,TP_1830,0
20002259,2024-01-27,PLT107411,+34600003691,user1378@ex.com,STREET_1510,SHOP_739,ES761000000283,LOC_590,TP_2128,0
20002260,2024-01-27,PLT103693,+34600000318,user2961@ex.com,STREET_1723,SHOP_967,ES761000003108,LOC_782,TP_1115,0
20002261,2024-01-27,PLT103705,+34600001513,user1278@ex.com,STREET_514,SHOP_479,ES761000000366,LOC_595,TP_7417,1
20002257,2024-01-27,PLT102124,+34600002833,user2214@ex.com,STREET_66,SHOP_735,ES761000000790,LOC_890,TP_4487,0
20002252,2024-01-27,PLT102454,+34600003304,user1401@ex.com,STREET_191,SHOP_548,ES761000001834,LOC_406,TP_2679,0
20002396,2024-01-28,PLT107093,+34600003058,user1045@ex.com,STREET_2796,SHOP_706,ES761000003467,LOC_339,TP_1933,0
20002388,2024-01-28,PLT101396,+34600002315,user2955@ex.com,STREET_1865,SHOP_11,ES761000001920,LOC_781,TP_3042,0
20002395,2024-01-28,PLT105575,+34600001181,user3913@ex.com,STREET_2136,SHOP_591,ES761000000836,LOC_1001,TP_1319,1
20002394,2024-01-28,PLT106068,+34600002312,user1263@ex.com,STREET_1960,SHOP_710,ES761000002105,LOC_439,TP_6431,0
20002393,2024-01-28,PLT102886,+34600003709,user2072@ex.com,STREET_1336,SHOP_347,ES761000002935,LOC_653,TP_4424,0
20002392,2024-01-28,PLT107335,+34600003737,user3886@ex.com,STREET_1131,SHOP_215,ES761000001714,LOC_791,TP_5661,0
20002391,2024-01-28,PLT107213,+34600003885,user3365@ex.com,STREET_1897,SHOP_707,ES761000002770,LOC_847,TP_1291,0
20002390,2024-01-28,PLT107037,+34600002145,user2621@ex.com,STREET_1823,SHOP_44,ES761000002439,LOC_360,TP_4979,0
20002389,2024-01-28,PLT101206,+34600001883,user4876@ex.com,STREET_2163,SHOP_420,ES761000002992,LOC_825,TP_5471,0
20002383,2024-01-28,PLT104817,+34600003459,user1338@ex.com,STREET_2241,SHOP_836,ES761000003511,LOC_1061,TP_4796,0
20002386,2024-01-28,PLT107575,+34600001080,user2917@ex.com,STREET_63,SHOP_768,ES761000003419,LOC_1120,TP_266,0
20002385,2024-01-28,PLT107582,+34600000661,user3587@ex.com,STREET_1942,SHOP_343,ES761000003973,LOC_812,TP_1616,0
20002384,2024-01-28,PLT106487,+34600000619,user2635@ex.com,STREET_1249,SHOP_211,ES761000001811,LOC_1065,TP_2264,1
20002382,2024-01-28,PLT106546,+34600001128,user3819@ex.com,STREET_1273,SHOP_426,ES761000003714,LOC_1105,TP_1776,0
20002381,2024-01-28,PLT100372,+34600003409,user1514@ex.com,STREET_1957,SHOP_454,ES761000001412,LOC_673,TP_4482,0
20002380,2024-01-28,PLT103564,+34600002623,user2675@ex.com,STREET_915,SHOP_637,ES761000003266,LOC_956,TP_1651,0
20002379,2024-01-28,PLT100077,+34600001845,user3842@ex.com,STREET_592,SHOP_353,ES761000000335,LOC_716,TP_7218,1
20002378,2024-01-28,PLT105569,+34600001872,user1503@ex.com,STREET_327,SHOP_830,ES761000002007,LOC_67,TP_109,0
20002397,2024-01-28,PLT100248,+34600001115,user2672@ex.com,STREET_495,SHOP_889,ES761000003840,LOC_196,TP_2411,0
20002387,2024-01-28,PLT100638,+34600000086,user1340@ex.com,STREET_762,SHOP_961,ES761000002413,LOC_1173,TP_6610,0
20002398,2024-01-28,PLT106478,+34600000792,user4980@ex.com,STREET_788,SHOP_953,ES761000003633,LOC_83,TP_7133,0
20002411,2024-01-28,PLT107965,+34600001323,user4565@ex.com,STREET_643,SHOP_460,ES761000002367,LOC_196,TP_5052,1
20002400,2024-01-28,PLT102750,+34600003438,user2376@ex.com,STREET_2650,SHOP_117,ES761000000590,LOC_175,TP_4211,0
20002377,2024-01-28,PLT100667,+34600000278,user3705@ex.com,STREET_2533,SHOP_475,ES761000000154,LOC_916,TP_6927,1
20002419,2024-01-28,PLT100192,+34600000525,user4807@ex.com,STREET_1358,SHOP_126,ES761000000209,LOC_733,TP_7575,0
20002418,2024-01-28,PLT102285,+34600001705,user4190@ex.com,STREET_1910,SHOP_213,ES761000003268,LOC_894,TP_4963,0
20002417,2024-01-28,PLT104073,+34600000306,user2919@ex.com,STREET_1547,SHOP_721,ES761000002089,LOC_818,TP_6100,1
20002416,2024-01-28,PLT100960,+34600003968,user478@ex.com,STREET_2570,SHOP_716,ES761000002531,LOC_750,TP_5091,0
20002415,2024-01-28,PLT101812,+34600001227,user58@ex.com,STREET_1201,SHOP_494,ES761000001607,LOC_866,TP_3763,0
20002414,2024-01-28,PLT105742,+34600000433,user4640@ex.com,STREET_110,SHOP_885,ES761000002322,LOC_524,TP_5558,0
20002413,2024-01-28,PLT105148,+34600003133,user7@ex.com,STREET_2713,SHOP_429,ES761000003047,LOC_335,TP_3860,1
20002412,2024-01-28,PLT105859,+34600000181,user4569@ex.com,STREET_725,SHOP_389,ES761000001427,LOC_53,TP_5716,0
20002410,2024-01-28,PLT100111,+34600000115,user3298@ex.com,STREET_781,SHOP_517,ES761000003763,LOC_649,TP_6375,0
20002409,2024-01-28,PLT107063,+34600001515,user274@ex.com,STREET_391,SHOP_794,ES761000000858,LOC_956,TP_1730,0
20002408,2024-01-28,PLT105652,+34600002842,user2976@ex.com,STREET_2519,SHOP_314,ES761000002068,LOC_310,TP_2751,1
20002407,2024-01-28,PLT104066,+34600002237,user3698@ex.com,STREET_1952,SHOP_5,ES761000003258,LOC_656,TP_3227,0
20002406,2024-01-28,PLT102504,+34600002636,user4829@ex.com,STREET_802,SHOP_611,ES761000000577,LOC_115,TP_538,0
20002405,2024-01-28,PLT101066,+34600002560,user4894@ex.com,STREET_2116,SHOP_155,ES761000000126,LOC_38,TP_2781,1
20002404,2024-01-28,PLT102879,+34600000708,user1768@ex.com,STREET_2673,SHOP_916,ES761000000241,LOC_670,TP_599,0
20002403,2024-01-28,PLT107165,+34600002327,user3095@ex.com,STREET_2485,SHOP_346,ES761000000465,LOC_480,TP_5420,0
20002402,2024-01-28,PLT107090,+34600003463,user307@ex.com,STREET_2189,SHOP_671,ES761000001063,LOC_13,TP_6423,1
20002401,2024-01-28,PLT107365,+34600000329,user4786@ex.com,STREET_2935,SHOP_349,ES761000000471,LOC_228,TP_3455,0
20002399,2024-01-28,PLT105759,+34600001844,user3461@ex.com,STREET_2386,SHOP_793,ES761000003788,LOC_117,TP_2412,0
20002376,2024-01-28,PLT103620,+34600003278,user492@ex.com,STREET_1562,SHOP_313,ES761000003479,LOC_464,TP_144,0
20002373,2024-01-28,PLT100196,+34600002917,user179@ex.com,STREET_877,SHOP_876,ES761000002790,LOC_945,TP_1937,0
20002374,2024-01-28,PLT104322,+34600000547,user3022@ex.com,STREET_2824,SHOP_696,ES761000001334,LOC_602,TP_1668,0
20002350,2024-01-28,PLT101220,+34600000427,user2239@ex.com,STREET_1314,SHOP_56,ES761000000238,LOC_644,TP_2396,0
20002349,2024-01-28,PLT104758,+34600003695,user4145@ex.com,STREET_1602,SHOP_777,ES761000003856,LOC_794,TP_3629,1
20002348,2024-01-28,PLT107582,+34600002527,user2556@ex.com,STREET_19,SHOP_48,ES761000001500,LOC_530,TP_2396,0
20002347,2024-01-28,PLT107365,+34600000285,user1691@ex.com,STREET_411,SHOP_957,ES761000000215,LOC_221,TP_1197,1
20002346,2024-01-28,PLT102470,+34600000216,user3615@ex.com,STREET_1017,SHOP_712,ES761000000052,LOC_811,TP_7138,0
20002345,2024-01-28,PLT107322,+34600001105,user4129@ex.com,STREET_339,SHOP_531,ES761000000230,LOC_573,TP_6148,0
20002344,2024-01-28,PLT105224,+34600003989,user4146@ex.com,STREET_2628,SHOP_406,ES761000002239,LOC_156,TP_6810,0
20002343,2024-01-28,PLT102811,+34600001213,user1270@ex.com,STREET_122,SHOP_137,ES761000000157,LOC_199,TP_4681,0
20002351,2024-01-28,PLT104306,+34600001244,user2301@ex.com,STREET_1945,SHOP_360,ES761000000257,LOC_995,TP_4766,0
20002342,2024-01-28,PLT104184,+34600002876,user280@ex.com,STREET_2563,SHOP_126,ES761000002094,LOC_572,TP_7939,0
20002340,2024-01-28,PLT100248,+34600000998,user4849@ex.com,STREET_1769,SHOP_407,ES761000001490,LOC_645,TP_7675,0
20002339,2024-01-28,PLT102034,+34600000292,user4987@ex.com,STREET_2379,SHOP_252,ES761000001605,LOC_414,TP_2708,0
20002338,2024-01-28,PLT102270,+34600002557,user868@ex.com,STREET_562,SHOP_426,ES761000000696,LOC_45,TP_348,0
20002337,2024-01-28,PLT101006,+34600000748,user3722@ex.com,STREET_537,SHOP_526,ES761000003331,LOC_13,TP_1886,0
20002335,2024-01-28,PLT101574,+34600002725,user1716@ex.com,STREET_2543,SHOP_804,ES761000000841,LOC_1019,TP_505,0
20002334,2024-01-28,PLT103071,+34600002473,user1088@ex.com,STREET_1091,SHOP_33,ES761000001374,LOC_1044,TP_3804,0
20002333,2024-01-28,PLT102026,+34600003110,user1812@ex.com,STREET_2151,SHOP_916,ES761000003365,LOC_497,TP_2519,0
20002332,2024-01-28,PLT107065,+34600002549,user1949@ex.com,STREET_1101,SHOP_889,ES761000002930,LOC_496,TP_5804,0
20002341,2024-01-28,PLT100389,+34600000619,user2688@ex.com,STREET_629,SHOP_115,ES761000002327,LOC_653,TP_7741,1
20002352,2024-01-28,PLT101069,+34600000174,user1609@ex.com,STREET_2036,SHOP_937,ES761000001694,LOC_1138,TP_6704,0
20002336,2024-01-28,PLT107389,+34600001763,user68@ex.com,STREET_2178,SHOP_548,ES761000003401,LOC_1130,TP_6406,0
20002354,2024-01-28,PLT104961,+34600001377,user2421@ex.com,STREET_51,SHOP_406,ES761000002728,LOC_1127,TP_5678,0
20002353,2024-01-28,PLT103826,+34600003011,user4575@ex.com,STREET_1614,SHOP_154,ES761000002445,LOC_525,TP_911,0
20002375,2024-01-28,PLT106546,+34600001685,user4976@ex.com,STREET_2012,SHOP_150,ES761000002525,LOC_365,TP_566,0
20002372,2024-01-28,PLT103854,+34600001751,user3048@ex.com,STREET_2647,SHOP_889,ES761000002826,LOC_947,TP_737,0
20002370,2024-01-28,PLT105799,+34600000088,user2987@ex.com,STREET_781,SHOP_374,ES761000002383,LOC_267,TP_4442,0
20002369,2024-01-28,PLT102436,+34600003527,user3557@ex.com,STREET_1369,SHOP_835,ES761000002149,LOC_87,TP_7207,0
20002368,2024-01-28,PLT102925,+34600001528,user1222@ex.com,STREET_2324,SHOP_8,ES761000000854,LOC_888,TP_1279,0
20002367,2024-01-28,PLT104289,+34600000239,user174@ex.com,STREET_1301,SHOP_112,ES761000002949,LOC_822,TP_7815,0
20002366,2024-01-28,PLT100828,+34600002314,user4479@ex.com,STREET_1841,SHOP_728,ES761000001208,LOC_744,TP_1249,0
20002365,2024-01-28,PLT102321,+34600003535,user4036@ex.com,STREET_845,SHOP_101,ES761000003162,LOC_547,TP_4480,0
20002371,2024-01-28,PLT105449,+34600003921,user1534@ex.com,STREET_1144,SHOP_522,ES761000001475,LOC_747,TP_5595,0
20002363,2024-01-28,PLT102422,+34600001841,user3769@ex.com,STREET_1527,SHOP_830,ES761000002344,LOC_251,TP_1999,0
20002364,2024-01-28,PLT103656,+34600003707,user3237@ex.com,STREET_320,SHOP_987,ES761000000346,LOC_241,TP_4165,0
20002356,2024-01-28,PLT107541,+34600003098,user4748@ex.com,STREET_1622,SHOP_409,ES761000003229,LOC_258,TP_2752,0
20002358,2024-01-28,PLT105301,+34600000399,user359@ex.com,STREET_1556,SHOP_450,ES761000003683,LOC_285,TP_4326,0
20002357,2024-01-28,PLT106372,+34600002703,user4760@ex.com,STREET_14,SHOP_11,ES761000000989,LOC_836,TP_986,0
20002360,2024-01-28,PLT101220,+34600000545,user1519@ex.com,STREET_2675,SHOP_289,ES761000001686,LOC_944,TP_4989,0
20002361,2024-01-28,PLT101435,+34600000617,user1774@ex.com,STREET_651,SHOP_701,ES761000000791,LOC_378,TP_6702,0
20002362,2024-01-28,PLT102034,+34600003617,user4913@ex.com,STREET_2711,SHOP_169,ES761000001141,LOC_1076,TP_5805,0
20002359,2024-01-28,PLT101574,+34600000356,user3724@ex.com,STREET_1726,SHOP_139,ES761000003810,LOC_395,TP_5352,1
20002355,2024-01-28,PLT107071,+34600001543,user4518@ex.com,STREET_189,SHOP_722,ES761000003384,LOC_935,TP_4122,1
20002470,2024-01-29,PLT107429,+34600003424,user164@ex.com,STREET_1039,SHOP_330,ES761000002965,LOC_493,TP_6738,0
20002469,2024-01-29,PLT106490,+34600002137,user4524@ex.com,STREET_1508,SHOP_241,ES761000000538,LOC_530,TP_2022,0
20002464,2024-01-29,PLT105652,+34600001293,user200@ex.com,STREET_2028,SHOP_308,ES761000001515,LOC_402,TP_4450,0
20002468,2024-01-29,PLT101403,+34600001081,user1097@ex.com,STREET_1910,SHOP_65,ES761000000783,LOC_637,TP_5309,0
20002467,2024-01-29,PLT107807,+34600001757,user4615@ex.com,STREET_606,SHOP_358,ES761000002687,LOC_20,TP_2035,0
20002466,2024-01-29,PLT103071,+34600001693,user2152@ex.com,STREET_74,SHOP_326,ES761000000167,LOC_496,TP_4579,1
20002465,2024-01-29,PLT104483,+34600000200,user4008@ex.com,STREET_2516,SHOP_653,ES761000003355,LOC_392,TP_5387,0
20002460,2024-01-29,PLT102198,+34600000269,user4738@ex.com,STREET_1702,SHOP_865,ES761000002600,LOC_1056,TP_7431,0
20002462,2024-01-29,PLT107098,+34600000622,user977@ex.com,STREET_1687,SHOP_12,ES761000003110,LOC_576,TP_625,0
20002461,2024-01-29,PLT107411,+34600000931,user2239@ex.com,STREET_1233,SHOP_767,ES761000002629,LOC_804,TP_3941,0
20002459,2024-01-29,PLT101722,+34600002617,user2020@ex.com,STREET_1953,SHOP_183,ES761000003336,LOC_1181,TP_6476,0
20002458,2024-01-29,PLT104066,+34600002113,user3991@ex.com,STREET_1679,SHOP_211,ES761000001582,LOC_129,TP_3319,0
20002471,2024-01-29,PLT106089,+34600003900,user3680@ex.com,STREET_1773,SHOP_470,ES761000002137,LOC_516,TP_3187,0
20002457,2024-01-29,PLT101713,+34600000248,user2987@ex.com,STREET_2418,SHOP_306,ES761000000623,LOC_1063,TP_7624,0
20002463,2024-01-29,PLT100522,+34600001883,user2552@ex.com,STREET_660,SHOP_950,ES761000003011,LOC_284,TP_4024,1
20002472,2024-01-29,PLT103937,+34600000585,user2519@ex.com,STREET_1527,SHOP_248,ES761000002852,LOC_991,TP_7641,0
20002483,2024-01-29,PLT106383,+34600002230,user427@ex.com,STREET_424,SHOP_620,ES761000001464,LOC_1138,TP_7155,0
20002474,2024-01-29,PLT101569,+34600002584,user1528@ex.com,STREET_415,SHOP_336,ES761000000698,LOC_656,TP_4166,0
20002456,2024-01-29,PLT106068,+34600001198,user4255@ex.com,STREET_662,SHOP_835,ES761000003642,LOC_726,TP_1834,1
20002489,2024-01-29,PLT104072,+34600001009,user264@ex.com,STREET_2171,SHOP_539,ES761000002950,LOC_1167,TP_6449,0
20002488,2024-01-29,PLT102128,+34600000460,user531@ex.com,STREET_486,SHOP_45,ES761000000158,LOC_1100,TP_7899,1
20002487,2024-01-29,PLT101403,+34600000321,user1231@ex.com,STREET_2005,SHOP_517,ES761000001153,LOC_262,TP_4419,1
20002486,2024-01-29,PLT105072,+34600003400,user647@ex.com,STREET_320,SHOP_135,ES761000002902,LOC_912,TP_1014,0
20002485,2024-01-29,PLT103617,+34600002828,user1795@ex.com,STREET_1902,SHOP_157,ES761000000064,LOC_122,TP_2826,0
20002484,2024-01-29,PLT104513,+34600002565,user1993@ex.com,STREET_2360,SHOP_126,ES761000001046,LOC_11,TP_3630,0
20002482,2024-01-29,PLT107216,+34600001714,user2087@ex.com,STREET_478,SHOP_162,ES761000003455,LOC_400,TP_6074,0
20002481,2024-01-29,PLT102482,+34600003412,user4618@ex.com,STREET_2882,SHOP_592,ES761000000191,LOC_606,TP_7353,0
20002480,2024-01-29,PLT103648,+34600003824,user2006@ex.com,STREET_570,SHOP_85,ES761000002379,LOC_795,TP_2798,0
20002479,2024-01-29,PLT106509,+34600000627,user3817@ex.com,STREET_456,SHOP_698,ES761000000223,LOC_1019,TP_4032,0
20002478,2024-01-29,PLT107429,+34600003188,user3564@ex.com,STREET_447,SHOP_916,ES761000001007,LOC_409,TP_2039,0
20002477,2024-01-29,PLT101944,+34600002304,user4719@ex.com,STREET_2998,SHOP_887,ES761000000393,LOC_492,TP_4312,0
20002476,2024-01-29,PLT102198,+34600000321,user940@ex.com,STREET_270,SHOP_673,ES761000001119,LOC_340,TP_2996,0
20002475,2024-01-29,PLT106929,+34600002310,user3215@ex.com,STREET_1432,SHOP_328,ES761000003275,LOC_469,TP_1497,0
20002473,2024-01-29,PLT102550,+34600000979,user2491@ex.com,STREET_2361,SHOP_982,ES761000001164,LOC_223,TP_1012,0
20002455,2024-01-29,PLT100470,+34600002178,user3314@ex.com,STREET_1245,SHOP_334,ES761000001368,LOC_138,TP_441,0
20002453,2024-01-29,PLT107105,+34600000161,user4394@ex.com,STREET_1277,SHOP_875,ES761000000606,LOC_92,TP_1802,0
20002427,2024-01-29,PLT107184,+34600003354,user50@ex.com,STREET_1683,SHOP_596,ES761000001821,LOC_127,TP_1714,1
20002434,2024-01-29,PLT107173,+34600003717,user1778@ex.com,STREET_1904,SHOP_566,ES761000003131,LOC_604,TP_2464,0
20002432,2024-01-29,PLT106449,+34600003458,user3058@ex.com,STREET_1790,SHOP_154,ES761000001854,LOC_505,TP_7474,0
20002431,2024-01-29,PLT103817,+34600001363,user168@ex.com,STREET_2560,SHOP_927,ES761000002438,LOC_136,TP_3727,0
20002430,2024-01-29,PLT101174,+34600002367,user2419@ex.com,STREET_698,SHOP_811,ES761000002266,LOC_243,TP_5083,0
20002429,2024-01-29,PLT104007,+34600001640,user4162@ex.com,STREET_803,SHOP_333,ES761000002828,LOC_236,TP_1922,0
20002428,2024-01-29,PLT104066,+34600002434,user579@ex.com,STREET_1456,SHOP_36,ES761000001561,LOC_208,TP_7718,0
20002435,2024-01-29,PLT100470,+34600002144,user2184@ex.com,STREET_903,SHOP_771,ES761000003661,LOC_363,TP_4912,0
20002426,2024-01-29,PLT103417,+34600001592,user3462@ex.com,STREET_1600,SHOP_681,ES761000001231,LOC_1028,TP_5975,0
20002424,2024-01-29,PLT100192,+34600001980,user1807@ex.com,STREET_1515,SHOP_281,ES761000001178,LOC_503,TP_7600,0
20002423,2024-01-29,PLT104113,+34600002963,user1135@ex.com,STREET_2016,SHOP_963,ES761000003971,LOC_702,TP_2209,1
20002422,2024-01-29,PLT101776,+34600000914,user1182@ex.com,STREET_2507,SHOP_918,ES761000003987,LOC_453,TP_4706,0
20002421,2024-01-29,PLT107811,+34600003609,user3078@ex.com,STREET_194,SHOP_970,ES761000002556,LOC_237,TP_1028,0
20002420,2024-01-29,PLT100092,+34600002074,user2342@ex.com,STREET_2454,SHOP_158,ES761000001721,LOC_1003,TP_4836,0
20002454,2024-01-29,PLT106392,+34600003004,user3443@ex.com,STREET_2495,SHOP_873,ES761000001611,LOC_289,TP_4587,0
20002425,2024-01-29,PLT102905,+34600003617,user2037@ex.com,STREET_1336,SHOP_775,ES761000001337,LOC_1000,TP_568,0
20002436,2024-01-29,PLT101093,+34600003208,user936@ex.com,STREET_995,SHOP_303,ES761000003722,LOC_1164,TP_6585,0
20002433,2024-01-29,PLT107754,+34600003254,user3807@ex.com,STREET_2254,SHOP_352,ES761000001550,LOC_843,TP_238,0
20002438,2024-01-29,PLT101005,+34600001381,user103@ex.com,STREET_1035,SHOP_513,ES761000001843,LOC_719,TP_5132,0
20002452,2024-01-29,PLT106929,+34600001132,user3293@ex.com,STREET_663,SHOP_823,ES761000000983,LOC_246,TP_7054,0
20002451,2024-01-29,PLT100411,+34600001505,user914@ex.com,STREET_460,SHOP_690,ES761000000337,LOC_661,TP_1827,0
20002450,2024-01-29,PLT102223,+34600000066,user585@ex.com,STREET_460,SHOP_358,ES761000000308,LOC_1012,TP_6292,0
20002449,2024-01-29,PLT102121,+34600003039,user1059@ex.com,STREET_755,SHOP_419,ES761000001425,LOC_1146,TP_5369,0
20002448,2024-01-29,PLT102402,+34600001591,user691@ex.com,STREET_2740,SHOP_884,ES761000001972,LOC_376,TP_3792,0
20002437,2024-01-29,PLT107411,+34600003233,user1286@ex.com,STREET_363,SHOP_987,ES761000001049,LOC_929,TP_7543,0
20002446,2024-01-29,PLT104249,+34600002177,user1724@ex.com,STREET_1310,SHOP_893,ES761000002513,LOC_266,TP_2665,1
20002445,2024-01-29,PLT103563,+34600000285,user3171@ex.com,STREET_669,SHOP_762,ES761000003311,LOC_579,TP_7765,0
20002447,2024-01-29,PLT102879,+34600000564,user3715@ex.com,STREET_2042,SHOP_193,ES761000002407,LOC_624,TP_1536,0
20002444,2024-01-29,PLT101939,+34600000796,user3686@ex.com,STREET_1869,SHOP_570,ES761000002398,LOC_803,TP_3380,0
20002443,2024-01-29,PLT100193,+34600000069,user2666@ex.com,STREET_781,SHOP_913,ES761000000989,LOC_262,TP_3375,0
20002442,2024-01-29,PLT101405,+34600001823,user1345@ex.com,STREET_727,SHOP_992,ES761000001394,LOC_87,TP_1175,1
20002441,2024-01-29,PLT101551,+34600000249,user343@ex.com,STREET_635,SHOP_974,ES761000001270,LOC_1121,TP_2005,0
20002440,2024-01-29,PLT106138,+34600003430,user1800@ex.com,STREET_1181,SHOP_804,ES761000001432,LOC_410,TP_5473,0
20002439,2024-01-29,PLT103403,+34600001407,user1319@ex.com,STREET_1510,SHOP_508,ES761000002038,LOC_611,TP_3226,0
20002541,2024-01-30,PLT103281,+34600002341,user2471@ex.com,STREET_2385,SHOP_307,ES761000001338,LOC_508,TP_4981,0
20002546,2024-01-30,PLT102502,+34600001462,user559@ex.com,STREET_2162,SHOP_480,ES761000002293,LOC_306,TP_1487,0
20002545,2024-01-30,PLT106267,+34600003635,user4703@ex.com,STREET_1838,SHOP_133,ES761000001057,LOC_56,TP_6394,0
20002544,2024-01-30,PLT103545,+34600002837,user3622@ex.com,STREET_2750,SHOP_379,ES761000000136,LOC_707,TP_1746,0
20002543,2024-01-30,PLT104289,+34600002506,user3040@ex.com,STREET_335,SHOP_964,ES761000000791,LOC_1103,TP_682,0
20002542,2024-01-30,PLT106440,+34600000568,user2510@ex.com,STREET_2361,SHOP_363,ES761000003541,LOC_942,TP_3367,0
20002547,2024-01-30,PLT106952,+34600001698,user1364@ex.com,STREET_1160,SHOP_920,ES761000000620,LOC_42,TP_7444,0
20002540,2024-01-30,PLT105739,+34600000217,user4976@ex.com,STREET_459,SHOP_152,ES761000001440,LOC_214,TP_1539,0
20002531,2024-01-30,PLT103287,+34600000158,user4927@ex.com,STREET_1565,SHOP_887,ES761000000890,LOC_105,TP_4711,0
20002538,2024-01-30,PLT106595,+34600000790,user640@ex.com,STREET_182,SHOP_875,ES761000003373,LOC_1137,TP_7896,1
20002537,2024-01-30,PLT105214,+34600000992,user3661@ex.com,STREET_1255,SHOP_51,ES761000002823,LOC_439,TP_714,0
20002536,2024-01-30,PLT104918,+34600003272,user354@ex.com,STREET_2309,SHOP_117,ES761000003982,LOC_45,TP_5617,0
20002535,2024-01-30,PLT105335,+34600002154,user42@ex.com,STREET_632,SHOP_323,ES761000002054,LOC_890,TP_2333,0
20002534,2024-01-30,PLT105859,+34600002359,user4228@ex.com,STREET_1132,SHOP_853,ES761000003300,LOC_1141,TP_887,0
20002533,2024-01-30,PLT104717,+34600002850,user59@ex.com,STREET_1439,SHOP_292,ES761000001659,LOC_462,TP_7479,0
20002532,2024-01-30,PLT107619,+34600003438,user2958@ex.com,STREET_2325,SHOP_416,ES761000003276,LOC_542,TP_3784,0
20002548,2024-01-30,PLT100423,+34600003251,user1734@ex.com,STREET_2005,SHOP_151,ES761000002904,LOC_8,TP_2815,0
20002539,2024-01-30,PLT104918,+34600000592,user4864@ex.com,STREET_240,SHOP_377,ES761000002115,LOC_667,TP_474,0
20002549,2024-01-30,PLT107619,+34600001883,user2664@ex.com,STREET_1567,SHOP_259,ES761000002286,LOC_969,TP_6173,1
20002567,2024-01-30,PLT107602,+34600001216,user1914@ex.com,STREET_2382,SHOP_482,ES761000001584,LOC_968,TP_7295,0
20002551,2024-01-30,PLT101187,+34600003678,user3611@ex.com,STREET_1075,SHOP_375,ES761000001519,LOC_232,TP_4710,0
20002569,2024-01-30,PLT100400,+34600002018,user2341@ex.com,STREET_409,SHOP_998,ES761000001088,LOC_52,TP_5617,0
20002568,2024-01-30,PLT102130,+34600002502,user1689@ex.com,STREET_2432,SHOP_147,ES761000002108,LOC_949,TP_5014,1
20002566,2024-01-30,PLT106312,+34600002877,user155@ex.com,STREET_1100,SHOP_513,ES761000003606,LOC_385,TP_6593,0
20002565,2024-01-30,PLT102600,+34600001392,user133@ex.com,STREET_2351,SHOP_168,ES761000000753,LOC_678,TP_3091,0
20002564,2024-01-30,PLT100192,+34600000418,user3188@ex.com,STREET_1205,SHOP_937,ES761000002986,LOC_910,TP_644,0
20002563,2024-01-30,PLT100641,+34600001028,user1792@ex.com,STREET_2857,SHOP_530,ES761000000330,LOC_775,TP_506,0
20002562,2024-01-30,PLT100217,+34600002186,user3823@ex.com,STREET_2340,SHOP_912,ES761000000127,LOC_881,TP_5988,0
20002561,2024-01-30,PLT105224,+34600002284,user4980@ex.com,STREET_2964,SHOP_12,ES761000000063,LOC_548,TP_3076,0
20002560,2024-01-30,PLT104718,+34600000029,user2961@ex.com,STREET_2889,SHOP_95,ES761000000337,LOC_95,TP_6948,0
20002559,2024-01-30,PLT102550,+34600001727,user4354@ex.com,STREET_1691,SHOP_385,ES761000003612,LOC_789,TP_6267,0
20002558,2024-01-30,PLT101168,+34600003297,user2706@ex.com,STREET_1550,SHOP_157,ES761000001047,LOC_646,TP_400,1
20002557,2024-01-30,PLT102018,+34600003745,user2572@ex.com,STREET_851,SHOP_37,ES761000001228,LOC_98,TP_6310,0
20002556,2024-01-30,PLT101221,+34600000701,user3471@ex.com,STREET_226,SHOP_56,ES761000003566,LOC_1173,TP_2535,0
20002555,2024-01-30,PLT107073,+34600003330,user855@ex.com,STREET_944,SHOP_772,ES761000002797,LOC_280,TP_6422,0
20002554,2024-01-30,PLT103826,+34600000347,user4542@ex.com,STREET_1475,SHOP_886,ES761000000881,LOC_717,TP_3027,0
20002553,2024-01-30,PLT104170,+34600000933,user2272@ex.com,STREET_2035,SHOP_161,ES761000003183,LOC_887,TP_4058,0
20002552,2024-01-30,PLT104773,+34600001034,user3522@ex.com,STREET_1595,SHOP_658,ES761000001544,LOC_302,TP_5275,0
20002550,2024-01-30,PLT103010,+34600000278,user927@ex.com,STREET_552,SHOP_777,ES761000003346,LOC_792,TP_3957,0
20002530,2024-01-30,PLT103358,+34600000112,user1303@ex.com,STREET_1212,SHOP_957,ES761000001363,LOC_1170,TP_1922,0
20002495,2024-01-30,PLT105554,+34600001578,user941@ex.com,STREET_1600,SHOP_80,ES761000000891,LOC_863,TP_6540,0
20002528,2024-01-30,PLT104018,+34600002938,user499@ex.com,STREET_2320,SHOP_444,ES761000001924,LOC_285,TP_6524,0
20002506,2024-01-30,PLT103312,+34600001325,user4609@ex.com,STREET_1313,SHOP_133,ES761000003024,LOC_694,TP_3858,0
20002505,2024-01-30,PLT106793,+34600003298,user4865@ex.com,STREET_584,SHOP_761,ES761000002646,LOC_269,TP_6189,1
20002504,2024-01-30,PLT107411,+34600003103,user625@ex.com,STREET_1444,SHOP_904,ES761000001630,LOC_850,TP_2745,0
20002503,2024-01-30,PLT103564,+34600000960,user2588@ex.com,STREET_1676,SHOP_429,ES761000003307,LOC_79,TP_7850,1
20002502,2024-01-30,PLT106003,+34600000380,user1715@ex.com,STREET_2042,SHOP_631,ES761000000062,LOC_894,TP_59,0
20002501,2024-01-30,PLT106068,+34600001418,user4218@ex.com,STREET_2662,SHOP_332,ES761000002244,LOC_655,TP_7741,0
20002500,2024-01-30,PLT105187,+34600002975,user2638@ex.com,STREET_918,SHOP_576,ES761000002143,LOC_1106,TP_7034,0
20002507,2024-01-30,PLT103415,+34600001583,user2836@ex.com,STREET_248,SHOP_527,ES761000001568,LOC_340,TP_3987,0
20002498,2024-01-30,PLT102675,+34600001832,user461@ex.com,STREET_571,SHOP_59,ES761000002164,LOC_985,TP_379,0
20002496,2024-01-30,PLT103897,+34600003230,user1697@ex.com,STREET_2787,SHOP_912,ES761000000082,LOC_999,TP_2672,0
20002494,2024-01-30,PLT107227,+34600000549,user4532@ex.com,STREET_1898,SHOP_414,ES761000001965,LOC_397,TP_715,1
20002493,2024-01-30,PLT104161,+34600002595,user3102@ex.com,STREET_2760,SHOP_310,ES761000001113,LOC_973,TP_5069,0
20002492,2024-01-30,PLT107087,+34600002410,user4469@ex.com,STREET_1869,SHOP_310,ES761000003786,LOC_88,TP_3160,0
20002491,2024-01-30,PLT104109,+34600001531,user3157@ex.com,STREET_1981,SHOP_651,ES761000003167,LOC_711,TP_4087,0
20002490,2024-01-30,PLT104475,+34600001298,user1504@ex.com,STREET_911,SHOP_714,ES761000000350,LOC_349,TP_6700,0
20002529,2024-01-30,PLT104113,+34600000945,user364@ex.com,STREET_1342,SHOP_745,ES761000002588,LOC_1044,TP_1200,1
20002497,2024-01-30,PLT102341,+34600003389,user4064@ex.com,STREET_1930,SHOP_722,ES761000002401,LOC_995,TP_6803,0
20002508,2024-01-30,PLT107582,+34600000909,user606@ex.com,STREET_931,SHOP_630,ES761000000461,LOC_883,TP_6678,0
20002499,2024-01-30,PLT101802,+34600002801,user4743@ex.com,STREET_1434,SHOP_455,ES761000002118,LOC_670,TP_3921,1
20002510,2024-01-30,PLT105160,+34600000175,user4948@ex.com,STREET_443,SHOP_898,ES761000003940,LOC_1175,TP_7026,0
20002509,2024-01-30,PLT105554,+34600001857,user3416@ex.com,STREET_2005,SHOP_449,ES761000000571,LOC_520,TP_2306,0
20002526,2024-01-30,PLT102889,+34600000549,user4246@ex.com,STREET_2386,SHOP_506,ES761000002791,LOC_865,TP_7608,0
20002525,2024-01-30,PLT101250,+34600001913,user3712@ex.com,STREET_1997,SHOP_698,ES761000000178,LOC_1069,TP_3274,1
20002524,2024-01-30,PLT107411,+34600003426,user2290@ex.com,STREET_2398,SHOP_470,ES761000001075,LOC_375,TP_7863,0
20002523,2024-01-30,PLT100423,+34600002895,user4893@ex.com,STREET_2179,SHOP_193,ES761000003976,LOC_261,TP_6349,0
20002522,2024-01-30,PLT104944,+34600001319,user2186@ex.com,STREET_752,SHOP_856,ES761000003338,LOC_770,TP_6142,0
20002521,2024-01-30,PLT107251,+34600002088,user1998@ex.com,STREET_1428,SHOP_841,ES761000000315,LOC_210,TP_3020,0
20002520,2024-01-30,PLT107217,+34600000512,user2246@ex.com,STREET_154,SHOP_117,ES761000002447,LOC_683,TP_215,0
20002519,2024-01-30,PLT100638,+34600002562,user2396@ex.com,STREET_1202,SHOP_620,ES761000002383,LOC_276,TP_589,0
20002518,2024-01-30,PLT103244,+34600000669,user333@ex.com,STREET_2042,SHOP_168,ES761000001140,LOC_1171,TP_7846,0
20002517,2024-01-30,PLT101069,+34600001878,user1341@ex.com,STREET_1623,SHOP_575,ES761000003148,LOC_1105,TP_2044,0
20002516,2024-01-30,PLT104249,+34600002690,user4826@ex.com,STREET_1482,SHOP_791,ES761000000904,LOC_482,TP_113,0
20002515,2024-01-30,PLT107184,+34600000111,user2489@ex.com,STREET_993,SHOP_69,ES761000000312,LOC_639,TP_4526,0
20002514,2024-01-30,PLT104249,+34600002581,user2472@ex.com,STREET_2170,SHOP_786,ES761000001316,LOC_617,TP_3045,0
20002513,2024-01-30,PLT105714,+34600001770,user430@ex.com,STREET_790,SHOP_946,ES761000001497,LOC_822,TP_2462,0
20002512,2024-01-30,PLT106372,+34600000180,user1671@ex.com,STREET_602,SHOP_667,ES761000001511,LOC_914,TP_5094,0
20002511,2024-01-30,PLT104018,+34600003910,user2693@ex.com,STREET_788,SHOP_111,ES761000000944,LOC_524,TP_4805,0
20002527,2024-01-30,PLT102973,+34600000269,user810@ex.com,STREET_2938,SHOP_168,ES761000003752,LOC_275,TP_4786,0
20002630,2024-01-31,PLT101874,+34600002981,user1183@ex.com,STREET_354,SHOP_710,ES761000000437,LOC_374,TP_3388,0
20002629,2024-01-31,PLT106014,+34600002560,user4303@ex.com,STREET_989,SHOP_269,ES761000003018,LOC_439,TP_2656,0
20002628,2024-01-31,PLT107581,+34600002656,user3698@ex.com,STREET_1008,SHOP_428,ES761000002020,LOC_697,TP_2825,0
20002633,2024-01-31,PLT104971,+34600003266,user2819@ex.com,STREET_370,SHOP_687,ES761000003935,LOC_974,TP_2150,0
20002632,2024-01-31,PLT102451,+34600001107,user4993@ex.com,STREET_125,SHOP_410,ES761000001603,LOC_542,TP_2762,0
20002627,2024-01-31,PLT107588,+34600003511,user1410@ex.com,STREET_2505,SHOP_907,ES761000003342,LOC_876,TP_7936,0
20002634,2024-01-31,PLT102504,+34600003733,user1895@ex.com,STREET_2929,SHOP_168,ES761000003853,LOC_804,TP_1739,1
20002631,2024-01-31,PLT106345,+34600000807,user1793@ex.com,STREET_1540,SHOP_22,ES761000002177,LOC_631,TP_5121,0
20002626,2024-01-31,PLT102987,+34600001531,user2267@ex.com,STREET_2782,SHOP_631,ES761000003311,LOC_912,TP_3601,0
20002617,2024-01-31,PLT101435,+34600003650,user3347@ex.com,STREET_673,SHOP_905,ES761000003996,LOC_36,TP_6162,0
20002624,2024-01-31,PLT106185,+34600002967,user673@ex.com,STREET_2710,SHOP_854,ES761000001931,LOC_170,TP_3464,1
20002623,2024-01-31,PLT102018,+34600000295,user2842@ex.com,STREET_1484,SHOP_517,ES761000000853,LOC_749,TP_7237,0
20002622,2024-01-31,PLT106301,+34600001932,user4864@ex.com,STREET_997,SHOP_88,ES761000001890,LOC_170,TP_1697,0
20002621,2024-01-31,PLT105125,+34600001517,user3929@ex.com,STREET_2372,SHOP_763,ES761000003784,LOC_33,TP_7557,1
20002620,2024-01-31,PLT102711,+34600002867,user4862@ex.com,STREET_1291,SHOP_95,ES761000003068,LOC_552,TP_4553,1
20002619,2024-01-31,PLT106509,+34600001377,user4960@ex.com,STREET_2335,SHOP_776,ES761000001266,LOC_133,TP_3785,0
20002618,2024-01-31,PLT101663,+34600000630,user4438@ex.com,STREET_1481,SHOP_68,ES761000002926,LOC_987,TP_4852,0
20002616,2024-01-31,PLT102647,+34600002081,user2190@ex.com,STREET_1887,SHOP_893,ES761000003430,LOC_954,TP_6189,1
20002635,2024-01-31,PLT106138,+34600001940,user1292@ex.com,STREET_543,SHOP_889,ES761000003772,LOC_726,TP_1288,0
20002625,2024-01-31,PLT101926,+34600002477,user4723@ex.com,STREET_1184,SHOP_407,ES761000000490,LOC_1082,TP_3354,0
20002636,2024-01-31,PLT105857,+34600000419,user1339@ex.com,STREET_138,SHOP_155,ES761000000003,LOC_174,TP_5987,0
20002656,2024-01-31,PLT101435,+34600000120,user824@ex.com,STREET_81,SHOP_561,ES761000002477,LOC_748,TP_5375,0
20002638,2024-01-31,PLT106478,+34600001094,user10@ex.com,STREET_292,SHOP_983,ES761000001179,LOC_1170,TP_1332,0
20002615,2024-01-31,PLT104141,+34600003391,user1385@ex.com,STREET_350,SHOP_73,ES761000002518,LOC_1131,TP_1092,1
20002658,2024-01-31,PLT101174,+34600002082,user655@ex.com,STREET_87,SHOP_539,ES761000002159,LOC_223,TP_3632,0
20002657,2024-01-31,PLT101267,+34600003249,user1348@ex.com,STREET_2633,SHOP_406,ES761000000559,LOC_620,TP_3204,0
20002655,2024-01-31,PLT101397,+34600002770,user15@ex.com,STREET_1214,SHOP_975,ES761000002735,LOC_361,TP_1779,0
20002654,2024-01-31,PLT107902,+34600001853,user1907@ex.com,STREET_1949,SHOP_781,ES761000000533,LOC_1123,TP_2054,0
20002652,2024-01-31,PLT105125,+34600002643,user3472@ex.com,STREET_2262,SHOP_121,ES761000003363,LOC_278,TP_6758,0
20002651,2024-01-31,PLT103133,+34600000595,user2684@ex.com,STREET_2331,SHOP_547,ES761000001792,LOC_1069,TP_3997,0
20002650,2024-01-31,PLT104877,+34600001922,user2746@ex.com,STREET_1786,SHOP_168,ES761000003667,LOC_701,TP_30,1
20002649,2024-01-31,PLT101207,+34600000720,user2789@ex.com,STREET_1971,SHOP_396,ES761000001045,LOC_1134,TP_6580,0
20002648,2024-01-31,PLT106397,+34600001175,user4447@ex.com,STREET_2365,SHOP_13,ES761000000687,LOC_301,TP_1491,0
20002647,2024-01-31,PLT103492,+34600001492,user1528@ex.com,STREET_752,SHOP_81,ES761000001369,LOC_64,TP_3177,0
20002646,2024-01-31,PLT105121,+34600002433,user1968@ex.com,STREET_1684,SHOP_243,ES761000000913,LOC_873,TP_2509,0
20002645,2024-01-31,PLT104305,+34600002735,user3852@ex.com,STREET_2731,SHOP_80,ES761000000530,LOC_331,TP_4826,0
20002644,2024-01-31,PLT103075,+34600001902,user4095@ex.com,STREET_732,SHOP_340,ES761000002817,LOC_949,TP_7199,0
20002643,2024-01-31,PLT101597,+34600000955,user1216@ex.com,STREET_2159,SHOP_214,ES761000000608,LOC_316,TP_1085,0
20002642,2024-01-31,PLT100367,+34600002217,user405@ex.com,STREET_2066,SHOP_531,ES761000003658,LOC_800,TP_4613,0
20002641,2024-01-31,PLT102665,+34600003506,user3156@ex.com,STREET_791,SHOP_334,ES761000000804,LOC_198,TP_3768,0
20002640,2024-01-31,PLT106446,+34600003134,user2579@ex.com,STREET_1392,SHOP_910,ES761000003123,LOC_821,TP_7834,0
20002639,2024-01-31,PLT102834,+34600003384,user4379@ex.com,STREET_15,SHOP_979,ES761000001735,LOC_962,TP_911,0
20002637,2024-01-31,PLT103262,+34600002971,user1522@ex.com,STREET_835,SHOP_184,ES761000002259,LOC_421,TP_5949,0
20002614,2024-01-31,PLT100425,+34600000580,user1878@ex.com,STREET_198,SHOP_439,ES761000003252,LOC_944,TP_5208,1
20002653,2024-01-31,PLT101416,+34600003080,user173@ex.com,STREET_2236,SHOP_771,ES761000003009,LOC_1183,TP_4404,1
20002612,2024-01-31,PLT102567,+34600002853,user681@ex.com,STREET_1824,SHOP_586,ES761000003044,LOC_987,TP_6249,0
20002588,2024-01-31,PLT101983,+34600000387,user2607@ex.com,STREET_1098,SHOP_147,ES761000002931,LOC_1033,TP_1783,0
20002587,2024-01-31,PLT105224,+34600001073,user3048@ex.com,STREET_2427,SHOP_592,ES761000003744,LOC_1063,TP_7071,0
20002586,2024-01-31,PLT104798,+34600001263,user3385@ex.com,STREET_497,SHOP_764,ES761000000944,LOC_1080,TP_2236,0
20002585,2024-01-31,PLT102071,+34600000866,user2230@ex.com,STREET_2535,SHOP_122,ES761000001928,LOC_1191,TP_7995,0
20002584,2024-01-31,PLT101435,+34600002460,user1551@ex.com,STREET_1980,SHOP_759,ES761000003309,LOC_639,TP_4056,0
20002583,2024-01-31,PLT102482,+34600000834,user2187@ex.com,STREET_15,SHOP_964,ES761000002534,LOC_530,TP_317,1
20002582,2024-01-31,PLT104176,+34600000067,user3912@ex.com,STREET_238,SHOP_341,ES761000002600,LOC_760,TP_6301,0
20002581,2024-01-31,PLT104202,+34600002136,user882@ex.com,STREET_1103,SHOP_147,ES761000002642,LOC_139,TP_2817,1
20002580,2024-01-31,PLT101435,+34600001616,user4727@ex.com,STREET_2922,SHOP_533,ES761000000689,LOC_494,TP_2121,0
20002579,2024-01-31,PLT103444,+34600000171,user338@ex.com,STREET_2982,SHOP_804,ES761000002652,LOC_62,TP_1760,1
20002578,2024-01-31,PLT101574,+34600003883,user40@ex.com,STREET_612,SHOP_339,ES761000000024,LOC_967,TP_7528,0
20002577,2024-01-31,PLT105641,+34600001436,user3565@ex.com,STREET_324,SHOP_661,ES761000001889,LOC_426,TP_1330,0
20002576,2024-01-31,PLT103454,+34600001921,user1043@ex.com,STREET_2476,SHOP_695,ES761000000009,LOC_331,TP_1043,0
20002575,2024-01-31,PLT107809,+34600000589,user163@ex.com,STREET_4,SHOP_305,ES761000002716,LOC_323,TP_3807,0
20002574,2024-01-31,PLT105795,+34600003166,user3516@ex.com,STREET_2631,SHOP_475,ES761000002228,LOC_539,TP_6745,1
20002573,2024-01-31,PLT106984,+34600002500,user779@ex.com,STREET_358,SHOP_80,ES761000002860,LOC_248,TP_465,0
20002572,2024-01-31,PLT106783,+34600003425,user1473@ex.com,STREET_660,SHOP_161,ES761000001148,LOC_183,TP_3243,0
20002570,2024-01-31,PLT107139,+34600000071,user48@ex.com,STREET_2498,SHOP_410,ES761000001585,LOC_284,TP_4438,0
20002613,2024-01-31,PLT103684,+34600003855,user3222@ex.com,STREET_479,SHOP_743,ES761000001277,LOC_1034,TP_112,0
20002589,2024-01-31,PLT100846,+34600002304,user2617@ex.com,STREET_649,SHOP_329,ES761000003014,LOC_715,TP_5992,0
20002590,2024-01-31,PLT100192,+34600001562,user1835@ex.com,STREET_1739,SHOP_804,ES761000001655,LOC_729,TP_6550,0
20002571,2024-01-31,PLT103321,+34600003823,user4165@ex.com,STREET_992,SHOP_655,ES761000001775,LOC_416,TP_4379,0
20002592,2024-01-31,PLT101436,+34600000535,user1246@ex.com,STREET_124,SHOP_693,ES761000002598,LOC_976,TP_4232,0
20002591,2024-01-31,PLT104782,+34600003880,user1360@ex.com,STREET_1256,SHOP_460,ES761000000523,LOC_734,TP_3849,1
20002611,2024-01-31,PLT104763,+34600003060,user870@ex.com,STREET_149,SHOP_633,ES761000000818,LOC_133,TP_6593,1
20002610,2024-01-31,PLT101446,+34600003263,user4010@ex.com,STREET_2295,SHOP_687,ES761000002400,LOC_214,TP_7623,0
20002609,2024-01-31,PLT106908,+34600002101,user2180@ex.com,STREET_628,SHOP_742,ES761000002277,LOC_92,TP_1014,0
20002608,2024-01-31,PLT103809,+34600003127,user187@ex.com,STREET_2218,SHOP_319,ES761000003696,LOC_995,TP_6968,0
20002607,2024-01-31,PLT104245,+34600003105,user3541@ex.com,STREET_2908,SHOP_419,ES761000002892,LOC_709,TP_4927,1
20002605,2024-01-31,PLT100507,+34600002697,user3236@ex.com,STREET_1315,SHOP_963,ES761000000978,LOC_376,TP_598,0
20002604,2024-01-31,PLT106581,+34600001371,user3322@ex.com,STREET_2336,SHOP_206,ES761000002594,LOC_1092,TP_797,0
20002603,2024-01-31,PLT100143,+34600002930,user2813@ex.com,STREET_2215,SHOP_776,ES761000003828,LOC_219,TP_6969,1
20002606,2024-01-31,PLT104717,+34600002766,user270@ex.com,STREET_624,SHOP_54,ES761000000448,LOC_96,TP_5322,0
20002601,2024-01-31,PLT106345,+34600001728,user2396@ex.com,STREET_2577,SHOP_531,ES761000000994,LOC_1180,TP_5110,0
20002600,2024-01-31,PLT101397,+34600000477,user3018@ex.com,STREET_272,SHOP_338,ES761000002449,LOC_718,TP_1873,0
20002599,2024-01-31,PLT105819,+34600003257,user2084@ex.com,STREET_1539,SHOP_398,ES761000000115,LOC_146,TP_2253,0
20002593,2024-01-31,PLT107247,+34600000345,user1375@ex.com,STREET_1398,SHOP_856,ES761000003041,LOC_922,TP_216,0
20002594,2024-01-31,PLT104569,+34600000469,user2470@ex.com,STREET_2945,SHOP_282,ES761000003932,LOC_340,TP_298,0
20002598,2024-01-31,PLT102600,+34600000551,user4085@ex.com,STREET_2144,SHOP_201,ES761000002310,LOC_749,TP_798,0
20002597,2024-01-31,PLT102206,+34600000678,user4069@ex.com,STREET_2684,SHOP_31,ES761000002161,LOC_646,TP_2668,0
20002596,2024-01-31,PLT105250,+34600003232,user3231@ex.com,STREET_2067,SHOP_830,ES761000003694,LOC_16,TP_1376,1
20002602,2024-01-31,PLT102844,+34600000102,user1035@ex.com,STREET_1497,SHOP_856,ES761000002000,LOC_668,TP_6951,0
20002595,2024-01-31,PLT100281,+34600000087,user358@ex.com,STREET_1482,SHOP_526,ES761000001524,LOC_280,TP_1966,1
20002714,2024-02-01,PLT100828,+34600002940,user1457@ex.com,STREET_103,SHOP_450,ES761000001902,LOC_926,TP_6411,1
20002715,2024-02-01,PLT106138,+34600001820,user2581@ex.com,STREET_2233,SHOP_475,ES761000001352,LOC_330,TP_2879,1
20002718,2024-02-01,PLT100998,+34600001878,user1787@ex.com,STREET_886,SHOP_657,ES761000002878,LOC_155,TP_3025,0
20002717,2024-02-01,PLT101568,+34600001448,user1606@ex.com,STREET_2049,SHOP_826,ES761000001692,LOC_854,TP_561,0
20002719,2024-02-01,PLT101594,+34600000267,user2740@ex.com,STREET_2632,SHOP_523,ES761000002237,LOC_382,TP_2763,0
20002713,2024-02-01,PLT103507,+34600002151,user4040@ex.com,STREET_2985,SHOP_470,ES761000002378,LOC_548,TP_3832,0
20002716,2024-02-01,PLT105759,+34600003248,user1389@ex.com,STREET_2583,SHOP_359,ES761000002470,LOC_799,TP_4271,0
20002712,2024-02-01,PLT100173,+34600001310,user3768@ex.com,STREET_493,SHOP_342,ES761000002094,LOC_324,TP_1754,0
20002704,2024-02-01,PLT103361,+34600003631,user3040@ex.com,STREET_2073,SHOP_963,ES761000003522,LOC_271,TP_4439,0
20002710,2024-02-01,PLT107335,+34600001744,user2812@ex.com,STREET_755,SHOP_7,ES761000002081,LOC_761,TP_1098,0
20002709,2024-02-01,PLT104511,+34600002604,user539@ex.com,STREET_1409,SHOP_475,ES761000001781,LOC_236,TP_6521,1
20002708,2024-02-01,PLT105365,+34600002055,user3817@ex.com,STREET_2082,SHOP_209,ES761000001278,LOC_160,TP_6714,0
20002707,2024-02-01,PLT102071,+34600003921,user3788@ex.com,STREET_121,SHOP_254,ES761000002549,LOC_533,TP_1560,0
20002706,2024-02-01,PLT101568,+34600003522,user587@ex.com,STREET_2079,SHOP_447,ES761000000702,LOC_75,TP_5454,0
20002705,2024-02-01,PLT102267,+34600002003,user1965@ex.com,STREET_241,SHOP_919,ES761000001342,LOC_1196,TP_6127,0
20002720,2024-02-01,PLT100926,+34600001098,user363@ex.com,STREET_1619,SHOP_835,ES761000000037,LOC_1189,TP_6997,1
20002703,2024-02-01,PLT106581,+34600000809,user535@ex.com,STREET_1045,SHOP_265,ES761000002282,LOC_1100,TP_7549,0
20002711,2024-02-01,PLT100926,+34600002370,user1536@ex.com,STREET_1889,SHOP_34,ES761000002988,LOC_448,TP_1405,0
20002721,2024-02-01,PLT101518,+34600000919,user1922@ex.com,STREET_874,SHOP_451,ES761000000716,LOC_476,TP_4863,0
20002731,2024-02-01,PLT105224,+34600002493,user2576@ex.com,STREET_322,SHOP_405,ES761000000662,LOC_236,TP_5579,0
20002723,2024-02-01,PLT107216,+34600002955,user4130@ex.com,STREET_1077,SHOP_293,ES761000000794,LOC_1121,TP_4779,0
20002742,2024-02-01,PLT107582,+34600001889,user2375@ex.com,STREET_1465,SHOP_519,ES761000001632,LOC_147,TP_2967,0
20002702,2024-02-01,PLT107285,+34600003504,user1127@ex.com,STREET_1376,SHOP_715,ES761000000022,LOC_310,TP_2559,0
20002741,2024-02-01,PLT102819,+34600000915,user1427@ex.com,STREET_674,SHOP_139,ES761000001977,LOC_949,TP_6716,1
20002740,2024-02-01,PLT102354,+34600001196,user2519@ex.com,STREET_2943,SHOP_485,ES761000000767,LOC_1133,TP_1059,1
20002739,2024-02-01,PLT107826,+34600002223,user2191@ex.com,STREET_1434,SHOP_248,ES761000000678,LOC_1114,TP_5997,0
20002738,2024-02-01,PLT101435,+34600000796,user2740@ex.com,STREET_876,SHOP_835,ES761000003876,LOC_163,TP_2139,0
20002737,2024-02-01,PLT107037,+34600001756,user3334@ex.com,STREET_484,SHOP_85,ES761000003132,LOC_1173,TP_7998,1
20002736,2024-02-01,PLT105742,+34600000858,user4085@ex.com,STREET_1457,SHOP_612,ES761000003705,LOC_1,TP_7509,0
20002735,2024-02-01,PLT102661,+34600002620,user4564@ex.com,STREET_2064,SHOP_434,ES761000000934,LOC_156,TP_7522,0
20002734,2024-02-01,PLT102023,+34600003374,user3168@ex.com,STREET_2804,SHOP_495,ES761000000452,LOC_1131,TP_6444,0
20002733,2024-02-01,PLT103624,+34600000703,user3684@ex.com,STREET_1060,SHOP_493,ES761000003754,LOC_1159,TP_4966,0
20002732,2024-02-01,PLT104515,+34600000502,user2823@ex.com,STREET_1035,SHOP_283,ES761000001571,LOC_1067,TP_3227,0
20002730,2024-02-01,PLT107714,+34600001427,user1374@ex.com,STREET_2292,SHOP_735,ES761000000158,LOC_851,TP_1243,0
20002729,2024-02-01,PLT103395,+34600003579,user4661@ex.com,STREET_1943,SHOP_123,ES761000003763,LOC_932,TP_4100,0
20002728,2024-02-01,PLT106546,+34600002272,user920@ex.com,STREET_104,SHOP_508,ES761000003853,LOC_189,TP_4139,0
20002727,2024-02-01,PLT100323,+34600002852,user972@ex.com,STREET_1984,SHOP_117,ES761000000918,LOC_457,TP_2371,1
20002726,2024-02-01,PLT105747,+34600000020,user2304@ex.com,STREET_1575,SHOP_190,ES761000000074,LOC_718,TP_3226,0
20002725,2024-02-01,PLT104193,+34600002953,user322@ex.com,STREET_973,SHOP_804,ES761000002903,LOC_245,TP_3828,0
20002724,2024-02-01,PLT104798,+34600002113,user63@ex.com,STREET_2968,SHOP_201,ES761000001749,LOC_1044,TP_1379,0
20002722,2024-02-01,PLT101270,+34600002692,user3774@ex.com,STREET_2171,SHOP_276,ES761000000496,LOC_1051,TP_2500,0
20002701,2024-02-01,PLT107837,+34600002741,user2645@ex.com,STREET_883,SHOP_662,ES761000001320,LOC_1010,TP_1632,0
20002692,2024-02-01,PLT101271,+34600001216,user4004@ex.com,STREET_577,SHOP_918,ES761000002911,LOC_546,TP_7753,0
20002699,2024-02-01,PLT103563,+34600000471,user1340@ex.com,STREET_1023,SHOP_322,ES761000001273,LOC_1064,TP_4578,1
20002675,2024-02-01,PLT104971,+34600003959,user3424@ex.com,STREET_2820,SHOP_333,ES761000003200,LOC_1146,TP_1731,0
20002674,2024-02-01,PLT106003,+34600002550,user1496@ex.com,STREET_774,SHOP_978,ES761000002022,LOC_958,TP_6572,0
20002673,2024-02-01,PLT101206,+34600001686,user4196@ex.com,STREET_1865,SHOP_633,ES761000000238,LOC_756,TP_7508,0
20002672,2024-02-01,PLT100796,+34600003360,user2709@ex.com,STREET_588,SHOP_777,ES761000000795,LOC_603,TP_4828,1
20002671,2024-02-01,PLT106882,+34600002167,user3460@ex.com,STREET_30,SHOP_893,ES761000003276,LOC_141,TP_5900,0
20002670,2024-02-01,PLT104123,+34600003405,user3968@ex.com,STREET_579,SHOP_772,ES761000000881,LOC_564,TP_659,0
20002669,2024-02-01,PLT106783,+34600003314,user3384@ex.com,STREET_2302,SHOP_293,ES761000000578,LOC_90,TP_2764,0
20002668,2024-02-01,PLT101146,+34600002579,user1646@ex.com,STREET_929,SHOP_732,ES761000002377,LOC_1044,TP_283,0
20002667,2024-02-01,PLT103826,+34600000106,user3866@ex.com,STREET_2532,SHOP_979,ES761000001739,LOC_1173,TP_3596,0
20002666,2024-02-01,PLT104184,+34600002956,user456@ex.com,STREET_1524,SHOP_763,ES761000003014,LOC_410,TP_1991,0
20002665,2024-02-01,PLT107839,+34600001541,user684@ex.com,STREET_803,SHOP_364,ES761000001012,LOC_266,TP_3980,0
20002700,2024-02-01,PLT104468,+34600001772,user3861@ex.com,STREET_1964,SHOP_254,ES761000001270,LOC_734,TP_2416,0
20002663,2024-02-01,PLT105072,+34600002705,user1629@ex.com,STREET_2443,SHOP_946,ES761000001169,LOC_380,TP_262,0
20002662,2024-02-01,PLT101895,+34600002067,user681@ex.com,STREET_170,SHOP_835,ES761000002055,LOC_1154,TP_663,0
20002661,2024-02-01,PLT101555,+34600002643,user4951@ex.com,STREET_1071,SHOP_773,ES761000001906,LOC_349,TP_5595,0
20002660,2024-02-01,PLT106173,+34600003089,user2137@ex.com,STREET_2265,SHOP_685,ES761000001230,LOC_390,TP_6132,0
20002659,2024-02-01,PLT100638,+34600001431,user2996@ex.com,STREET_2296,SHOP_669,ES761000002312,LOC_955,TP_1168,0
20002676,2024-02-01,PLT104159,+34600002707,user1363@ex.com,STREET_1317,SHOP_559,ES761000003489,LOC_979,TP_7326,0
20002677,2024-02-01,PLT100204,+34600000348,user3669@ex.com,STREET_2604,SHOP_10,ES761000002507,LOC_827,TP_7210,0
20002664,2024-02-01,PLT102811,+34600000890,user3183@ex.com,STREET_2545,SHOP_438,ES761000001554,LOC_516,TP_5836,0
20002679,2024-02-01,PLT102295,+34600001408,user1555@ex.com,STREET_2541,SHOP_763,ES761000001482,LOC_1084,TP_7797,0
20002678,2024-02-01,PLT106967,+34600002614,user3889@ex.com,STREET_366,SHOP_759,ES761000001939,LOC_279,TP_567,0
20002698,2024-02-01,PLT102034,+34600001097,user899@ex.com,STREET_2481,SHOP_907,ES761000001059,LOC_418,TP_1773,1
20002697,2024-02-01,PLT102292,+34600000416,user514@ex.com,STREET_1112,SHOP_139,ES761000000515,LOC_36,TP_3512,0
20002695,2024-02-01,PLT100146,+34600002597,user1500@ex.com,STREET_1664,SHOP_669,ES761000000241,LOC_315,TP_5050,0
20002694,2024-02-01,PLT107811,+34600000533,user903@ex.com,STREET_229,SHOP_594,ES761000003807,LOC_350,TP_6185,0
20002693,2024-02-01,PLT102482,+34600000390,user4489@ex.com,STREET_368,SHOP_909,ES761000002495,LOC_884,TP_3247,0
20002691,2024-02-01,PLT105957,+34600003210,user1702@ex.com,STREET_958,SHOP_833,ES761000002050,LOC_550,TP_913,0
20002690,2024-02-01,PLT100910,+34600003992,user1795@ex.com,STREET_2364,SHOP_288,ES761000003209,LOC_944,TP_5113,0
20002689,2024-02-01,PLT102038,+34600002373,user620@ex.com,STREET_794,SHOP_422,ES761000001051,LOC_360,TP_7333,1
20002696,2024-02-01,PLT106987,+34600001676,user4493@ex.com,STREET_2852,SHOP_590,ES761000000429,LOC_493,TP_399,0
20002687,2024-02-01,PLT104147,+34600002011,user4765@ex.com,STREET_93,SHOP_800,ES761000002543,LOC_337,TP_2914,0
20002686,2024-02-01,PLT102865,+34600003224,user4661@ex.com,STREET_245,SHOP_322,ES761000000444,LOC_390,TP_2307,0
20002685,2024-02-01,PLT101746,+34600002534,user4067@ex.com,STREET_2143,SHOP_365,ES761000001231,LOC_604,TP_6861,0
20002684,2024-02-01,PLT103071,+34600001013,user3379@ex.com,STREET_1661,SHOP_308,ES761000002095,LOC_1182,TP_4215,0
20002683,2024-02-01,PLT107067,+34600000244,user1859@ex.com,STREET_2701,SHOP_145,ES761000001422,LOC_828,TP_239,0
20002682,2024-02-01,PLT106595,+34600000430,user1612@ex.com,STREET_1247,SHOP_767,ES761000001776,LOC_721,TP_557,0
20002681,2024-02-01,PLT106968,+34600000177,user3972@ex.com,STREET_2853,SHOP_13,ES761000001828,LOC_521,TP_1523,0
20002688,2024-02-01,PLT106921,+34600002481,user1860@ex.com,STREET_1451,SHOP_714,ES761000003658,LOC_8,TP_4425,1
20002680,2024-02-01,PLT102504,+34600003557,user2156@ex.com,STREET_2542,SHOP_874,ES761000003590,LOC_602,TP_1862,0
20002783,2024-02-02,PLT104932,+34600003887,user3097@ex.com,STREET_873,SHOP_714,ES761000001137,LOC_805,TP_6358,1
20002782,2024-02-02,PLT103826,+34600001772,user2749@ex.com,STREET_604,SHOP_943,ES761000001986,LOC_1027,TP_6260,0
20002781,2024-02-02,PLT102339,+34600001206,user234@ex.com,STREET_1026,SHOP_426,ES761000000123,LOC_985,TP_7417,0
20002780,2024-02-02,PLT107251,+34600000943,user4981@ex.com,STREET_2618,SHOP_597,ES761000000815,LOC_601,TP_4225,0
20002779,2024-02-02,PLT100638,+34600001229,user3047@ex.com,STREET_2233,SHOP_786,ES761000001260,LOC_14,TP_774,1
20002775,2024-02-02,PLT107899,+34600001720,user3214@ex.com,STREET_549,SHOP_577,ES761000003590,LOC_829,TP_5545,0
20002777,2024-02-02,PLT107429,+34600003460,user2585@ex.com,STREET_1345,SHOP_177,ES761000001759,LOC_880,TP_2727,0
20002776,2024-02-02,PLT100279,+34600003252,user2455@ex.com,STREET_1067,SHOP_633,ES761000001446,LOC_1027,TP_3174,0
20002774,2024-02-02,PLT101547,+34600003102,user2398@ex.com,STREET_2972,SHOP_946,ES761000002802,LOC_888,TP_1187,0
20002773,2024-02-02,PLT107217,+34600002750,user3645@ex.com,STREET_127,SHOP_737,ES761000001621,LOC_585,TP_4617,0
20002784,2024-02-02,PLT106014,+34600001239,user1793@ex.com,STREET_886,SHOP_972,ES761000000633,LOC_862,TP_286,0
20002778,2024-02-02,PLT101939,+34600000153,user1148@ex.com,STREET_2903,SHOP_781,ES761000002794,LOC_148,TP_5466,0
20002785,2024-02-02,PLT107557,+34600003245,user2682@ex.com,STREET_2207,SHOP_353,ES761000003183,LOC_946,TP_4923,1
20002795,2024-02-02,PLT100092,+34600001049,user2591@ex.com,STREET_2979,SHOP_674,ES761000001806,LOC_220,TP_4893,0
20002787,2024-02-02,PLT105237,+34600002073,user4939@ex.com,STREET_2162,SHOP_886,ES761000003523,LOC_573,TP_1568,0
20002788,2024-02-02,PLT103720,+34600003999,user2597@ex.com,STREET_1922,SHOP_353,ES761000001871,LOC_824,TP_1598,0
20002789,2024-02-02,PLT107184,+34600003136,user3425@ex.com,STREET_1721,SHOP_31,ES761000002013,LOC_617,TP_2549,0
20002790,2024-02-02,PLT102826,+34600000671,user4184@ex.com,STREET_357,SHOP_772,ES761000000096,LOC_769,TP_6416,0
20002791,2024-02-02,PLT107935,+34600001571,user4280@ex.com,STREET_2639,SHOP_620,ES761000002272,LOC_984,TP_569,0
20002792,2024-02-02,PLT106440,+34600001026,user4442@ex.com,STREET_2241,SHOP_184,ES761000000740,LOC_348,TP_1812,1
20002793,2024-02-02,PLT107707,+34600000879,user2890@ex.com,STREET_2910,SHOP_953,ES761000003364,LOC_779,TP_349,0
20002794,2024-02-02,PLT101414,+34600000448,user4286@ex.com,STREET_361,SHOP_776,ES761000002821,LOC_208,TP_1230,0
20002796,2024-02-02,PLT106635,+34600003928,user2491@ex.com,STREET_2562,SHOP_875,ES761000000327,LOC_496,TP_7036,1
20002797,2024-02-02,PLT101416,+34600001347,user398@ex.com,STREET_228,SHOP_662,ES761000003084,LOC_125,TP_891,0
20002798,2024-02-02,PLT107156,+34600002115,user3293@ex.com,STREET_204,SHOP_602,ES761000003156,LOC_909,TP_2427,0
20002799,2024-02-02,PLT100686,+34600000605,user4715@ex.com,STREET_54,SHOP_740,ES761000001131,LOC_38,TP_6088,0
20002786,2024-02-02,PLT104141,+34600000151,user4146@ex.com,STREET_2442,SHOP_113,ES761000002297,LOC_1090,TP_1120,0
20002771,2024-02-02,PLT101926,+34600000990,user2291@ex.com,STREET_1507,SHOP_958,ES761000003959,LOC_786,TP_3334,1
20002772,2024-02-02,PLT107063,+34600001869,user4370@ex.com,STREET_1819,SHOP_899,ES761000001129,LOC_451,TP_1967,0
20002769,2024-02-02,PLT106945,+34600001143,user2634@ex.com,STREET_819,SHOP_538,ES761000002011,LOC_1075,TP_1446,0
20002770,2024-02-02,PLT103213,+34600003427,user2514@ex.com,STREET_1389,SHOP_669,ES761000000038,LOC_1183,TP_5333,0
20002743,2024-02-02,PLT101783,+34600002004,user745@ex.com,STREET_799,SHOP_854,ES761000002117,LOC_943,TP_3601,0
20002745,2024-02-02,PLT103386,+34600000110,user3519@ex.com,STREET_2677,SHOP_846,ES761000000353,LOC_546,TP_1175,0
20002746,2024-02-02,PLT101403,+34600003477,user233@ex.com,STREET_781,SHOP_319,ES761000003000,LOC_152,TP_2701,0
20002747,2024-02-02,PLT103350,+34600003663,user1202@ex.com,STREET_650,SHOP_716,ES761000000105,LOC_429,TP_3961,0
20002748,2024-02-02,PLT100090,+34600002413,user4481@ex.com,STREET_1720,SHOP_5,ES761000003703,LOC_868,TP_4403,0
20002749,2024-02-02,PLT102914,+34600000388,user37@ex.com,STREET_1006,SHOP_384,ES761000001849,LOC_548,TP_5922,0
20002750,2024-02-02,PLT102502,+34600000419,user2687@ex.com,STREET_936,SHOP_240,ES761000001354,LOC_515,TP_3834,0
20002751,2024-02-02,PLT100486,+34600000349,user3566@ex.com,STREET_2331,SHOP_455,ES761000001892,LOC_99,TP_7749,1
20002752,2024-02-02,PLT105289,+34600003767,user1841@ex.com,STREET_1277,SHOP_517,ES761000003085,LOC_168,TP_4046,0
20002753,2024-02-02,PLT100577,+34600003214,user1597@ex.com,STREET_2630,SHOP_523,ES761000002567,LOC_452,TP_5027,0
20002754,2024-02-02,PLT101568,+34600000747,user330@ex.com,STREET_302,SHOP_454,ES761000000202,LOC_361,TP_7686,0
20002755,2024-02-02,PLT100820,+34600001458,user709@ex.com,STREET_904,SHOP_378,ES761000002405,LOC_858,TP_2487,0
20002744,2024-02-02,PLT102585,+34600003331,user3176@ex.com,STREET_2135,SHOP_913,ES761000001504,LOC_660,TP_6054,0
20002757,2024-02-02,PLT100384,+34600000645,user2854@ex.com,STREET_2112,SHOP_34,ES761000001696,LOC_1086,TP_1570,0
20002756,2024-02-02,PLT107619,+34600001267,user2903@ex.com,STREET_2874,SHOP_476,ES761000001398,LOC_1033,TP_3713,0
20002768,2024-02-02,PLT104170,+34600003652,user136@ex.com,STREET_2083,SHOP_544,ES761000001714,LOC_38,TP_1634,0
20002766,2024-02-02,PLT101972,+34600000104,user4518@ex.com,STREET_1631,SHOP_354,ES761000000213,LOC_1009,TP_1577,0
20002765,2024-02-02,PLT103281,+34600001539,user2094@ex.com,STREET_2764,SHOP_363,ES761000001079,LOC_470,TP_5779,0
20002764,2024-02-02,PLT101939,+34600003769,user1331@ex.com,STREET_305,SHOP_123,ES761000001921,LOC_954,TP_4625,0
20002767,2024-02-02,PLT106397,+34600000346,user1169@ex.com,STREET_2894,SHOP_804,ES761000003595,LOC_818,TP_4439,0
20002762,2024-02-02,PLT102034,+34600001867,user3429@ex.com,STREET_759,SHOP_773,ES761000002753,LOC_1082,TP_2488,0
20002761,2024-02-02,PLT104245,+34600003029,user3909@ex.com,STREET_2629,SHOP_763,ES761000002201,LOC_763,TP_472,0
20002760,2024-02-02,PLT101839,+34600003379,user2627@ex.com,STREET_2149,SHOP_880,ES761000002971,LOC_254,TP_4442,0
20002759,2024-02-02,PLT107845,+34600002528,user3620@ex.com,STREET_2738,SHOP_918,ES761000003861,LOC_211,TP_4009,1
20002758,2024-02-02,PLT101692,+34600002601,user4887@ex.com,STREET_247,SHOP_455,ES761000001971,LOC_643,TP_1996,0
20002763,2024-02-02,PLT101781,+34600003753,user4342@ex.com,STREET_1412,SHOP_882,ES761000000866,LOC_200,TP_6618,0
20002872,2024-02-03,PLT106967,+34600002907,user1606@ex.com,STREET_835,SHOP_451,ES761000002834,LOC_32,TP_5611,0
20002864,2024-02-03,PLT106142,+34600003494,user868@ex.com,STREET_554,SHOP_477,ES761000003354,LOC_649,TP_3451,0
20002871,2024-02-03,PLT102811,+34600000619,user3991@ex.com,STREET_1078,SHOP_107,ES761000001819,LOC_72,TP_2164,1
20002870,2024-02-03,PLT107754,+34600003842,user2549@ex.com,STREET_2322,SHOP_559,ES761000000586,LOC_383,TP_966,0
20002869,2024-02-03,PLT102045,+34600002873,user957@ex.com,STREET_1943,SHOP_205,ES761000001010,LOC_777,TP_7208,0
20002868,2024-02-03,PLT100183,+34600000608,user3543@ex.com,STREET_2917,SHOP_893,ES761000002254,LOC_997,TP_2094,0
20002867,2024-02-03,PLT100930,+34600000658,user2023@ex.com,STREET_2111,SHOP_69,ES761000000027,LOC_120,TP_5150,0
20002866,2024-02-03,PLT106449,+34600002934,user4413@ex.com,STREET_71,SHOP_484,ES761000000710,LOC_590,TP_171,0
20002865,2024-02-03,PLT103917,+34600000266,user3454@ex.com,STREET_289,SHOP_155,ES761000001637,LOC_438,TP_2771,0
20002863,2024-02-03,PLT100068,+34600003963,user1731@ex.com,STREET_1998,SHOP_567,ES761000003213,LOC_902,TP_3895,0
20002856,2024-02-03,PLT103849,+34600002301,user2765@ex.com,STREET_1016,SHOP_633,ES761000002739,LOC_188,TP_2556,1
20002861,2024-02-03,PLT101246,+34600002643,user175@ex.com,STREET_157,SHOP_573,ES761000000604,LOC_178,TP_3989,1
20002860,2024-02-03,PLT102521,+34600002951,user1469@ex.com,STREET_765,SHOP_439,ES761000003421,LOC_1007,TP_4645,0
20002859,2024-02-03,PLT107217,+34600002953,user3610@ex.com,STREET_2622,SHOP_685,ES761000002857,LOC_564,TP_2666,0
20002858,2024-02-03,PLT106882,+34600003034,user3405@ex.com,STREET_2222,SHOP_856,ES761000001588,LOC_373,TP_1513,1
20002857,2024-02-03,PLT100146,+34600000927,user2924@ex.com,STREET_1378,SHOP_847,ES761000000556,LOC_629,TP_6790,0
20002855,2024-02-03,PLT104256,+34600002365,user2624@ex.com,STREET_2919,SHOP_23,ES761000002609,LOC_274,TP_5251,0
20002854,2024-02-03,PLT103269,+34600001375,user1547@ex.com,STREET_1793,SHOP_375,ES761000002589,LOC_872,TP_7215,0
20002853,2024-02-03,PLT105727,+34600000796,user28@ex.com,STREET_1554,SHOP_904,ES761000001531,LOC_893,TP_7666,0
20002852,2024-02-03,PLT107811,+34600003280,user0@ex.com,STREET_1002,SHOP_771,ES761000002041,LOC_1186,TP_6990,0
20002873,2024-02-03,PLT102933,+34600000059,user1631@ex.com,STREET_1834,SHOP_591,ES761000000973,LOC_337,TP_568,0
20002862,2024-02-03,PLT100632,+34600000217,user4645@ex.com,STREET_1299,SHOP_798,ES761000000233,LOC_1129,TP_2298,0
20002874,2024-02-03,PLT100248,+34600000683,user343@ex.com,STREET_1514,SHOP_222,ES761000001077,LOC_781,TP_7983,0
20002887,2024-02-03,PLT106386,+34600003878,user2524@ex.com,STREET_2401,SHOP_725,ES761000000626,LOC_810,TP_4956,0
20002876,2024-02-03,PLT102166,+34600000763,user3435@ex.com,STREET_530,SHOP_479,ES761000000910,LOC_356,TP_3337,0
20002898,2024-02-03,PLT106345,+34600000765,user1846@ex.com,STREET_1559,SHOP_714,ES761000000199,LOC_504,TP_2492,1
20002897,2024-02-03,PLT104147,+34600003451,user3726@ex.com,STREET_2954,SHOP_85,ES761000002017,LOC_576,TP_5309,0
20002896,2024-02-03,PLT100470,+34600000733,user1524@ex.com,STREET_1663,SHOP_979,ES761000000179,LOC_209,TP_7952,0
20002895,2024-02-03,PLT105284,+34600002655,user4171@ex.com,STREET_2710,SHOP_851,ES761000000517,LOC_1000,TP_7683,0
20002894,2024-02-03,PLT103937,+34600000418,user2933@ex.com,STREET_1242,SHOP_979,ES761000003525,LOC_57,TP_5727,0
20002893,2024-02-03,PLT107714,+34600003493,user1871@ex.com,STREET_1562,SHOP_837,ES761000001297,LOC_49,TP_6984,0
20002892,2024-02-03,PLT107063,+34600002826,user4656@ex.com,STREET_318,SHOP_141,ES761000003474,LOC_132,TP_3609,0
20002891,2024-02-03,PLT105495,+34600000600,user1270@ex.com,STREET_1504,SHOP_157,ES761000003577,LOC_959,TP_7333,1
20002890,2024-02-03,PLT104312,+34600003251,user2437@ex.com,STREET_1751,SHOP_979,ES761000003656,LOC_1040,TP_7480,0
20002889,2024-02-03,PLT104511,+34600002036,user3562@ex.com,STREET_1150,SHOP_580,ES761000002925,LOC_710,TP_3873,0
20002875,2024-02-03,PLT102914,+34600002881,user2785@ex.com,STREET_1642,SHOP_358,ES761000002062,LOC_364,TP_1213,0
20002888,2024-02-03,PLT101069,+34600001684,user1437@ex.com,STREET_2834,SHOP_589,ES761000002138,LOC_1005,TP_3035,0
20002886,2024-02-03,PLT103764,+34600001976,user3436@ex.com,STREET_1830,SHOP_237,ES761000001194,LOC_1179,TP_6671,0
20002885,2024-02-03,PLT103759,+34600000247,user75@ex.com,STREET_1076,SHOP_213,ES761000003369,LOC_219,TP_7579,0
20002884,2024-02-03,PLT105141,+34600002623,user2707@ex.com,STREET_236,SHOP_460,ES761000003874,LOC_759,TP_5742,0
20002883,2024-02-03,PLT102933,+34600002258,user3349@ex.com,STREET_2647,SHOP_450,ES761000000307,LOC_63,TP_3680,0
20002882,2024-02-03,PLT101920,+34600002047,user3922@ex.com,STREET_137,SHOP_394,ES761000001960,LOC_472,TP_7481,0
20002881,2024-02-03,PLT103071,+34600002567,user1209@ex.com,STREET_1290,SHOP_316,ES761000003429,LOC_236,TP_2391,0
20002880,2024-02-03,PLT100248,+34600001971,user3681@ex.com,STREET_1897,SHOP_194,ES761000000899,LOC_529,TP_1483,0
20002879,2024-02-03,PLT106267,+34600002477,user3634@ex.com,STREET_63,SHOP_223,ES761000000477,LOC_1110,TP_7833,0
20002878,2024-02-03,PLT107184,+34600001490,user4777@ex.com,STREET_2134,SHOP_441,ES761000003022,LOC_926,TP_2640,0
20002877,2024-02-03,PLT105817,+34600002146,user2675@ex.com,STREET_1698,SHOP_694,ES761000003976,LOC_908,TP_1929,0
20002850,2024-02-03,PLT102198,+34600003276,user555@ex.com,STREET_1633,SHOP_220,ES761000000099,LOC_868,TP_264,0
20002849,2024-02-03,PLT101554,+34600001577,user638@ex.com,STREET_2955,SHOP_695,ES761000002733,LOC_379,TP_653,1
20002851,2024-02-03,PLT107617,+34600003172,user1904@ex.com,STREET_695,SHOP_681,ES761000003732,LOC_817,TP_7023,0
20002847,2024-02-03,PLT103817,+34600003086,user2679@ex.com,STREET_2986,SHOP_633,ES761000001553,LOC_542,TP_4091,1
20002820,2024-02-03,PLT101713,+34600000108,user1921@ex.com,STREET_1098,SHOP_41,ES761000001659,LOC_1046,TP_2602,0
20002819,2024-02-03,PLT102763,+34600003233,user600@ex.com,STREET_2247,SHOP_267,ES761000002678,LOC_777,TP_5046,0
20002818,2024-02-03,PLT104511,+34600001932,user3295@ex.com,STREET_2010,SHOP_238,ES761000001469,LOC_157,TP_6307,0
20002817,2024-02-03,PLT103620,+34600002227,user857@ex.com,STREET_2645,SHOP_722,ES761000000960,LOC_223,TP_3568,0
20002816,2024-02-03,PLT100384,+34600001184,user2283@ex.com,STREET_1592,SHOP_766,ES761000001696,LOC_843,TP_2894,0
20002815,2024-02-03,PLT104515,+34600000780,user166@ex.com,STREET_2992,SHOP_952,ES761000000340,LOC_1087,TP_4359,0
20002814,2024-02-03,PLT101568,+34600001840,user3983@ex.com,STREET_903,SHOP_95,ES761000002200,LOC_1136,TP_3036,0
20002813,2024-02-03,PLT105057,+34600001616,user2404@ex.com,STREET_1450,SHOP_373,ES761000002481,LOC_831,TP_5652,0
20002812,2024-02-03,PLT105739,+34600001835,user2587@ex.com,STREET_587,SHOP_301,ES761000000768,LOC_971,TP_2167,0
20002811,2024-02-03,PLT104987,+34600002664,user3303@ex.com,STREET_2700,SHOP_688,ES761000001847,LOC_603,TP_7296,1
20002810,2024-02-03,PLT105072,+34600000323,user4603@ex.com,STREET_1762,SHOP_772,ES761000003516,LOC_167,TP_4906,0
20002809,2024-02-03,PLT103269,+34600003237,user4362@ex.com,STREET_316,SHOP_813,ES761000003301,LOC_973,TP_460,0
20002808,2024-02-03,PLT104322,+34600002635,user2004@ex.com,STREET_325,SHOP_552,ES761000003157,LOC_81,TP_533,0
20002848,2024-02-03,PLT101146,+34600000987,user4771@ex.com,STREET_1866,SHOP_379,ES761000001251,LOC_541,TP_2978,0
20002806,2024-02-03,PLT105442,+34600001102,user463@ex.com,STREET_829,SHOP_963,ES761000002650,LOC_868,TP_7929,0
20002805,2024-02-03,PLT104322,+34600001736,user1869@ex.com,STREET_1804,SHOP_45,ES761000001439,LOC_293,TP_4780,0
20002804,2024-02-03,PLT102819,+34600002387,user474@ex.com,STREET_6,SHOP_778,ES761000001226,LOC_1065,TP_5616,0
20002803,2024-02-03,PLT104746,+34600002123,user3731@ex.com,STREET_1229,SHOP_463,ES761000000787,LOC_146,TP_6434,0
20002802,2024-02-03,PLT106968,+34600000249,user3860@ex.com,STREET_567,SHOP_811,ES761000001418,LOC_1112,TP_5454,0
20002801,2024-02-03,PLT102678,+34600003038,user1180@ex.com,STREET_2827,SHOP_644,ES761000000354,LOC_128,TP_2432,0
20002800,2024-02-03,PLT102376,+34600001715,user2532@ex.com,STREET_900,SHOP_318,ES761000002911,LOC_847,TP_3867,0
20002821,2024-02-03,PLT102835,+34600001682,user4460@ex.com,STREET_2492,SHOP_286,ES761000003219,LOC_505,TP_5587,0
20002822,2024-02-03,PLT106595,+34600001227,user2149@ex.com,STREET_2351,SHOP_969,ES761000000321,LOC_873,TP_2628,0
20002807,2024-02-03,PLT105669,+34600003272,user3222@ex.com,STREET_166,SHOP_681,ES761000000690,LOC_596,TP_3482,1
20002824,2024-02-03,PLT106937,+34600002229,user3447@ex.com,STREET_2578,SHOP_638,ES761000002807,LOC_661,TP_4795,0
20002823,2024-02-03,PLT104755,+34600000953,user2326@ex.com,STREET_2863,SHOP_80,ES761000002551,LOC_850,TP_6178,0
20002846,2024-02-03,PLT103584,+34600003315,user4583@ex.com,STREET_1283,SHOP_893,ES761000002985,LOC_715,TP_1602,1
20002845,2024-02-03,PLT107459,+34600003717,user4258@ex.com,STREET_1165,SHOP_342,ES761000002666,LOC_711,TP_3310,1
20002844,2024-02-03,PLT104305,+34600002935,user580@ex.com,STREET_1642,SHOP_673,ES761000001726,LOC_730,TP_5339,0
20002842,2024-02-03,PLT103104,+34600000744,user3286@ex.com,STREET_2092,SHOP_823,ES761000002953,LOC_1086,TP_695,0
20002841,2024-02-03,PLT100058,+34600003102,user2656@ex.com,STREET_2190,SHOP_79,ES761000001506,LOC_1135,TP_3444,0
20002840,2024-02-03,PLT107173,+34600000099,user788@ex.com,STREET_2973,SHOP_633,ES761000001653,LOC_363,TP_7144,1
20002839,2024-02-03,PLT104717,+34600003978,user4126@ex.com,STREET_2032,SHOP_765,ES761000002533,LOC_994,TP_2227,0
20002838,2024-02-03,PLT107071,+34600001571,user883@ex.com,STREET_2894,SHOP_667,ES761000000001,LOC_714,TP_3691,0
20002837,2024-02-03,PLT105270,+34600003486,user1731@ex.com,STREET_1852,SHOP_605,ES761000002008,LOC_417,TP_1851,0
20002836,2024-02-03,PLT102361,+34600001068,user2436@ex.com,STREET_126,SHOP_933,ES761000003015,LOC_414,TP_1369,1
20002843,2024-02-03,PLT100248,+34600001434,user4967@ex.com,STREET_488,SHOP_531,ES761000002928,LOC_41,TP_5870,0
20002834,2024-02-03,PLT100367,+34600002228,user3953@ex.com,STREET_2179,SHOP_695,ES761000001411,LOC_185,TP_6645,0
20002825,2024-02-03,PLT100828,+34600000617,user388@ex.com,STREET_1604,SHOP_681,ES761000002174,LOC_612,TP_56,0
20002835,2024-02-03,PLT101724,+34600003032,user4069@ex.com,STREET_1203,SHOP_427,ES761000001364,LOC_722,TP_3837,0
20002826,2024-02-03,PLT106952,+34600001385,user566@ex.com,STREET_1270,SHOP_346,ES761000001049,LOC_398,TP_6125,1
20002828,2024-02-03,PLT102850,+34600002788,user630@ex.com,STREET_1884,SHOP_267,ES761000001313,LOC_922,TP_3109,0
20002827,2024-02-03,PLT107829,+34600003488,user736@ex.com,STREET_1400,SHOP_259,ES761000000969,LOC_855,TP_1935,1
20002830,2024-02-03,PLT105600,+34600000430,user4197@ex.com,STREET_2413,SHOP_795,ES761000002305,LOC_570,TP_7826,0
20002831,2024-02-03,PLT101261,+34600003822,user1154@ex.com,STREET_600,SHOP_231,ES761000002809,LOC_821,TP_3037,0
20002832,2024-02-03,PLT107900,+34600001183,user2117@ex.com,STREET_345,SHOP_590,ES761000003406,LOC_698,TP_3490,0
20002833,2024-02-03,PLT102198,+34600003897,user3628@ex.com,STREET_718,SHOP_932,ES761000003394,LOC_155,TP_933,1
20002829,2024-02-03,PLT101895,+34600001644,user261@ex.com,STREET_1780,SHOP_829,ES761000000698,LOC_148,TP_451,0
20002945,2024-02-04,PLT102845,+34600000683,user2119@ex.com,STREET_2277,SHOP_265,ES761000001721,LOC_520,TP_5267,0
20002941,2024-02-04,PLT107507,+34600002412,user528@ex.com,STREET_1854,SHOP_41,ES761000002277,LOC_34,TP_2997,0
20002944,2024-02-04,PLT107968,+34600001662,user1483@ex.com,STREET_2432,SHOP_746,ES761000002477,LOC_1010,TP_7723,0
20002943,2024-02-04,PLT107690,+34600001221,user3888@ex.com,STREET_2391,SHOP_378,ES761000002391,LOC_93,TP_3490,0
20002942,2024-02-04,PLT100146,+34600003839,user4108@ex.com,STREET_359,SHOP_487,ES761000000141,LOC_999,TP_6728,0
20002940,2024-02-04,PLT106459,+34600003406,user838@ex.com,STREET_781,SHOP_380,ES761000001927,LOC_846,TP_2831,0
20002935,2024-02-04,PLT105671,+34600003362,user381@ex.com,STREET_972,SHOP_414,ES761000000237,LOC_207,TP_2988,1
20002938,2024-02-04,PLT106442,+34600001547,user4185@ex.com,STREET_1637,SHOP_184,ES761000003487,LOC_1098,TP_2243,0
20002937,2024-02-04,PLT101887,+34600001034,user764@ex.com,STREET_2834,SHOP_464,ES761000003983,LOC_1030,TP_4906,0
20002936,2024-02-04,PLT107582,+34600001813,user3878@ex.com,STREET_1564,SHOP_829,ES761000003173,LOC_581,TP_2897,0
20002934,2024-02-04,PLT100638,+34600002489,user1747@ex.com,STREET_2576,SHOP_926,ES761000002887,LOC_587,TP_153,0
20002933,2024-02-04,PLT105599,+34600001247,user1786@ex.com,STREET_2556,SHOP_819,ES761000001414,LOC_899,TP_7685,0
20002946,2024-02-04,PLT100146,+34600000797,user4785@ex.com,STREET_2769,SHOP_713,ES761000002324,LOC_629,TP_6466,0
20002939,2024-02-04,PLT101554,+34600001261,user3300@ex.com,STREET_1555,SHOP_405,ES761000002478,LOC_276,TP_1460,0
20002947,2024-02-04,PLT105338,+34600003590,user3617@ex.com,STREET_2869,SHOP_346,ES761000002349,LOC_931,TP_2151,0
20002959,2024-02-04,PLT101781,+34600003325,user2483@ex.com,STREET_1619,SHOP_911,ES761000002037,LOC_53,TP_4324,0
20002949,2024-02-04,PLT105160,+34600000651,user4234@ex.com,STREET_193,SHOP_942,ES761000000690,LOC_529,TP_5930,0
20002950,2024-02-04,PLT105621,+34600001054,user2596@ex.com,STREET_2076,SHOP_659,ES761000000715,LOC_150,TP_3217,0
20002951,2024-02-04,PLT101446,+34600001910,user1518@ex.com,STREET_660,SHOP_994,ES761000001751,LOC_1055,TP_3328,0
20002952,2024-02-04,PLT104430,+34600002786,user3131@ex.com,STREET_1168,SHOP_599,ES761000001850,LOC_743,TP_3856,0
20002953,2024-02-04,PLT103693,+34600002841,user1551@ex.com,STREET_1457,SHOP_586,ES761000002711,LOC_795,TP_3968,0
20002954,2024-02-04,PLT104123,+34600001191,user2550@ex.com,STREET_2577,SHOP_470,ES761000000039,LOC_814,TP_3118,0
20002955,2024-02-04,PLT100077,+34600003953,user4875@ex.com,STREET_2321,SHOP_647,ES761000003803,LOC_81,TP_592,0
20002956,2024-02-04,PLT100215,+34600000286,user4476@ex.com,STREET_660,SHOP_315,ES761000002419,LOC_308,TP_7127,0
20002957,2024-02-04,PLT103972,+34600000591,user3461@ex.com,STREET_2274,SHOP_448,ES761000001416,LOC_4,TP_1028,0
20002958,2024-02-04,PLT106975,+34600002162,user1932@ex.com,STREET_1430,SHOP_798,ES761000003768,LOC_1105,TP_5042,0
20002960,2024-02-04,PLT105390,+34600000707,user892@ex.com,STREET_702,SHOP_73,ES761000002541,LOC_753,TP_1947,0
20002962,2024-02-04,PLT101604,+34600001963,user3272@ex.com,STREET_2487,SHOP_428,ES761000001217,LOC_556,TP_7141,0
20002963,2024-02-04,PLT102341,+34600003696,user2532@ex.com,STREET_466,SHOP_358,ES761000002237,LOC_857,TP_5081,0
20002932,2024-02-04,PLT101005,+34600002730,user2104@ex.com,STREET_876,SHOP_569,ES761000000782,LOC_600,TP_6840,0
20002948,2024-02-04,PLT103620,+34600000796,user3198@ex.com,STREET_696,SHOP_63,ES761000000164,LOC_182,TP_1235,0
20002931,2024-02-04,PLT106501,+34600002067,user3350@ex.com,STREET_1672,SHOP_633,ES761000001607,LOC_404,TP_5218,0
20002961,2024-02-04,PLT104334,+34600001522,user838@ex.com,STREET_2823,SHOP_300,ES761000000196,LOC_464,TP_1271,0
20002929,2024-02-04,PLT107041,+34600002360,user1591@ex.com,STREET_2815,SHOP_386,ES761000003767,LOC_604,TP_1641,0
20002899,2024-02-04,PLT100812,+34600000885,user1911@ex.com,STREET_2415,SHOP_320,ES761000003762,LOC_1138,TP_7041,0
20002900,2024-02-04,PLT100986,+34600000544,user3320@ex.com,STREET_1411,SHOP_398,ES761000000420,LOC_446,TP_5845,0
20002930,2024-02-04,PLT104718,+34600003906,user4283@ex.com,STREET_1417,SHOP_536,ES761000002216,LOC_1020,TP_1057,0
20002901,2024-02-04,PLT104763,+34600000485,user3915@ex.com,STREET_1376,SHOP_431,ES761000002828,LOC_2,TP_3217,1
20002902,2024-02-04,PLT105442,+34600003588,user97@ex.com,STREET_655,SHOP_461,ES761000001672,LOC_520,TP_308,0
20002903,2024-02-04,PLT107581,+34600002290,user4993@ex.com,STREET_1157,SHOP_598,ES761000000369,LOC_196,TP_7162,0
20002904,2024-02-04,PLT106581,+34600000449,user3324@ex.com,STREET_2020,SHOP_231,ES761000002516,LOC_503,TP_4000,0
20002906,2024-02-04,PLT104884,+34600002905,user433@ex.com,STREET_1523,SHOP_135,ES761000002863,LOC_64,TP_4112,0
20002907,2024-02-04,PLT100248,+34600000609,user3647@ex.com,STREET_1064,SHOP_668,ES761000000584,LOC_96,TP_3505,0
20002908,2024-02-04,PLT100773,+34600001757,user3740@ex.com,STREET_2737,SHOP_135,ES761000000454,LOC_823,TP_6664,0
20002909,2024-02-04,PLT100184,+34600003590,user257@ex.com,STREET_1852,SHOP_314,ES761000002779,LOC_183,TP_3448,0
20002910,2024-02-04,PLT101983,+34600001611,user2937@ex.com,STREET_1114,SHOP_251,ES761000001499,LOC_1013,TP_1680,0
20002911,2024-02-04,PLT105228,+34600001756,user3086@ex.com,STREET_1368,SHOP_684,ES761000000142,LOC_960,TP_1214,0
20002912,2024-02-04,PLT100960,+34600003105,user867@ex.com,STREET_2937,SHOP_716,ES761000003648,LOC_847,TP_5273,0
20002913,2024-02-04,PLT104511,+34600001808,user4407@ex.com,STREET_1792,SHOP_633,ES761000000125,LOC_1116,TP_4883,0
20002905,2024-02-04,PLT101380,+34600001559,user1884@ex.com,STREET_1906,SHOP_863,ES761000000337,LOC_632,TP_3530,0
20002915,2024-02-04,PLT105053,+34600003838,user3251@ex.com,STREET_2116,SHOP_32,ES761000001708,LOC_99,TP_3917,1
20002914,2024-02-04,PLT101235,+34600000129,user4906@ex.com,STREET_2596,SHOP_455,ES761000002964,LOC_358,TP_4197,0
20002928,2024-02-04,PLT106372,+34600003289,user3992@ex.com,STREET_2925,SHOP_200,ES761000002348,LOC_788,TP_2314,0
20002927,2024-02-04,PLT103477,+34600000213,user4402@ex.com,STREET_1145,SHOP_722,ES761000001791,LOC_654,TP_7865,1
20002926,2024-02-04,PLT104123,+34600001395,user664@ex.com,STREET_1176,SHOP_43,ES761000000629,LOC_1161,TP_6610,0
20002924,2024-02-04,PLT107918,+34600001755,user1523@ex.com,STREET_1218,SHOP_283,ES761000002678,LOC_1145,TP_4832,0
20002923,2024-02-04,PLT103563,+34600002232,user3126@ex.com,STREET_1951,SHOP_463,ES761000002902,LOC_280,TP_813,0
20002922,2024-02-04,PLT102451,+34600002471,user665@ex.com,STREET_2842,SHOP_989,ES761000003947,LOC_100,TP_5479,1
20002925,2024-02-04,PLT101603,+34600001366,user2975@ex.com,STREET_72,SHOP_615,ES761000002342,LOC_277,TP_5919,0
20002921,2024-02-04,PLT102203,+34600002182,user2098@ex.com,STREET_1163,SHOP_544,ES761000002945,LOC_337,TP_3424,0
20002920,2024-02-04,PLT106003,+34600002571,user4624@ex.com,STREET_732,SHOP_645,ES761000001749,LOC_994,TP_1214,0
20002919,2024-02-04,PLT102504,+34600001328,user1492@ex.com,STREET_1768,SHOP_694,ES761000002450,LOC_77,TP_4486,0
20002918,2024-02-04,PLT107037,+34600001182,user203@ex.com,STREET_939,SHOP_4,ES761000002744,LOC_484,TP_3079,0
20002917,2024-02-04,PLT103250,+34600000223,user2238@ex.com,STREET_1878,SHOP_625,ES761000000821,LOC_458,TP_3493,0
20002916,2024-02-04,PLT107173,+34600002511,user322@ex.com,STREET_1959,SHOP_220,ES761000003289,LOC_1168,TP_2128,0
20003016,2024-02-05,PLT103444,+34600002727,user3413@ex.com,STREET_1560,SHOP_721,ES761000003468,LOC_136,TP_7683,0
20003021,2024-02-05,PLT102661,+34600002857,user4527@ex.com,STREET_2782,SHOP_346,ES761000001822,LOC_95,TP_5955,1
20003020,2024-02-05,PLT100486,+34600002280,user4754@ex.com,STREET_1806,SHOP_53,ES761000002553,LOC_1072,TP_23,0
20003019,2024-02-05,PLT100998,+34600000625,user1848@ex.com,STREET_1337,SHOP_846,ES761000003868,LOC_695,TP_1144,1
20003018,2024-02-05,PLT102818,+34600003887,user71@ex.com,STREET_2001,SHOP_660,ES761000002662,LOC_195,TP_4370,0
20003017,2024-02-05,PLT101083,+34600000126,user4029@ex.com,STREET_901,SHOP_487,ES761000003401,LOC_432,TP_6020,0
20003022,2024-02-05,PLT105747,+34600001346,user1463@ex.com,STREET_2184,SHOP_308,ES761000000122,LOC_954,TP_6153,1
20003015,2024-02-05,PLT104170,+34600000285,user2117@ex.com,STREET_2776,SHOP_552,ES761000000863,LOC_766,TP_2665,1
20003008,2024-02-05,PLT105237,+34600002617,user1750@ex.com,STREET_1122,SHOP_316,ES761000000406,LOC_453,TP_2272,0
20003013,2024-02-05,PLT103937,+34600003260,user3390@ex.com,STREET_2926,SHOP_282,ES761000002529,LOC_1094,TP_4355,0
20003012,2024-02-05,PLT107418,+34600001534,user3938@ex.com,STREET_2409,SHOP_617,ES761000000721,LOC_529,TP_7242,0
20003011,2024-02-05,PLT106706,+34600003954,user1331@ex.com,STREET_1817,SHOP_771,ES761000002132,LOC_182,TP_7576,0
20003010,2024-02-05,PLT100143,+34600001096,user771@ex.com,STREET_929,SHOP_424,ES761000000732,LOC_999,TP_6804,0
20003009,2024-02-05,PLT107216,+34600002705,user520@ex.com,STREET_593,SHOP_269,ES761000001869,LOC_674,TP_7349,0
20003006,2024-02-05,PLT104147,+34600001990,user3298@ex.com,STREET_760,SHOP_510,ES761000000124,LOC_83,TP_2514,0
20003023,2024-02-05,PLT101126,+34600003851,user4821@ex.com,STREET_1877,SHOP_262,ES761000002048,LOC_410,TP_1881,0
20003014,2024-02-05,PLT101178,+34600000933,user4852@ex.com,STREET_1320,SHOP_269,ES761000000664,LOC_411,TP_5973,0
20003024,2024-02-05,PLT106862,+34600003568,user2552@ex.com,STREET_1674,SHOP_943,ES761000001537,LOC_986,TP_5627,0
20003040,2024-02-05,PLT103937,+34600001073,user1198@ex.com,STREET_1949,SHOP_383,ES761000000520,LOC_653,TP_2089,0
20003026,2024-02-05,PLT105121,+34600001338,user3964@ex.com,STREET_1397,SHOP_154,ES761000000059,LOC_523,TP_1960,0
20003043,2024-02-05,PLT106882,+34600000565,user2427@ex.com,STREET_2860,SHOP_990,ES761000003778,LOC_68,TP_867,0
20003042,2024-02-05,PLT105004,+34600001624,user1771@ex.com,STREET_1199,SHOP_359,ES761000003127,LOC_103,TP_3458,0
20003041,2024-02-05,PLT101403,+34600003640,user3368@ex.com,STREET_502,SHOP_308,ES761000003731,LOC_20,TP_2189,0
20003005,2024-02-05,PLT105449,+34600002777,user2986@ex.com,STREET_432,SHOP_633,ES761000001402,LOC_305,TP_3819,1
20003039,2024-02-05,PLT103402,+34600000656,user1809@ex.com,STREET_62,SHOP_899,ES761000003152,LOC_332,TP_5457,0
20003038,2024-02-05,PLT107714,+34600003953,user1187@ex.com,STREET_1386,SHOP_552,ES761000000414,LOC_860,TP_1143,1
20003037,2024-02-05,PLT107968,+34600000826,user2787@ex.com,STREET_2871,SHOP_739,ES761000002710,LOC_1057,TP_7831,0
20003036,2024-02-05,PLT106173,+34600000920,user3628@ex.com,STREET_1380,SHOP_869,ES761000003306,LOC_193,TP_3387,0
20003035,2024-02-05,PLT107429,+34600002245,user3453@ex.com,STREET_1830,SHOP_571,ES761000000595,LOC_236,TP_4772,0
20003034,2024-02-05,PLT106440,+34600003635,user1636@ex.com,STREET_2330,SHOP_782,ES761000000760,LOC_844,TP_3340,0
20003033,2024-02-05,PLT104289,+34600001876,user3703@ex.com,STREET_2306,SHOP_669,ES761000003675,LOC_493,TP_2658,0
20003032,2024-02-05,PLT105038,+34600002684,user3661@ex.com,STREET_2449,SHOP_428,ES761000002337,LOC_519,TP_980,0
20003031,2024-02-05,PLT107837,+34600001158,user2842@ex.com,STREET_1389,SHOP_722,ES761000001882,LOC_827,TP_5670,1
20003030,2024-02-05,PLT107811,+34600000984,user2028@ex.com,STREET_2546,SHOP_681,ES761000002458,LOC_160,TP_6817,1
20003029,2024-02-05,PLT107055,+34600002855,user1443@ex.com,STREET_1241,SHOP_184,ES761000000452,LOC_740,TP_6431,0
20003028,2024-02-05,PLT104990,+34600000828,user1840@ex.com,STREET_1716,SHOP_414,ES761000003904,LOC_845,TP_3231,0
20003027,2024-02-05,PLT104170,+34600001385,user141@ex.com,STREET_1449,SHOP_150,ES761000002425,LOC_444,TP_7008,0
20003025,2024-02-05,PLT101973,+34600002714,user2255@ex.com,STREET_75,SHOP_525,ES761000002980,LOC_388,TP_766,0
20003004,2024-02-05,PLT101812,+34600000940,user1027@ex.com,STREET_859,SHOP_419,ES761000003166,LOC_625,TP_6354,0
20003007,2024-02-05,PLT107390,+34600003874,user3994@ex.com,STREET_577,SHOP_887,ES761000001159,LOC_782,TP_362,0
20003002,2024-02-05,PLT105057,+34600001513,user4262@ex.com,STREET_1182,SHOP_82,ES761000001574,LOC_15,TP_5457,0
20002980,2024-02-05,PLT107139,+34600002733,user775@ex.com,STREET_2546,SHOP_412,ES761000002475,LOC_394,TP_5584,0
20002979,2024-02-05,PLT103444,+34600001019,user2880@ex.com,STREET_2044,SHOP_267,ES761000001436,LOC_466,TP_3299,0
20002978,2024-02-05,PLT106398,+34600000140,user4115@ex.com,STREET_625,SHOP_771,ES761000002550,LOC_994,TP_550,0
20002977,2024-02-05,PLT103444,+34600003908,user3496@ex.com,STREET_428,SHOP_486,ES761000003272,LOC_1079,TP_5871,0
20002976,2024-02-05,PLT103581,+34600002769,user4948@ex.com,STREET_474,SHOP_596,ES761000003566,LOC_568,TP_5378,0
20002975,2024-02-05,PLT105525,+34600000700,user4710@ex.com,STREET_2257,SHOP_188,ES761000000049,LOC_844,TP_5644,0
20002974,2024-02-05,PLT105038,+34600001286,user4452@ex.com,STREET_197,SHOP_892,ES761000001968,LOC_263,TP_6083,0
20002973,2024-02-05,PLT101235,+34600003042,user1012@ex.com,STREET_1760,SHOP_305,ES761000000425,LOC_574,TP_1905,0
20002972,2024-02-05,PLT105742,+34600001844,user3713@ex.com,STREET_1211,SHOP_699,ES761000001781,LOC_383,TP_7975,0
20002971,2024-02-05,PLT103287,+34600003297,user874@ex.com,STREET_205,SHOP_385,ES761000000929,LOC_29,TP_274,0
20002970,2024-02-05,PLT105167,+34600000680,user4145@ex.com,STREET_906,SHOP_192,ES761000000625,LOC_200,TP_6861,0
20002969,2024-02-05,PLT104305,+34600000336,user1367@ex.com,STREET_1116,SHOP_501,ES761000001325,LOC_631,TP_7658,0
20002968,2024-02-05,PLT103917,+34600002365,user1540@ex.com,STREET_108,SHOP_69,ES761000003049,LOC_453,TP_6330,1
20002967,2024-02-05,PLT107411,+34600001676,user3157@ex.com,STREET_2160,SHOP_314,ES761000003830,LOC_615,TP_4631,0
20002966,2024-02-05,PLT103492,+34600003460,user498@ex.com,STREET_267,SHOP_594,ES761000003565,LOC_929,TP_2919,0
20002965,2024-02-05,PLT104170,+34600002440,user1831@ex.com,STREET_1813,SHOP_649,ES761000002424,LOC_190,TP_6428,0
20003003,2024-02-05,PLT100160,+34600000632,user2932@ex.com,STREET_1987,SHOP_669,ES761000002024,LOC_184,TP_7847,0
20002981,2024-02-05,PLT105053,+34600003425,user1404@ex.com,STREET_51,SHOP_922,ES761000003050,LOC_767,TP_3637,0
20002982,2024-02-05,PLT107619,+34600000571,user3138@ex.com,STREET_2379,SHOP_32,ES761000001944,LOC_769,TP_817,0
20002964,2024-02-05,PLT105652,+34600000647,user2240@ex.com,STREET_2968,SHOP_86,ES761000001506,LOC_532,TP_4021,0
20002984,2024-02-05,PLT101251,+34600003590,user935@ex.com,STREET_441,SHOP_355,ES761000003828,LOC_1044,TP_7046,0
20002983,2024-02-05,PLT100828,+34600001743,user3500@ex.com,STREET_2788,SHOP_861,ES761000001375,LOC_139,TP_3193,0
20003000,2024-02-05,PLT102811,+34600003439,user1129@ex.com,STREET_1276,SHOP_424,ES761000002729,LOC_187,TP_712,0
20002999,2024-02-05,PLT105699,+34600000988,user2725@ex.com,STREET_2104,SHOP_568,ES761000001655,LOC_154,TP_7715,0
20002998,2024-02-05,PLT100910,+34600000519,user415@ex.com,STREET_100,SHOP_798,ES761000003281,LOC_67,TP_2654,0
20002997,2024-02-05,PLT107356,+34600001316,user4147@ex.com,STREET_1006,SHOP_759,ES761000001103,LOC_749,TP_2042,0
20002996,2024-02-05,PLT105200,+34600003039,user1345@ex.com,STREET_1909,SHOP_812,ES761000002838,LOC_419,TP_4537,0
20002995,2024-02-05,PLT100526,+34600002633,user1704@ex.com,STREET_1499,SHOP_259,ES761000003639,LOC_159,TP_7580,1
20002994,2024-02-05,PLT106487,+34600001556,user1388@ex.com,STREET_813,SHOP_194,ES761000000388,LOC_134,TP_7065,0
20003001,2024-02-05,PLT100486,+34600003761,user590@ex.com,STREET_1659,SHOP_915,ES761000001826,LOC_916,TP_3342,0
20002992,2024-02-05,PLT107707,+34600002101,user931@ex.com,STREET_2785,SHOP_455,ES761000002114,LOC_627,TP_3270,1
20002991,2024-02-05,PLT106806,+34600001004,user3088@ex.com,STREET_941,SHOP_487,ES761000001481,LOC_575,TP_3373,0
20002990,2024-02-05,PLT104147,+34600003207,user4677@ex.com,STREET_1402,SHOP_645,ES761000002047,LOC_960,TP_2164,1
20002989,2024-02-05,PLT107618,+34600002111,user1564@ex.com,STREET_268,SHOP_151,ES761000002052,LOC_1001,TP_7930,0
20002988,2024-02-05,PLT100174,+34600003480,user4908@ex.com,STREET_1925,SHOP_341,ES761000003864,LOC_353,TP_4935,0
20002987,2024-02-05,PLT107173,+34600000618,user506@ex.com,STREET_149,SHOP_693,ES761000000402,LOC_268,TP_1792,0
20002986,2024-02-05,PLT100773,+34600000402,user3500@ex.com,STREET_942,SHOP_46,ES761000000460,LOC_11,TP_1753,0
20002993,2024-02-05,PLT100361,+34600000745,user2210@ex.com,STREET_792,SHOP_196,ES761000001324,LOC_724,TP_4484,0
20002985,2024-02-05,PLT105138,+34600002596,user3796@ex.com,STREET_115,SHOP_271,ES761000000740,LOC_450,TP_286,0
20003102,2024-02-06,PLT101178,+34600000124,user2763@ex.com,STREET_840,SHOP_257,ES761000003026,LOC_152,TP_7282,0
20003101,2024-02-06,PLT107051,+34600002154,user3392@ex.com,STREET_2858,SHOP_591,ES761000003192,LOC_70,TP_1765,0
20003100,2024-02-06,PLT106138,+34600002803,user1890@ex.com,STREET_7,SHOP_211,ES761000002660,LOC_363,TP_5982,0
20003099,2024-02-06,PLT101220,+34600000401,user1915@ex.com,STREET_1493,SHOP_425,ES761000002537,LOC_856,TP_4319,0
20003098,2024-02-06,PLT106068,+34600002577,user4674@ex.com,STREET_958,SHOP_830,ES761000003708,LOC_1006,TP_420,1
20003097,2024-02-06,PLT104193,+34600003450,user55@ex.com,STREET_25,SHOP_396,ES761000002114,LOC_916,TP_4756,1
20003096,2024-02-06,PLT103239,+34600002467,user2391@ex.com,STREET_1125,SHOP_886,ES761000001654,LOC_105,TP_5313,0
20003092,2024-02-06,PLT100423,+34600001186,user2373@ex.com,STREET_511,SHOP_875,ES761000003395,LOC_896,TP_7838,0
20003094,2024-02-06,PLT101561,+34600000095,user50@ex.com,STREET_131,SHOP_455,ES761000003424,LOC_292,TP_3305,0
20003093,2024-02-06,PLT101397,+34600000929,user4676@ex.com,STREET_1306,SHOP_56,ES761000001676,LOC_361,TP_7581,0
20003091,2024-02-06,PLT104569,+34600001907,user4926@ex.com,STREET_801,SHOP_922,ES761000003368,LOC_114,TP_448,0
20003089,2024-02-06,PLT106882,+34600000610,user2848@ex.com,STREET_1282,SHOP_76,ES761000001124,LOC_963,TP_5439,0
20003088,2024-02-06,PLT103444,+34600003539,user3840@ex.com,STREET_185,SHOP_139,ES761000001559,LOC_903,TP_7837,1
20003087,2024-02-06,PLT103656,+34600002064,user2261@ex.com,STREET_2636,SHOP_176,ES761000003882,LOC_62,TP_2844,0
20003103,2024-02-06,PLT100681,+34600001355,user1308@ex.com,STREET_1661,SHOP_49,ES761000001194,LOC_77,TP_7948,1
20003086,2024-02-06,PLT100473,+34600000158,user4452@ex.com,STREET_2424,SHOP_391,ES761000001359,LOC_588,TP_7105,0
20003095,2024-02-06,PLT102482,+34600001410,user1856@ex.com,STREET_770,SHOP_419,ES761000001120,LOC_633,TP_3233,1
20003104,2024-02-06,PLT104021,+34600001477,user2469@ex.com,STREET_1202,SHOP_181,ES761000002789,LOC_773,TP_3830,0
20003114,2024-02-06,PLT104358,+34600002241,user3605@ex.com,STREET_928,SHOP_851,ES761000003261,LOC_38,TP_2734,0
20003106,2024-02-06,PLT105053,+34600002664,user141@ex.com,STREET_452,SHOP_168,ES761000000222,LOC_667,TP_3141,0
20003085,2024-02-06,PLT105575,+34600000884,user3350@ex.com,STREET_941,SHOP_446,ES761000002414,LOC_276,TP_4284,0
20003123,2024-02-06,PLT102711,+34600001655,user1939@ex.com,STREET_2417,SHOP_187,ES761000000471,LOC_1151,TP_3279,0
20003122,2024-02-06,PLT104430,+34600000605,user676@ex.com,STREET_2249,SHOP_886,ES761000003533,LOC_1140,TP_1283,1
20003121,2024-02-06,PLT102504,+34600002627,user3665@ex.com,STREET_68,SHOP_804,ES761000003789,LOC_1163,TP_7742,0
20003120,2024-02-06,PLT104515,+34600002462,user1475@ex.com,STREET_686,SHOP_703,ES761000003826,LOC_680,TP_3415,0
20003119,2024-02-06,PLT104073,+34600002423,user3638@ex.com,STREET_536,SHOP_460,ES761000000131,LOC_147,TP_2785,0
20003118,2024-02-06,PLT107247,+34600001432,user1787@ex.com,STREET_458,SHOP_886,ES761000001450,LOC_944,TP_3238,0
20003117,2024-02-06,PLT101435,+34600001227,user1555@ex.com,STREET_1956,SHOP_165,ES761000002309,LOC_709,TP_2433,0
20003116,2024-02-06,PLT106428,+34600003128,user2885@ex.com,STREET_2844,SHOP_118,ES761000001551,LOC_160,TP_5249,0
20003115,2024-02-06,PLT100048,+34600003543,user4946@ex.com,STREET_1282,SHOP_886,ES761000002384,LOC_365,TP_4099,1
20003113,2024-02-06,PLT107603,+34600001177,user3250@ex.com,STREET_2797,SHOP_478,ES761000000486,LOC_480,TP_4188,1
20003112,2024-02-06,PLT102023,+34600002067,user4788@ex.com,STREET_2064,SHOP_506,ES761000003829,LOC_128,TP_5230,1
20003111,2024-02-06,PLT105826,+34600003472,user1631@ex.com,STREET_1915,SHOP_687,ES761000000934,LOC_1176,TP_3376,0
20003110,2024-02-06,PLT101877,+34600001218,user384@ex.com,STREET_2820,SHOP_885,ES761000001703,LOC_772,TP_133,0
20003109,2024-02-06,PLT104021,+34600001702,user1424@ex.com,STREET_2101,SHOP_273,ES761000002253,LOC_1075,TP_3202,0
20003108,2024-02-06,PLT106089,+34600000542,user4300@ex.com,STREET_1084,SHOP_236,ES761000001984,LOC_1027,TP_24,0
20003107,2024-02-06,PLT100314,+34600000422,user913@ex.com,STREET_2352,SHOP_179,ES761000001461,LOC_820,TP_5657,0
20003105,2024-02-06,PLT107826,+34600003558,user916@ex.com,STREET_2739,SHOP_65,ES761000000360,LOC_649,TP_3890,0
20003084,2024-02-06,PLT107090,+34600001824,user2299@ex.com,STREET_202,SHOP_546,ES761000001643,LOC_160,TP_55,0
20003090,2024-02-06,PLT103395,+34600001746,user1443@ex.com,STREET_2826,SHOP_976,ES761000000924,LOC_1112,TP_7440,1
20003082,2024-02-06,PLT102076,+34600002397,user2944@ex.com,STREET_1022,SHOP_623,ES761000002895,LOC_134,TP_6752,0
20003060,2024-02-06,PLT105826,+34600001555,user1211@ex.com,STREET_77,SHOP_426,ES761000002654,LOC_890,TP_1054,0
20003059,2024-02-06,PLT100529,+34600002107,user3394@ex.com,STREET_2582,SHOP_856,ES761000002958,LOC_122,TP_2802,0
20003058,2024-02-06,PLT107221,+34600001674,user759@ex.com,STREET_1425,SHOP_195,ES761000003554,LOC_878,TP_1635,0
20003057,2024-02-06,PLT101983,+34600002704,user492@ex.com,STREET_1442,SHOP_373,ES761000003546,LOC_578,TP_7863,0
20003056,2024-02-06,PLT103539,+34600000230,user3058@ex.com,STREET_1236,SHOP_879,ES761000000064,LOC_677,TP_3053,0
20003055,2024-02-06,PLT101984,+34600002665,user460@ex.com,STREET_992,SHOP_485,ES761000001702,LOC_305,TP_3519,0
20003054,2024-02-06,PLT104193,+34600002816,user4860@ex.com,STREET_2055,SHOP_754,ES761000001627,LOC_593,TP_2673,0
20003052,2024-02-06,PLT106952,+34600001420,user1040@ex.com,STREET_371,SHOP_992,ES761000003015,LOC_1131,TP_697,0
20003051,2024-02-06,PLT106173,+34600002055,user3730@ex.com,STREET_1515,SHOP_869,ES761000003412,LOC_124,TP_3536,0
20003050,2024-02-06,PLT102441,+34600000978,user1114@ex.com,STREET_260,SHOP_445,ES761000003914,LOC_657,TP_617,0
20003049,2024-02-06,PLT103649,+34600003221,user2155@ex.com,STREET_568,SHOP_967,ES761000000726,LOC_1191,TP_6388,0
20003048,2024-02-06,PLT105224,+34600000360,user1483@ex.com,STREET_1530,SHOP_985,ES761000000371,LOC_625,TP_5817,0
20003047,2024-02-06,PLT102376,+34600002919,user318@ex.com,STREET_1692,SHOP_759,ES761000002237,LOC_963,TP_1926,0
20003046,2024-02-06,PLT106345,+34600001188,user3820@ex.com,STREET_934,SHOP_80,ES761000000274,LOC_13,TP_4860,0
20003045,2024-02-06,PLT105699,+34600002981,user388@ex.com,STREET_1532,SHOP_341,ES761000001667,LOC_420,TP_6453,0
20003044,2024-02-06,PLT104531,+34600001208,user2874@ex.com,STREET_2209,SHOP_720,ES761000000685,LOC_710,TP_2285,0
20003083,2024-02-06,PLT100529,+34600000299,user4423@ex.com,STREET_1249,SHOP_114,ES761000001041,LOC_419,TP_7340,0
20003061,2024-02-06,PLT105214,+34600002439,user3617@ex.com,STREET_892,SHOP_277,ES761000001956,LOC_835,TP_6757,0
20003062,2024-02-06,PLT105641,+34600001470,user4486@ex.com,STREET_2591,SHOP_630,ES761000003574,LOC_220,TP_3147,0
20003053,2024-02-06,PLT106446,+34600003332,user3334@ex.com,STREET_1938,SHOP_696,ES761000003867,LOC_587,TP_1380,0
20003064,2024-02-06,PLT102128,+34600003682,user4357@ex.com,STREET_605,SHOP_439,ES761000001184,LOC_731,TP_6878,0
20003081,2024-02-06,PLT106793,+34600002907,user2755@ex.com,STREET_2427,SHOP_353,ES761000002607,LOC_781,TP_3852,0
20003063,2024-02-06,PLT103620,+34600003717,user2058@ex.com,STREET_1753,SHOP_177,ES761000000179,LOC_562,TP_4300,0
20003080,2024-02-06,PLT101261,+34600002879,user4725@ex.com,STREET_755,SHOP_229,ES761000001710,LOC_942,TP_6709,0
20003079,2024-02-06,PLT107216,+34600001803,user396@ex.com,STREET_364,SHOP_273,ES761000002922,LOC_660,TP_1925,0
20003078,2024-02-06,PLT101277,+34600002260,user2259@ex.com,STREET_13,SHOP_761,ES761000000316,LOC_369,TP_2988,0
20003077,2024-02-06,PLT103306,+34600001866,user319@ex.com,STREET_341,SHOP_132,ES761000000725,LOC_681,TP_2829,0
20003075,2024-02-06,PLT102431,+34600001647,user3150@ex.com,STREET_830,SHOP_798,ES761000001024,LOC_100,TP_1186,1
20003074,2024-02-06,PLT106668,+34600000777,user3225@ex.com,STREET_1226,SHOP_137,ES761000001525,LOC_771,TP_4251,0
20003073,2024-02-06,PLT105403,+34600000406,user4250@ex.com,STREET_2030,SHOP_121,ES761000002629,LOC_451,TP_5642,0
20003076,2024-02-06,PLT107904,+34600003129,user3176@ex.com,STREET_1921,SHOP_517,ES761000001745,LOC_841,TP_7583,0
20003072,2024-02-06,PLT105250,+34600000320,user831@ex.com,STREET_87,SHOP_681,ES761000000560,LOC_835,TP_4709,1
20003065,2024-02-06,PLT102313,+34600003529,user4298@ex.com,STREET_723,SHOP_770,ES761000003589,LOC_154,TP_2262,0
20003067,2024-02-06,PLT104192,+34600000860,user4644@ex.com,STREET_2044,SHOP_432,ES761000002704,LOC_184,TP_3152,0
20003068,2024-02-06,PLT105202,+34600003528,user4650@ex.com,STREET_1652,SHOP_22,ES761000003087,LOC_629,TP_7154,0
20003069,2024-02-06,PLT103274,+34600000681,user2961@ex.com,STREET_1990,SHOP_591,ES761000001818,LOC_762,TP_4468,0
20003066,2024-02-06,PLT100388,+34600003200,user275@ex.com,STREET_443,SHOP_189,ES761000001595,LOC_339,TP_777,0
20003071,2024-02-06,PLT102502,+34600002384,user4256@ex.com,STREET_422,SHOP_60,ES761000001976,LOC_265,TP_624,0
20003070,2024-02-06,PLT106138,+34600000492,user4058@ex.com,STREET_2573,SHOP_418,ES761000002452,LOC_632,TP_6452,0
20003186,2024-02-07,PLT100773,+34600000333,user895@ex.com,STREET_2149,SHOP_867,ES761000003647,LOC_717,TP_1879,0
20003180,2024-02-07,PLT100923,+34600001854,user2132@ex.com,STREET_1818,SHOP_718,ES761000000383,LOC_295,TP_4771,0
20003187,2024-02-07,PLT101435,+34600000790,user4130@ex.com,STREET_753,SHOP_73,ES761000001473,LOC_980,TP_7622,0
20003185,2024-02-07,PLT107618,+34600001258,user1396@ex.com,STREET_2524,SHOP_875,ES761000003345,LOC_504,TP_6825,0
20003184,2024-02-07,PLT104202,+34600001836,user666@ex.com,STREET_2727,SHOP_845,ES761000003781,LOC_180,TP_4296,1
20003183,2024-02-07,PLT104305,+34600002634,user4058@ex.com,STREET_1450,SHOP_323,ES761000002284,LOC_347,TP_699,0
20003182,2024-02-07,PLT102542,+34600002630,user2178@ex.com,STREET_1978,SHOP_776,ES761000000690,LOC_159,TP_5102,1
20003181,2024-02-07,PLT103937,+34600003992,user2537@ex.com,STREET_413,SHOP_665,ES761000000480,LOC_427,TP_2091,0
20003179,2024-02-07,PLT106754,+34600003040,user4963@ex.com,STREET_1891,SHOP_199,ES761000003144,LOC_1080,TP_6788,0
20003170,2024-02-07,PLT104202,+34600002627,user989@ex.com,STREET_1798,SHOP_788,ES761000000140,LOC_945,TP_214,0
20003177,2024-02-07,PLT100910,+34600002195,user756@ex.com,STREET_2005,SHOP_147,ES761000001330,LOC_968,TP_3981,0
20003176,2024-02-07,PLT102035,+34600003808,user803@ex.com,STREET_1707,SHOP_517,ES761000003303,LOC_303,TP_7924,0
20003175,2024-02-07,PLT106753,+34600003837,user2472@ex.com,STREET_1928,SHOP_776,ES761000000830,LOC_9,TP_5965,1
20003174,2024-02-07,PLT103262,+34600002466,user4556@ex.com,STREET_780,SHOP_303,ES761000002113,LOC_649,TP_2224,0
20003173,2024-02-07,PLT106542,+34600002012,user2280@ex.com,STREET_1703,SHOP_334,ES761000002513,LOC_1083,TP_7964,1
20003172,2024-02-07,PLT107300,+34600003517,user1339@ex.com,STREET_1672,SHOP_736,ES761000000691,LOC_818,TP_3991,0
20003171,2024-02-07,PLT106928,+34600000713,user2463@ex.com,STREET_2690,SHOP_808,ES761000003219,LOC_312,TP_7208,0
20003169,2024-02-07,PLT103285,+34600003418,user2594@ex.com,STREET_2741,SHOP_991,ES761000001807,LOC_727,TP_5122,0
20003188,2024-02-07,PLT102482,+34600002549,user548@ex.com,STREET_1384,SHOP_683,ES761000002052,LOC_57,TP_6811,0
20003178,2024-02-07,PLT101920,+34600000491,user4016@ex.com,STREET_1389,SHOP_221,ES761000000663,LOC_588,TP_4083,0
20003189,2024-02-07,PLT102484,+34600002394,user1536@ex.com,STREET_1764,SHOP_137,ES761000003485,LOC_298,TP_2700,0
20003209,2024-02-07,PLT107950,+34600000975,user2548@ex.com,STREET_2490,SHOP_518,ES761000001403,LOC_1131,TP_4543,0
20003191,2024-02-07,PLT100773,+34600003475,user2356@ex.com,STREET_1627,SHOP_963,ES761000001921,LOC_1033,TP_1328,0
20003211,2024-02-07,PLT103809,+34600002537,user638@ex.com,STREET_530,SHOP_517,ES761000001628,LOC_4,TP_2251,0
20003210,2024-02-07,PLT101023,+34600003736,user3462@ex.com,STREET_2576,SHOP_570,ES761000003075,LOC_764,TP_4290,0
20003208,2024-02-07,PLT107063,+34600000071,user160@ex.com,STREET_796,SHOP_307,ES761000002086,LOC_418,TP_726,1
20003207,2024-02-07,PLT100174,+34600001689,user2890@ex.com,STREET_2529,SHOP_211,ES761000003617,LOC_650,TP_3944,1
20003206,2024-02-07,PLT103959,+34600002592,user2730@ex.com,STREET_908,SHOP_530,ES761000000741,LOC_892,TP_1987,0
20003205,2024-02-07,PLT106793,+34600002141,user4340@ex.com,STREET_2908,SHOP_939,ES761000003054,LOC_221,TP_6159,0
20003204,2024-02-07,PLT104141,+34600000298,user2066@ex.com,STREET_2264,SHOP_548,ES761000001567,LOC_1066,TP_2617,0
20003203,2024-02-07,PLT104649,+34600002686,user2361@ex.com,STREET_2101,SHOP_922,ES761000001419,LOC_688,TP_6400,0
20003202,2024-02-07,PLT103219,+34600000389,user2544@ex.com,STREET_32,SHOP_732,ES761000003466,LOC_934,TP_7767,0
20003201,2024-02-07,PLT100092,+34600001898,user2927@ex.com,STREET_1428,SHOP_334,ES761000002524,LOC_518,TP_7969,1
20003200,2024-02-07,PLT107819,+34600002693,user3482@ex.com,STREET_1258,SHOP_669,ES761000002377,LOC_583,TP_4590,1
20003199,2024-02-07,PLT102323,+34600003139,user2302@ex.com,STREET_2317,SHOP_10,ES761000003360,LOC_76,TP_1954,0
20003198,2024-02-07,PLT104918,+34600003396,user4121@ex.com,STREET_10,SHOP_185,ES761000003680,LOC_928,TP_1637,1
20003197,2024-02-07,PLT100926,+34600000934,user2426@ex.com,STREET_1307,SHOP_265,ES761000003249,LOC_1189,TP_5201,1
20003196,2024-02-07,PLT107557,+34600002336,user487@ex.com,STREET_842,SHOP_164,ES761000000804,LOC_0,TP_928,0
20003195,2024-02-07,PLT107903,+34600003391,user815@ex.com,STREET_441,SHOP_636,ES761000002725,LOC_870,TP_3481,1
20003194,2024-02-07,PLT103273,+34600001197,user2322@ex.com,STREET_1050,SHOP_563,ES761000002801,LOC_1192,TP_6981,0
20003193,2024-02-07,PLT100356,+34600003789,user4332@ex.com,STREET_2597,SHOP_633,ES761000001462,LOC_683,TP_4009,0
20003192,2024-02-07,PLT100810,+34600003957,user4810@ex.com,STREET_738,SHOP_818,ES761000000076,LOC_990,TP_4126,0
20003190,2024-02-07,PLT107063,+34600001664,user2188@ex.com,STREET_793,SHOP_950,ES761000003855,LOC_110,TP_1050,1
20003168,2024-02-07,PLT104763,+34600003607,user790@ex.com,STREET_1123,SHOP_866,ES761000000175,LOC_658,TP_5274,0
20003166,2024-02-07,PLT107380,+34600001653,user1630@ex.com,STREET_1313,SHOP_346,ES761000002339,LOC_302,TP_5583,0
20003165,2024-02-07,PLT104287,+34600001917,user3034@ex.com,STREET_1055,SHOP_339,ES761000002569,LOC_710,TP_5929,0
20003141,2024-02-07,PLT104718,+34600001622,user1791@ex.com,STREET_1425,SHOP_498,ES761000001217,LOC_1194,TP_4405,0
20003140,2024-02-07,PLT101568,+34600001127,user3371@ex.com,STREET_2406,SHOP_635,ES761000002969,LOC_206,TP_6903,0
20003139,2024-02-07,PLT104654,+34600000132,user553@ex.com,STREET_625,SHOP_740,ES761000000516,LOC_535,TP_7162,0
20003138,2024-02-07,PLT102567,+34600001105,user2558@ex.com,STREET_1326,SHOP_893,ES761000003228,LOC_355,TP_4082,1
20003137,2024-02-07,PLT101342,+34600002660,user329@ex.com,STREET_1699,SHOP_889,ES761000003216,LOC_101,TP_3975,0
20003136,2024-02-07,PLT107232,+34600003335,user3905@ex.com,STREET_1535,SHOP_435,ES761000000964,LOC_92,TP_3558,0
20003135,2024-02-07,PLT105141,+34600001188,user2008@ex.com,STREET_15,SHOP_117,ES761000002179,LOC_1122,TP_7173,0
20003134,2024-02-07,PLT102121,+34600001641,user1832@ex.com,STREET_2491,SHOP_655,ES761000002032,LOC_1119,TP_7601,1
20003142,2024-02-07,PLT105100,+34600000593,user2883@ex.com,STREET_1021,SHOP_787,ES761000000795,LOC_822,TP_4198,0
20003133,2024-02-07,PLT102785,+34600001763,user3878@ex.com,STREET_2571,SHOP_344,ES761000003948,LOC_838,TP_6857,0
20003131,2024-02-07,PLT104932,+34600001568,user2491@ex.com,STREET_1483,SHOP_211,ES761000003556,LOC_9,TP_6994,0
20003130,2024-02-07,PLT105237,+34600002609,user4064@ex.com,STREET_2699,SHOP_885,ES761000000680,LOC_241,TP_6866,0
20003129,2024-02-07,PLT107170,+34600000955,user2278@ex.com,STREET_3,SHOP_0,ES761000003470,LOC_686,TP_189,0
20003128,2024-02-07,PLT102121,+34600002480,user4520@ex.com,STREET_2663,SHOP_153,ES761000002866,LOC_1005,TP_966,0
20003127,2024-02-07,PLT103545,+34600003019,user561@ex.com,STREET_1170,SHOP_159,ES761000001258,LOC_1160,TP_3554,0
20003126,2024-02-07,PLT105525,+34600000279,user4808@ex.com,STREET_2116,SHOP_695,ES761000003691,LOC_282,TP_1170,0
20003167,2024-02-07,PLT104184,+34600003969,user4940@ex.com,STREET_1841,SHOP_594,ES761000001500,LOC_1063,TP_5060,0
20003124,2024-02-07,PLT101220,+34600003549,user4170@ex.com,STREET_1597,SHOP_813,ES761000002343,LOC_449,TP_306,0
20003132,2024-02-07,PLT104141,+34600002128,user1088@ex.com,STREET_1937,SHOP_559,ES761000002934,LOC_330,TP_4223,0
20003143,2024-02-07,PLT103100,+34600001229,user482@ex.com,STREET_506,SHOP_720,ES761000003240,LOC_817,TP_6882,1
20003125,2024-02-07,PLT102826,+34600003188,user264@ex.com,STREET_70,SHOP_254,ES761000000648,LOC_1067,TP_3663,0
20003145,2024-02-07,PLT104466,+34600001428,user2651@ex.com,STREET_2132,SHOP_353,ES761000003366,LOC_720,TP_3361,0
20003144,2024-02-07,PLT106546,+34600003601,user2583@ex.com,STREET_13,SHOP_805,ES761000002974,LOC_1010,TP_979,0
20003163,2024-02-07,PLT104782,+34600002966,user548@ex.com,STREET_2111,SHOP_671,ES761000003841,LOC_86,TP_4942,0
20003162,2024-02-07,PLT106587,+34600001007,user4490@ex.com,STREET_2214,SHOP_888,ES761000002272,LOC_568,TP_5838,0
20003161,2024-02-07,PLT100641,+34600001914,user3791@ex.com,STREET_556,SHOP_708,ES761000003572,LOC_435,TP_4215,0
20003160,2024-02-07,PLT100314,+34600000481,user4507@ex.com,STREET_510,SHOP_22,ES761000001520,LOC_609,TP_2187,0
20003159,2024-02-07,PLT101430,+34600001982,user3775@ex.com,STREET_1646,SHOP_604,ES761000003257,LOC_966,TP_6434,0
20003158,2024-02-07,PLT107216,+34600003855,user2017@ex.com,STREET_2527,SHOP_255,ES761000000073,LOC_373,TP_1358,0
20003157,2024-02-07,PLT102982,+34600001899,user1071@ex.com,STREET_44,SHOP_719,ES761000003421,LOC_977,TP_7602,0
20003156,2024-02-07,PLT107139,+34600001955,user4025@ex.com,STREET_1284,SHOP_15,ES761000000114,LOC_559,TP_2967,0
20003164,2024-02-07,PLT102166,+34600000354,user2281@ex.com,STREET_2855,SHOP_523,ES761000002212,LOC_696,TP_5191,0
20003154,2024-02-07,PLT105626,+34600000363,user158@ex.com,STREET_778,SHOP_888,ES761000002918,LOC_757,TP_2300,0
20003155,2024-02-07,PLT104007,+34600000096,user1708@ex.com,STREET_448,SHOP_819,ES761000002098,LOC_16,TP_2210,0
20003147,2024-02-07,PLT101436,+34600003490,user1503@ex.com,STREET_2436,SHOP_95,ES761000003567,LOC_156,TP_3975,0
20003148,2024-02-07,PLT105742,+34600000197,user2406@ex.com,STREET_902,SHOP_772,ES761000002502,LOC_386,TP_6689,1
20003149,2024-02-07,PLT105020,+34600000597,user4666@ex.com,STREET_984,SHOP_669,ES761000000189,LOC_550,TP_638,0
20003146,2024-02-07,PLT106921,+34600000467,user883@ex.com,STREET_2765,SHOP_59,ES761000003371,LOC_1,TP_3156,0
20003151,2024-02-07,PLT103799,+34600003737,user4543@ex.com,STREET_909,SHOP_846,ES761000000994,LOC_682,TP_2873,1
20003152,2024-02-07,PLT100742,+34600001740,user1220@ex.com,STREET_1078,SHOP_241,ES761000003708,LOC_417,TP_6702,0
20003153,2024-02-07,PLT107335,+34600003132,user1206@ex.com,STREET_1443,SHOP_716,ES761000002008,LOC_920,TP_3732,0
20003150,2024-02-07,PLT105759,+34600002590,user4153@ex.com,STREET_899,SHOP_875,ES761000003292,LOC_1190,TP_1550,1
20003287,2024-02-08,PLT105747,+34600002240,user2529@ex.com,STREET_2190,SHOP_523,ES761000001624,LOC_1032,TP_5579,0
20003265,2024-02-08,PLT103071,+34600000485,user2483@ex.com,STREET_839,SHOP_959,ES761000000010,LOC_1183,TP_1543,0
20003264,2024-02-08,PLT101250,+34600003516,user2764@ex.com,STREET_2779,SHOP_869,ES761000000886,LOC_855,TP_622,0
20003263,2024-02-08,PLT103826,+34600001620,user3472@ex.com,STREET_2365,SHOP_470,ES761000002479,LOC_309,TP_5735,0
20003262,2024-02-08,PLT107247,+34600002137,user1038@ex.com,STREET_376,SHOP_95,ES761000000286,LOC_551,TP_1888,0
20003261,2024-02-08,PLT100592,+34600003154,user1522@ex.com,STREET_1976,SHOP_199,ES761000000217,LOC_700,TP_1349,0
20003266,2024-02-08,PLT105071,+34600003796,user4458@ex.com,STREET_1861,SHOP_73,ES761000003955,LOC_661,TP_6645,0
20003256,2024-02-08,PLT104033,+34600000506,user563@ex.com,STREET_1882,SHOP_974,ES761000003448,LOC_1158,TP_4597,0
20003259,2024-02-08,PLT102286,+34600003363,user3493@ex.com,STREET_3,SHOP_349,ES761000002093,LOC_27,TP_7610,0
20003258,2024-02-08,PLT102951,+34600002124,user3983@ex.com,STREET_1924,SHOP_324,ES761000001208,LOC_1152,TP_5507,0
20003257,2024-02-08,PLT104674,+34600003068,user1300@ex.com,STREET_1452,SHOP_647,ES761000003740,LOC_1011,TP_5149,0
20003255,2024-02-08,PLT106781,+34600003099,user3140@ex.com,STREET_941,SHOP_385,ES761000000298,LOC_147,TP_1894,0
20003254,2024-02-08,PLT104176,+34600002842,user389@ex.com,STREET_2777,SHOP_720,ES761000003996,LOC_781,TP_124,0
20003253,2024-02-08,PLT101437,+34600003998,user940@ex.com,STREET_1887,SHOP_123,ES761000003331,LOC_407,TP_2073,0
20003252,2024-02-08,PLT100090,+34600000194,user3456@ex.com,STREET_1960,SHOP_259,ES761000002640,LOC_255,TP_5497,0
20003267,2024-02-08,PLT104100,+34600001018,user2397@ex.com,STREET_948,SHOP_204,ES761000002867,LOC_377,TP_4495,0
20003260,2024-02-08,PLT105141,+34600003608,user4349@ex.com,STREET_496,SHOP_489,ES761000002672,LOC_512,TP_1351,0
20003268,2024-02-08,PLT107090,+34600002987,user2470@ex.com,STREET_1851,SHOP_306,ES761000000707,LOC_503,TP_7199,0
20003278,2024-02-08,PLT102851,+34600002935,user4289@ex.com,STREET_1856,SHOP_706,ES761000000521,LOC_654,TP_4948,0
20003270,2024-02-08,PLT100470,+34600002122,user2455@ex.com,STREET_643,SHOP_620,ES761000000331,LOC_40,TP_2731,0
20003251,2024-02-08,PLT107335,+34600002989,user4224@ex.com,STREET_48,SHOP_836,ES761000000403,LOC_569,TP_4648,0
20003286,2024-02-08,PLT105798,+34600002867,user80@ex.com,STREET_2552,SHOP_843,ES761000000732,LOC_357,TP_5518,0
20003285,2024-02-08,PLT106491,+34600001902,user1152@ex.com,STREET_2600,SHOP_466,ES761000002105,LOC_701,TP_919,0
20003284,2024-02-08,PLT106576,+34600000122,user4699@ex.com,STREET_2870,SHOP_671,ES761000000368,LOC_817,TP_4407,0
20003283,2024-02-08,PLT105641,+34600002001,user2699@ex.com,STREET_2063,SHOP_486,ES761000003700,LOC_977,TP_3508,0
20003282,2024-02-08,PLT107051,+34600001309,user20@ex.com,STREET_1164,SHOP_572,ES761000001490,LOC_939,TP_7132,0
20003281,2024-02-08,PLT100077,+34600000397,user4766@ex.com,STREET_1113,SHOP_577,ES761000000400,LOC_808,TP_7769,0
20003269,2024-02-08,PLT102071,+34600003803,user4809@ex.com,STREET_1638,SHOP_461,ES761000003390,LOC_140,TP_7127,0
20003280,2024-02-08,PLT101220,+34600002915,user2075@ex.com,STREET_1829,SHOP_615,ES761000001324,LOC_480,TP_7263,0
20003277,2024-02-08,PLT106267,+34600003872,user1777@ex.com,STREET_813,SHOP_476,ES761000002942,LOC_1190,TP_4578,0
20003276,2024-02-08,PLT107120,+34600003741,user514@ex.com,STREET_2348,SHOP_192,ES761000003585,LOC_550,TP_806,0
20003275,2024-02-08,PLT103395,+34600001475,user1335@ex.com,STREET_2220,SHOP_33,ES761000003714,LOC_141,TP_7336,0
20003274,2024-02-08,PLT107227,+34600001170,user2963@ex.com,STREET_2168,SHOP_210,ES761000003856,LOC_1065,TP_2095,0
20003273,2024-02-08,PLT102286,+34600002752,user380@ex.com,STREET_877,SHOP_893,ES761000001537,LOC_996,TP_2751,0
20003272,2024-02-08,PLT101926,+34600001242,user176@ex.com,STREET_2559,SHOP_155,ES761000002851,LOC_1104,TP_5236,0
20003271,2024-02-08,PLT105964,+34600002126,user3365@ex.com,STREET_1068,SHOP_77,ES761000003735,LOC_1103,TP_2862,0
20003279,2024-02-08,PLT107165,+34600000074,user1682@ex.com,STREET_1396,SHOP_499,ES761000002405,LOC_372,TP_6338,0
20003250,2024-02-08,PLT100068,+34600003941,user2961@ex.com,STREET_1306,SHOP_429,ES761000003706,LOC_203,TP_2150,0
20003238,2024-02-08,PLT107557,+34600002938,user2872@ex.com,STREET_1208,SHOP_172,ES761000000864,LOC_860,TP_4419,0
20003248,2024-02-08,PLT100975,+34600003963,user4675@ex.com,STREET_1011,SHOP_382,ES761000000716,LOC_1158,TP_3664,0
20003226,2024-02-08,PLT104018,+34600000032,user4265@ex.com,STREET_530,SHOP_643,ES761000002885,LOC_899,TP_6484,0
20003225,2024-02-08,PLT104718,+34600001994,user1787@ex.com,STREET_373,SHOP_755,ES761000003874,LOC_501,TP_6923,0
20003224,2024-02-08,PLT102711,+34600002555,user4959@ex.com,STREET_334,SHOP_763,ES761000002582,LOC_466,TP_1139,0
20003223,2024-02-08,PLT107090,+34600002078,user2888@ex.com,STREET_849,SHOP_230,ES761000003173,LOC_260,TP_4176,0
20003222,2024-02-08,PLT100416,+34600003897,user2213@ex.com,STREET_1324,SHOP_478,ES761000001615,LOC_1009,TP_4668,0
20003221,2024-02-08,PLT101178,+34600000945,user1929@ex.com,STREET_1232,SHOP_732,ES761000000964,LOC_1053,TP_3933,0
20003219,2024-02-08,PLT100486,+34600002480,user4085@ex.com,STREET_2511,SHOP_307,ES761000001889,LOC_323,TP_376,1
20003218,2024-02-08,PLT104996,+34600001653,user568@ex.com,STREET_563,SHOP_719,ES761000001204,LOC_214,TP_6461,0
20003217,2024-02-08,PLT104305,+34600003925,user606@ex.com,STREET_962,SHOP_845,ES761000002354,LOC_172,TP_690,0
20003216,2024-02-08,PLT107216,+34600000268,user3208@ex.com,STREET_941,SHOP_950,ES761000003731,LOC_708,TP_5452,0
20003215,2024-02-08,PLT100986,+34600001563,user4819@ex.com,STREET_1704,SHOP_932,ES761000000512,LOC_1083,TP_7585,0
20003214,2024-02-08,PLT100638,+34600003748,user873@ex.com,STREET_1362,SHOP_289,ES761000002395,LOC_783,TP_1800,0
20003213,2024-02-08,PLT100314,+34600001236,user1328@ex.com,STREET_1759,SHOP_667,ES761000001477,LOC_1090,TP_7258,0
20003212,2024-02-08,PLT102372,+34600003754,user1732@ex.com,STREET_1195,SHOP_676,ES761000002332,LOC_632,TP_110,0
20003249,2024-02-08,PLT101802,+34600002942,user3003@ex.com,STREET_1256,SHOP_938,ES761000003891,LOC_726,TP_1223,0
20003227,2024-02-08,PLT102879,+34600000910,user4802@ex.com,STREET_1218,SHOP_933,ES761000002581,LOC_771,TP_1807,0
20003228,2024-02-08,PLT105148,+34600000388,user4223@ex.com,STREET_994,SHOP_162,ES761000003692,LOC_647,TP_3199,0
20003220,2024-02-08,PLT103486,+34600001404,user3618@ex.com,STREET_265,SHOP_712,ES761000001225,LOC_938,TP_2851,1
20003230,2024-02-08,PLT102309,+34600003278,user1005@ex.com,STREET_1391,SHOP_211,ES761000001321,LOC_869,TP_1022,0
20003229,2024-02-08,PLT106449,+34600001254,user2236@ex.com,STREET_510,SHOP_407,ES761000002145,LOC_322,TP_1357,0
20003246,2024-02-08,PLT107429,+34600003232,user491@ex.com,STREET_184,SHOP_188,ES761000000998,LOC_901,TP_5234,1
20003245,2024-02-08,PLT105799,+34600002860,user3369@ex.com,STREET_641,SHOP_405,ES761000000781,LOC_477,TP_5538,0
20003244,2024-02-08,PLT103940,+34600000086,user1280@ex.com,STREET_688,SHOP_707,ES761000000763,LOC_1033,TP_2486,0
20003243,2024-02-08,PLT101568,+34600000255,user4053@ex.com,STREET_846,SHOP_530,ES761000003619,LOC_713,TP_4195,0
20003242,2024-02-08,PLT101668,+34600002697,user1243@ex.com,STREET_2439,SHOP_219,ES761000002234,LOC_12,TP_4964,0
20003241,2024-02-08,PLT102257,+34600002096,user364@ex.com,STREET_748,SHOP_690,ES761000000685,LOC_15,TP_7636,0
20003240,2024-02-08,PLT103620,+34600003342,user10@ex.com,STREET_947,SHOP_556,ES761000003259,LOC_7,TP_6394,0
20003247,2024-02-08,PLT100423,+34600001877,user2159@ex.com,STREET_1967,SHOP_10,ES761000001890,LOC_769,TP_7761,0
20003237,2024-02-08,PLT100068,+34600003657,user4217@ex.com,STREET_1992,SHOP_23,ES761000000928,LOC_232,TP_5529,0
20003236,2024-02-08,PLT102035,+34600003080,user3665@ex.com,STREET_1461,SHOP_660,ES761000000622,LOC_576,TP_2589,0
20003235,2024-02-08,PLT106509,+34600003862,user1236@ex.com,STREET_1266,SHOP_734,ES761000000467,LOC_362,TP_606,0
20003234,2024-02-08,PLT106866,+34600001339,user398@ex.com,STREET_267,SHOP_162,ES761000001429,LOC_970,TP_6076,0
20003233,2024-02-08,PLT102502,+34600002729,user291@ex.com,STREET_1353,SHOP_555,ES761000002641,LOC_101,TP_41,0
20003232,2024-02-08,PLT104718,+34600003941,user4445@ex.com,STREET_1518,SHOP_870,ES761000003618,LOC_283,TP_3913,0
20003231,2024-02-08,PLT103269,+34600002420,user4493@ex.com,STREET_2162,SHOP_713,ES761000002909,LOC_949,TP_3404,0
20003239,2024-02-08,PLT107213,+34600002905,user4509@ex.com,STREET_2423,SHOP_63,ES761000002933,LOC_685,TP_66,0
20003345,2024-02-09,PLT104798,+34600000342,user2017@ex.com,STREET_1997,SHOP_364,ES761000002908,LOC_136,TP_7366,0
20003344,2024-02-09,PLT105739,+34600003232,user2599@ex.com,STREET_519,SHOP_971,ES761000002132,LOC_55,TP_4857,1
20003343,2024-02-09,PLT106012,+34600001807,user2704@ex.com,STREET_390,SHOP_931,ES761000003481,LOC_181,TP_5559,0
20003342,2024-02-09,PLT106089,+34600003697,user3405@ex.com,STREET_746,SHOP_293,ES761000003516,LOC_136,TP_1777,0
20003341,2024-02-09,PLT106383,+34600002610,user4715@ex.com,STREET_2754,SHOP_370,ES761000002530,LOC_667,TP_3701,0
20003340,2024-02-09,PLT100361,+34600000349,user4444@ex.com,STREET_2871,SHOP_96,ES761000000891,LOC_266,TP_6080,0
20003339,2024-02-09,PLT103563,+34600000960,user3224@ex.com,STREET_1854,SHOP_645,ES761000002080,LOC_480,TP_1369,0
20003338,2024-02-09,PLT107216,+34600001202,user4896@ex.com,STREET_2508,SHOP_573,ES761000001785,LOC_158,TP_4474,0
20003333,2024-02-09,PLT102109,+34600000916,user3672@ex.com,STREET_551,SHOP_929,ES761000002803,LOC_21,TP_6384,0
20003336,2024-02-09,PLT103604,+34600003954,user4144@ex.com,STREET_144,SHOP_259,ES761000001477,LOC_1175,TP_3632,0
20003335,2024-02-09,PLT104475,+34600003945,user638@ex.com,STREET_1300,SHOP_777,ES761000003972,LOC_483,TP_6538,0
20003334,2024-02-09,PLT107213,+34600003640,user588@ex.com,STREET_2100,SHOP_364,ES761000002501,LOC_307,TP_3111,1
20003332,2024-02-09,PLT105371,+34600001756,user3851@ex.com,STREET_2755,SHOP_35,ES761000000719,LOC_516,TP_763,0
20003331,2024-02-09,PLT104782,+34600003322,user3390@ex.com,STREET_1862,SHOP_772,ES761000000709,LOC_641,TP_1326,0
20003330,2024-02-09,PLT102711,+34600000100,user764@ex.com,STREET_261,SHOP_633,ES761000002689,LOC_255,TP_7431,1
20003329,2024-02-09,PLT105250,+34600001488,user1562@ex.com,STREET_2873,SHOP_531,ES761000000903,LOC_420,TP_7031,0
20003337,2024-02-09,PLT100742,+34600003846,user3941@ex.com,STREET_2566,SHOP_906,ES761000001330,LOC_189,TP_4578,0
20003346,2024-02-09,PLT105859,+34600001324,user2793@ex.com,STREET_224,SHOP_94,ES761000000674,LOC_84,TP_5526,0
20003365,2024-02-09,PLT103545,+34600002908,user4397@ex.com,STREET_2967,SHOP_660,ES761000001785,LOC_635,TP_1072,0
20003348,2024-02-09,PLT104257,+34600001109,user4676@ex.com,STREET_1170,SHOP_479,ES761000000438,LOC_587,TP_1909,1
20003328,2024-02-09,PLT106882,+34600002663,user1305@ex.com,STREET_2426,SHOP_460,ES761000002479,LOC_255,TP_7991,0
20003364,2024-02-09,PLT106224,+34600001069,user1551@ex.com,STREET_190,SHOP_757,ES761000003940,LOC_110,TP_3898,0
20003363,2024-02-09,PLT102451,+34600002810,user1308@ex.com,STREET_2588,SHOP_775,ES761000000009,LOC_1180,TP_1780,0
20003362,2024-02-09,PLT106835,+34600000046,user2419@ex.com,STREET_2160,SHOP_856,ES761000000511,LOC_764,TP_4807,0
20003361,2024-02-09,PLT100644,+34600003993,user3654@ex.com,STREET_2026,SHOP_930,ES761000000375,LOC_242,TP_6012,0
20003360,2024-02-09,PLT102455,+34600003844,user3759@ex.com,STREET_500,SHOP_475,ES761000001318,LOC_340,TP_3883,0
20003359,2024-02-09,PLT100386,+34600003280,user2773@ex.com,STREET_93,SHOP_596,ES761000003166,LOC_152,TP_4484,0
20003358,2024-02-09,PLT107042,+34600003196,user557@ex.com,STREET_1280,SHOP_846,ES761000001914,LOC_1091,TP_3890,0
20003357,2024-02-09,PLT101217,+34600000041,user2831@ex.com,STREET_360,SHOP_702,ES761000003503,LOC_99,TP_7623,0
20003356,2024-02-09,PLT106618,+34600000764,user1238@ex.com,STREET_2712,SHOP_921,ES761000002133,LOC_752,TP_5303,0
20003355,2024-02-09,PLT100470,+34600002683,user340@ex.com,STREET_1399,SHOP_801,ES761000002810,LOC_637,TP_709,0
20003354,2024-02-09,PLT105857,+34600003653,user3755@ex.com,STREET_2471,SHOP_218,ES761000001150,LOC_348,TP_4659,0
20003353,2024-02-09,PLT102711,+34600000126,user2127@ex.com,STREET_2758,SHOP_236,ES761000002874,LOC_1120,TP_4423,0
20003352,2024-02-09,PLT101414,+34600000555,user2903@ex.com,STREET_1916,SHOP_139,ES761000003511,LOC_157,TP_1786,0
20003351,2024-02-09,PLT102035,+34600003957,user1915@ex.com,STREET_1494,SHOP_915,ES761000002798,LOC_594,TP_827,0
20003350,2024-02-09,PLT103708,+34600000364,user654@ex.com,STREET_2121,SHOP_184,ES761000000699,LOC_1042,TP_2934,0
20003349,2024-02-09,PLT102034,+34600000512,user2114@ex.com,STREET_2791,SHOP_310,ES761000002687,LOC_1104,TP_700,0
20003347,2024-02-09,PLT102731,+34600003178,user341@ex.com,STREET_1313,SHOP_117,ES761000001335,LOC_987,TP_5843,0
20003327,2024-02-09,PLT100167,+34600000491,user3380@ex.com,STREET_2190,SHOP_814,ES761000000621,LOC_628,TP_4629,0
20003322,2024-02-09,PLT105237,+34600001012,user2527@ex.com,STREET_1695,SHOP_82,ES761000003858,LOC_920,TP_5193,0
20003325,2024-02-09,PLT103563,+34600000831,user1172@ex.com,STREET_177,SHOP_475,ES761000002849,LOC_621,TP_5019,1
20003303,2024-02-09,PLT100986,+34600000901,user1856@ex.com,STREET_146,SHOP_935,ES761000001762,LOC_199,TP_3422,0
20003302,2024-02-09,PLT102502,+34600002044,user526@ex.com,STREET_1968,SHOP_919,ES761000000864,LOC_44,TP_5218,0
20003301,2024-02-09,PLT104944,+34600003489,user4644@ex.com,STREET_2667,SHOP_70,ES761000001841,LOC_930,TP_360,0
20003300,2024-02-09,PLT100757,+34600001677,user803@ex.com,STREET_2582,SHOP_106,ES761000001239,LOC_20,TP_5423,0
20003299,2024-02-09,PLT100470,+34600001650,user3727@ex.com,STREET_2525,SHOP_753,ES761000003556,LOC_1072,TP_5119,0
20003298,2024-02-09,PLT105699,+34600000089,user4@ex.com,STREET_834,SHOP_293,ES761000000226,LOC_16,TP_7536,0
20003297,2024-02-09,PLT107139,+34600000670,user3270@ex.com,STREET_1798,SHOP_357,ES761000001251,LOC_378,TP_3885,0
20003304,2024-02-09,PLT104701,+34600001613,user3758@ex.com,STREET_2124,SHOP_797,ES761000002559,LOC_162,TP_2097,0
20003296,2024-02-09,PLT104877,+34600001474,user1831@ex.com,STREET_1113,SHOP_601,ES761000000022,LOC_949,TP_5328,0
20003294,2024-02-09,PLT104347,+34600001696,user1585@ex.com,STREET_476,SHOP_537,ES761000000341,LOC_599,TP_3174,0
20003293,2024-02-09,PLT100773,+34600003460,user381@ex.com,STREET_28,SHOP_515,ES761000000620,LOC_1119,TP_2116,0
20003326,2024-02-09,PLT104090,+34600001547,user4662@ex.com,STREET_753,SHOP_497,ES761000003057,LOC_138,TP_2305,0
20003291,2024-02-09,PLT101946,+34600000083,user3974@ex.com,STREET_1507,SHOP_379,ES761000000539,LOC_127,TP_976,0
20003290,2024-02-09,PLT102018,+34600003227,user4808@ex.com,STREET_2396,SHOP_266,ES761000002866,LOC_955,TP_4454,0
20003289,2024-02-09,PLT101601,+34600002029,user1535@ex.com,STREET_1315,SHOP_303,ES761000003077,LOC_1155,TP_4411,0
20003288,2024-02-09,PLT103417,+34600000194,user3405@ex.com,STREET_355,SHOP_873,ES761000001058,LOC_631,TP_3022,0
20003295,2024-02-09,PLT105476,+34600003909,user3954@ex.com,STREET_2333,SHOP_475,ES761000003092,LOC_522,TP_4648,0
20003305,2024-02-09,PLT107707,+34600000687,user1647@ex.com,STREET_2752,SHOP_705,ES761000000227,LOC_689,TP_1830,0
20003292,2024-02-09,PLT100425,+34600002612,user252@ex.com,STREET_497,SHOP_506,ES761000000754,LOC_382,TP_7122,1
20003307,2024-02-09,PLT103247,+34600000288,user4261@ex.com,STREET_559,SHOP_168,ES761000002063,LOC_937,TP_6455,0
20003324,2024-02-09,PLT106421,+34600002224,user2659@ex.com,STREET_1268,SHOP_425,ES761000002161,LOC_1017,TP_3622,0
20003323,2024-02-09,PLT101983,+34600002194,user792@ex.com,STREET_1535,SHOP_785,ES761000000532,LOC_769,TP_5595,0
20003321,2024-02-09,PLT105792,+34600000794,user439@ex.com,STREET_2944,SHOP_846,ES761000001370,LOC_1162,TP_394,0
20003320,2024-02-09,PLT101799,+34600002610,user4159@ex.com,STREET_409,SHOP_804,ES761000003209,LOC_612,TP_6388,0
20003319,2024-02-09,PLT106710,+34600003540,user4078@ex.com,STREET_2389,SHOP_885,ES761000002583,LOC_867,TP_6540,0
20003317,2024-02-09,PLT100367,+34600002619,user486@ex.com,STREET_617,SHOP_774,ES761000002007,LOC_832,TP_3232,0
20003316,2024-02-09,PLT104833,+34600002878,user4954@ex.com,STREET_2680,SHOP_470,ES761000001944,LOC_494,TP_3681,1
20003318,2024-02-09,PLT104305,+34600000873,user3676@ex.com,STREET_1423,SHOP_77,ES761000002777,LOC_692,TP_4305,1
20003314,2024-02-09,PLT106286,+34600000073,user871@ex.com,STREET_2152,SHOP_385,ES761000000064,LOC_314,TP_7505,0
20003313,2024-02-09,PLT106644,+34600000731,user608@ex.com,STREET_1640,SHOP_120,ES761000002298,LOC_262,TP_3117,0
20003312,2024-02-09,PLT105575,+34600000155,user2485@ex.com,STREET_1845,SHOP_821,ES761000003839,LOC_780,TP_7461,0
20003311,2024-02-09,PLT103231,+34600001048,user2302@ex.com,STREET_1278,SHOP_962,ES761000000538,LOC_865,TP_1913,0
20003310,2024-02-09,PLT106390,+34600000793,user1851@ex.com,STREET_48,SHOP_976,ES761000002476,LOC_370,TP_1789,0
20003309,2024-02-09,PLT107184,+34600003786,user2446@ex.com,STREET_1874,SHOP_722,ES761000000483,LOC_311,TP_6026,1
20003308,2024-02-09,PLT102323,+34600002374,user1226@ex.com,STREET_717,SHOP_602,ES761000002760,LOC_514,TP_7431,0
20003315,2024-02-09,PLT103350,+34600001163,user1883@ex.com,STREET_2510,SHOP_678,ES761000003920,LOC_905,TP_3680,0
20003306,2024-02-09,PLT105214,+34600002170,user1593@ex.com,STREET_717,SHOP_407,ES761000002627,LOC_567,TP_3402,0
20003403,2024-02-10,PLT100998,+34600000223,user4023@ex.com,STREET_1409,SHOP_126,ES761000002125,LOC_827,TP_2349,0
20003407,2024-02-10,PLT103563,+34600001561,user3229@ex.com,STREET_136,SHOP_502,ES761000001442,LOC_64,TP_7001,0
20003406,2024-02-10,PLT106478,+34600000074,user1660@ex.com,STREET_1183,SHOP_14,ES761000000274,LOC_524,TP_3672,0
20003405,2024-02-10,PLT105799,+34600003205,user2155@ex.com,STREET_372,SHOP_412,ES761000001713,LOC_511,TP_1846,0
20003404,2024-02-10,PLT106478,+34600000837,user1986@ex.com,STREET_291,SHOP_932,ES761000003784,LOC_204,TP_309,0
20003397,2024-02-10,PLT105799,+34600002793,user1929@ex.com,STREET_2912,SHOP_368,ES761000002145,LOC_943,TP_5635,0
20003401,2024-02-10,PLT103693,+34600002094,user2329@ex.com,STREET_2895,SHOP_420,ES761000002362,LOC_486,TP_804,0
20003400,2024-02-10,PLT106270,+34600000253,user845@ex.com,STREET_319,SHOP_184,ES761000000883,LOC_1107,TP_7584,0
20003399,2024-02-10,PLT101250,+34600001165,user2613@ex.com,STREET_2952,SHOP_987,ES761000002596,LOC_512,TP_1985,0
20003424,2024-02-10,PLT102121,+34600001020,user3552@ex.com,STREET_357,SHOP_737,ES761000003670,LOC_461,TP_3924,0
20003408,2024-02-10,PLT104763,+34600003505,user3078@ex.com,STREET_2024,SHOP_185,ES761000000031,LOC_1133,TP_2086,1
20003402,2024-02-10,PLT101174,+34600001060,user3439@ex.com,STREET_717,SHOP_6,ES761000000718,LOC_1184,TP_69,0
20003409,2024-02-10,PLT107213,+34600001531,user4321@ex.com,STREET_2954,SHOP_761,ES761000001828,LOC_152,TP_1270,0
20003418,2024-02-10,PLT102034,+34600000309,user1077@ex.com,STREET_2108,SHOP_180,ES761000003967,LOC_605,TP_4468,0
20003411,2024-02-10,PLT100143,+34600002327,user2437@ex.com,STREET_2678,SHOP_699,ES761000003869,LOC_1059,TP_2632,0
20003412,2024-02-10,PLT105714,+34600001762,user4181@ex.com,STREET_2399,SHOP_622,ES761000003357,LOC_146,TP_1964,0
20003413,2024-02-10,PLT104141,+34600000041,user721@ex.com,STREET_1190,SHOP_364,ES761000000414,LOC_764,TP_822,0
20003414,2024-02-10,PLT104263,+34600003282,user532@ex.com,STREET_2642,SHOP_669,ES761000003540,LOC_314,TP_6056,0
20003415,2024-02-10,PLT105556,+34600001763,user1387@ex.com,STREET_1511,SHOP_930,ES761000000651,LOC_309,TP_5400,0
20003416,2024-02-10,PLT101554,+34600000116,user4246@ex.com,STREET_1204,SHOP_273,ES761000003530,LOC_470,TP_6984,0
20003417,2024-02-10,PLT104113,+34600001989,user4049@ex.com,STREET_762,SHOP_929,ES761000002265,LOC_736,TP_4219,0
20003419,2024-02-10,PLT107227,+34600001801,user2770@ex.com,STREET_859,SHOP_655,ES761000003592,LOC_765,TP_5014,0
20003420,2024-02-10,PLT104322,+34600002835,user2437@ex.com,STREET_1467,SHOP_636,ES761000001435,LOC_415,TP_2983,0
20003421,2024-02-10,PLT107045,+34600001945,user1971@ex.com,STREET_1567,SHOP_314,ES761000003781,LOC_378,TP_1743,0
20003422,2024-02-10,PLT102357,+34600002163,user1621@ex.com,STREET_483,SHOP_618,ES761000001510,LOC_1169,TP_4765,0
20003423,2024-02-10,PLT101435,+34600003177,user605@ex.com,STREET_2153,SHOP_778,ES761000000984,LOC_702,TP_5218,0
20003396,2024-02-10,PLT107752,+34600002765,user2629@ex.com,STREET_1602,SHOP_734,ES761000003054,LOC_923,TP_5698,0
20003410,2024-02-10,PLT104446,+34600003686,user1392@ex.com,STREET_2069,SHOP_776,ES761000000221,LOC_64,TP_1598,1
20003395,2024-02-10,PLT101220,+34600002663,user1957@ex.com,STREET_78,SHOP_978,ES761000001685,LOC_304,TP_2451,0
20003398,2024-02-10,PLT101653,+34600003414,user900@ex.com,STREET_1694,SHOP_760,ES761000003386,LOC_880,TP_2656,0
20003393,2024-02-10,PLT105383,+34600000809,user1115@ex.com,STREET_861,SHOP_495,ES761000003361,LOC_336,TP_5613,0
20003394,2024-02-10,PLT107180,+34600000100,user1338@ex.com,STREET_2667,SHOP_714,ES761000002803,LOC_1098,TP_166,1
20003366,2024-02-10,PLT102034,+34600002370,user779@ex.com,STREET_106,SHOP_533,ES761000001666,LOC_589,TP_2290,0
20003367,2024-02-10,PLT104782,+34600000927,user2402@ex.com,STREET_1898,SHOP_284,ES761000000839,LOC_1112,TP_5473,0
20003368,2024-02-10,PLT103906,+34600002222,user3529@ex.com,STREET_1968,SHOP_430,ES761000002659,LOC_908,TP_1872,0
20003369,2024-02-10,PLT104184,+34600001733,user1809@ex.com,STREET_363,SHOP_209,ES761000003164,LOC_258,TP_7788,0
20003371,2024-02-10,PLT102914,+34600003147,user1130@ex.com,STREET_355,SHOP_20,ES761000001106,LOC_999,TP_6957,1
20003372,2024-02-10,PLT107016,+34600002984,user3955@ex.com,STREET_2916,SHOP_431,ES761000002141,LOC_656,TP_17,0
20003373,2024-02-10,PLT104184,+34600001649,user1219@ex.com,STREET_1236,SHOP_267,ES761000001460,LOC_871,TP_2591,0
20003374,2024-02-10,PLT101168,+34600001319,user4818@ex.com,STREET_2522,SHOP_835,ES761000003743,LOC_782,TP_3145,0
20003375,2024-02-10,PLT104289,+34600002610,user3193@ex.com,STREET_2456,SHOP_983,ES761000000278,LOC_668,TP_7682,0
20003376,2024-02-10,PLT107227,+34600001709,user3197@ex.com,STREET_1977,SHOP_388,ES761000003884,LOC_979,TP_4502,0
20003377,2024-02-10,PLT106372,+34600002128,user3814@ex.com,STREET_1170,SHOP_308,ES761000002077,LOC_422,TP_5575,0
20003378,2024-02-10,PLT100998,+34600002424,user4525@ex.com,STREET_275,SHOP_48,ES761000002105,LOC_800,TP_6244,0
20003370,2024-02-10,PLT105321,+34600000112,user3305@ex.com,STREET_2176,SHOP_910,ES761000002885,LOC_930,TP_4069,0
20003380,2024-02-10,PLT103563,+34600000664,user3126@ex.com,STREET_1597,SHOP_123,ES761000003269,LOC_188,TP_5550,0
20003392,2024-02-10,PLT107582,+34600002945,user3366@ex.com,STREET_2990,SHOP_859,ES761000003270,LOC_260,TP_2168,0
20003379,2024-02-10,PLT100167,+34600003490,user989@ex.com,STREET_2123,SHOP_874,ES761000003971,LOC_645,TP_4867,1
20003391,2024-02-10,PLT100491,+34600000019,user2957@ex.com,STREET_2775,SHOP_777,ES761000003337,LOC_182,TP_462,0
20003390,2024-02-10,PLT103620,+34600002854,user647@ex.com,STREET_454,SHOP_964,ES761000003868,LOC_241,TP_6442,0
20003388,2024-02-10,PLT102431,+34600000652,user4464@ex.com,STREET_2290,SHOP_638,ES761000001600,LOC_792,TP_7165,0
20003387,2024-02-10,PLT100641,+34600000282,user2791@ex.com,STREET_1992,SHOP_414,ES761000000058,LOC_697,TP_1259,0
20003389,2024-02-10,PLT100529,+34600001479,user2643@ex.com,STREET_1137,SHOP_883,ES761000003460,LOC_297,TP_6575,0
20003385,2024-02-10,PLT103768,+34600002366,user1833@ex.com,STREET_2559,SHOP_470,ES761000003999,LOC_801,TP_814,0
20003384,2024-02-10,PLT103256,+34600001531,user1562@ex.com,STREET_1026,SHOP_746,ES761000003708,LOC_181,TP_4093,0
20003383,2024-02-10,PLT107454,+34600000298,user414@ex.com,STREET_1524,SHOP_656,ES761000002070,LOC_113,TP_4977,0
20003382,2024-02-10,PLT101620,+34600000853,user2498@ex.com,STREET_1151,SHOP_506,ES761000001654,LOC_1166,TP_257,0
20003381,2024-02-10,PLT104245,+34600001555,user3991@ex.com,STREET_2014,SHOP_78,ES761000000121,LOC_1046,TP_2087,0
20003386,2024-02-10,PLT107148,+34600003075,user4836@ex.com,STREET_2255,SHOP_714,ES761000001271,LOC_1082,TP_6614,0
20003483,2024-02-11,PLT104918,+34600002680,user223@ex.com,STREET_1634,SHOP_343,ES761000001673,LOC_309,TP_7743,0
20003477,2024-02-11,PLT101892,+34600001409,user194@ex.com,STREET_1540,SHOP_533,ES761000002851,LOC_506,TP_2396,0
20003482,2024-02-11,PLT100624,+34600001929,user1459@ex.com,STREET_655,SHOP_302,ES761000000495,LOC_189,TP_227,0
20003481,2024-02-11,PLT104176,+34600000158,user1607@ex.com,STREET_1534,SHOP_313,ES761000001123,LOC_551,TP_979,0
20003480,2024-02-11,PLT104687,+34600000612,user1168@ex.com,STREET_58,SHOP_509,ES761000000750,LOC_606,TP_2140,0
20003479,2024-02-11,PLT107872,+34600002881,user4639@ex.com,STREET_594,SHOP_716,ES761000002158,LOC_364,TP_1300,1
20003478,2024-02-11,PLT103937,+34600000853,user547@ex.com,STREET_1054,SHOP_974,ES761000000961,LOC_643,TP_450,0
20003476,2024-02-11,PLT101735,+34600003557,user1897@ex.com,STREET_2655,SHOP_310,ES761000001364,LOC_864,TP_6010,0
20003469,2024-02-11,PLT101069,+34600001337,user317@ex.com,STREET_518,SHOP_289,ES761000001387,LOC_859,TP_4775,0
20003474,2024-02-11,PLT100623,+34600002452,user1446@ex.com,STREET_167,SHOP_825,ES761000003357,LOC_34,TP_5510,0
20003473,2024-02-11,PLT105798,+34600000981,user4079@ex.com,STREET_927,SHOP_547,ES761000002760,LOC_421,TP_6035,0
20003472,2024-02-11,PLT104770,+34600002040,user4784@ex.com,STREET_377,SHOP_955,ES761000003581,LOC_740,TP_1127,0
20003471,2024-02-11,PLT101444,+34600002923,user653@ex.com,STREET_1429,SHOP_853,ES761000000280,LOC_409,TP_6023,0
20003468,2024-02-11,PLT103998,+34600001949,user2787@ex.com,STREET_227,SHOP_210,ES761000002914,LOC_66,TP_2823,0
20003467,2024-02-11,PLT100561,+34600000234,user1655@ex.com,STREET_535,SHOP_319,ES761000000995,LOC_421,TP_6213,0
20003484,2024-02-11,PLT102661,+34600002143,user342@ex.com,STREET_11,SHOP_533,ES761000003612,LOC_272,TP_690,0
20003475,2024-02-11,PLT106669,+34600000069,user1315@ex.com,STREET_134,SHOP_95,ES761000000354,LOC_447,TP_2883,0
20003485,2024-02-11,PLT102166,+34600002395,user3114@ex.com,STREET_2969,SHOP_13,ES761000001646,LOC_947,TP_3475,1
20003499,2024-02-11,PLT104924,+34600001229,user2005@ex.com,STREET_1331,SHOP_183,ES761000001956,LOC_244,TP_4296,0
20003487,2024-02-11,PLT107582,+34600002783,user3780@ex.com,STREET_2747,SHOP_414,ES761000001404,LOC_302,TP_5648,0
20003504,2024-02-11,PLT105224,+34600000968,user1867@ex.com,STREET_659,SHOP_358,ES761000002021,LOC_1170,TP_3418,1
20003503,2024-02-11,PLT106397,+34600001141,user3591@ex.com,STREET_1805,SHOP_77,ES761000002567,LOC_791,TP_5090,0
20003502,2024-02-11,PLT101140,+34600002723,user2436@ex.com,STREET_268,SHOP_357,ES761000000078,LOC_607,TP_1799,0
20003501,2024-02-11,PLT100529,+34600000434,user2017@ex.com,STREET_2129,SHOP_809,ES761000003224,LOC_10,TP_6596,0
20003500,2024-02-11,PLT102372,+34600002802,user834@ex.com,STREET_2151,SHOP_655,ES761000001793,LOC_418,TP_6040,0
20003466,2024-02-11,PLT105525,+34600003532,user2204@ex.com,STREET_1734,SHOP_138,ES761000000496,LOC_988,TP_4141,0
20003498,2024-02-11,PLT104263,+34600003803,user2811@ex.com,STREET_2746,SHOP_57,ES761000003182,LOC_661,TP_6252,0
20003497,2024-02-11,PLT103906,+34600000097,user2046@ex.com,STREET_2325,SHOP_552,ES761000002138,LOC_1072,TP_3002,1
20003496,2024-02-11,PLT100986,+34600003324,user1544@ex.com,STREET_274,SHOP_769,ES761000001473,LOC_216,TP_7175,0
20003495,2024-02-11,PLT101906,+34600003789,user2525@ex.com,STREET_2289,SHOP_29,ES761000003967,LOC_724,TP_1761,0
20003494,2024-02-11,PLT107037,+34600002265,user3258@ex.com,STREET_64,SHOP_712,ES761000003468,LOC_704,TP_2063,0
20003493,2024-02-11,PLT107071,+34600001494,user1763@ex.com,STREET_2104,SHOP_669,ES761000000606,LOC_1089,TP_5729,0
20003492,2024-02-11,PLT107165,+34600003440,user3354@ex.com,STREET_2944,SHOP_637,ES761000000638,LOC_1104,TP_4517,0
20003491,2024-02-11,PLT101959,+34600002804,user34@ex.com,STREET_2520,SHOP_213,ES761000000163,LOC_1007,TP_7549,0
20003490,2024-02-11,PLT102198,+34600001720,user2353@ex.com,STREET_1852,SHOP_477,ES761000001844,LOC_611,TP_2219,0
20003489,2024-02-11,PLT106893,+34600001330,user4538@ex.com,STREET_732,SHOP_99,ES761000002535,LOC_638,TP_4769,0
20003488,2024-02-11,PLT102504,+34600003320,user2105@ex.com,STREET_2696,SHOP_194,ES761000002729,LOC_86,TP_7080,0
20003486,2024-02-11,PLT107785,+34600000773,user1283@ex.com,STREET_1282,SHOP_690,ES761000002743,LOC_88,TP_5442,0
20003465,2024-02-11,PLT102064,+34600003944,user2073@ex.com,STREET_602,SHOP_187,ES761000001176,LOC_129,TP_6695,0
20003470,2024-02-11,PLT101405,+34600001740,user3460@ex.com,STREET_2957,SHOP_306,ES761000003893,LOC_1016,TP_2813,0
20003463,2024-02-11,PLT104717,+34600000514,user2502@ex.com,STREET_1740,SHOP_552,ES761000000237,LOC_360,TP_6916,1
20003441,2024-02-11,PLT107227,+34600002371,user4944@ex.com,STREET_341,SHOP_302,ES761000000105,LOC_660,TP_7671,0
20003440,2024-02-11,PLT101766,+34600000659,user626@ex.com,STREET_1157,SHOP_464,ES761000001940,LOC_341,TP_842,0
20003439,2024-02-11,PLT100167,+34600002605,user3624@ex.com,STREET_187,SHOP_178,ES761000001555,LOC_126,TP_6716,0
20003438,2024-02-11,PLT107418,+34600001706,user162@ex.com,STREET_2160,SHOP_739,ES761000002421,LOC_598,TP_2423,1
20003437,2024-02-11,PLT105747,+34600003596,user3348@ex.com,STREET_2680,SHOP_139,ES761000000887,LOC_541,TP_5646,1
20003436,2024-02-11,PLT104550,+34600000902,user3291@ex.com,STREET_2834,SHOP_225,ES761000000711,LOC_770,TP_738,0
20003435,2024-02-11,PLT104484,+34600001179,user2979@ex.com,STREET_543,SHOP_837,ES761000000247,LOC_448,TP_7867,0
20003433,2024-02-11,PLT100671,+34600001187,user1305@ex.com,STREET_2968,SHOP_612,ES761000000810,LOC_455,TP_3554,0
20003432,2024-02-11,PLT104256,+34600000264,user440@ex.com,STREET_2304,SHOP_254,ES761000003000,LOC_1089,TP_7748,0
20003431,2024-02-11,PLT103879,+34600000195,user3346@ex.com,STREET_2279,SHOP_225,ES761000002661,LOC_505,TP_4499,0
20003430,2024-02-11,PLT106581,+34600001974,user644@ex.com,STREET_2521,SHOP_739,ES761000001531,LOC_706,TP_3268,0
20003429,2024-02-11,PLT100101,+34600001636,user1287@ex.com,STREET_2072,SHOP_783,ES761000003492,LOC_550,TP_5769,0
20003428,2024-02-11,PLT105656,+34600000808,user1668@ex.com,STREET_1391,SHOP_506,ES761000001867,LOC_370,TP_1063,0
20003427,2024-02-11,PLT105049,+34600000759,user3171@ex.com,STREET_287,SHOP_141,ES761000003238,LOC_857,TP_2859,0
20003426,2024-02-11,PLT104305,+34600000893,user1705@ex.com,STREET_459,SHOP_95,ES761000003753,LOC_943,TP_5156,1
20003425,2024-02-11,PLT105747,+34600001574,user223@ex.com,STREET_416,SHOP_396,ES761000000334,LOC_874,TP_1537,0
20003464,2024-02-11,PLT102341,+34600003845,user2549@ex.com,STREET_1281,SHOP_7,ES761000002790,LOC_168,TP_7002,0
20003442,2024-02-11,PLT101895,+34600002517,user1266@ex.com,STREET_1178,SHOP_426,ES761000003384,LOC_612,TP_6065,0
20003443,2024-02-11,PLT100847,+34600000689,user2273@ex.com,STREET_2955,SHOP_753,ES761000003474,LOC_1006,TP_5888,0
20003434,2024-02-11,PLT102451,+34600000588,user3619@ex.com,STREET_1623,SHOP_211,ES761000000583,LOC_306,TP_5410,0
20003445,2024-02-11,PLT102543,+34600002142,user2839@ex.com,STREET_303,SHOP_910,ES761000001723,LOC_272,TP_5595,0
20003462,2024-02-11,PLT100652,+34600001515,user1882@ex.com,STREET_202,SHOP_596,ES761000002145,LOC_396,TP_471,0
20003444,2024-02-11,PLT103477,+34600003868,user3113@ex.com,STREET_1861,SHOP_585,ES761000002519,LOC_407,TP_2016,0
20003461,2024-02-11,PLT107541,+34600002848,user2808@ex.com,STREET_442,SHOP_852,ES761000000466,LOC_394,TP_3966,1
20003460,2024-02-11,PLT101870,+34600001634,user2458@ex.com,STREET_490,SHOP_129,ES761000000962,LOC_1099,TP_558,0
20003459,2024-02-11,PLT100787,+34600002587,user1235@ex.com,STREET_180,SHOP_569,ES761000001820,LOC_237,TP_1399,0
20003458,2024-02-11,PLT103370,+34600001034,user3437@ex.com,STREET_1068,SHOP_77,ES761000002421,LOC_190,TP_1464,0
20003456,2024-02-11,PLT104654,+34600002345,user4503@ex.com,STREET_2929,SHOP_605,ES761000002046,LOC_255,TP_6656,0
20003455,2024-02-11,PLT107227,+34600002257,user4031@ex.com,STREET_704,SHOP_283,ES761000002759,LOC_535,TP_2110,0
20003454,2024-02-11,PLT107829,+34600003232,user2898@ex.com,STREET_74,SHOP_185,ES761000003384,LOC_64,TP_3835,0
20003457,2024-02-11,PLT100143,+34600002951,user82@ex.com,STREET_1716,SHOP_386,ES761000003070,LOC_124,TP_5345,0
20003452,2024-02-11,PLT100260,+34600002690,user4831@ex.com,STREET_2645,SHOP_932,ES761000001320,LOC_282,TP_4307,0
20003451,2024-02-11,PLT105244,+34600001624,user3896@ex.com,STREET_2669,SHOP_969,ES761000001469,LOC_402,TP_2745,0
20003450,2024-02-11,PLT101381,+34600001241,user4497@ex.com,STREET_2011,SHOP_168,ES761000002665,LOC_931,TP_5822,1
20003449,2024-02-11,PLT106397,+34600003217,user4709@ex.com,STREET_2303,SHOP_765,ES761000000138,LOC_1137,TP_6751,0
20003448,2024-02-11,PLT101250,+34600000384,user3079@ex.com,STREET_1745,SHOP_396,ES761000003271,LOC_980,TP_144,0
20003447,2024-02-11,PLT107519,+34600002856,user4758@ex.com,STREET_1164,SHOP_981,ES761000003438,LOC_806,TP_761,0
20003446,2024-02-11,PLT106929,+34600000790,user3421@ex.com,STREET_1178,SHOP_641,ES761000002557,LOC_905,TP_5034,0
20003453,2024-02-11,PLT105057,+34600003191,user2017@ex.com,STREET_1571,SHOP_224,ES761000000504,LOC_1004,TP_5049,0
20003564,2024-02-12,PLT103262,+34600001852,user3653@ex.com,STREET_1780,SHOP_966,ES761000002230,LOC_177,TP_4355,0
20003558,2024-02-12,PLT103656,+34600002054,user3730@ex.com,STREET_2126,SHOP_705,ES761000003471,LOC_553,TP_6636,0
20003563,2024-02-12,PLT105121,+34600000497,user2417@ex.com,STREET_2143,SHOP_863,ES761000002655,LOC_854,TP_1903,0
20003562,2024-02-12,PLT100901,+34600002492,user1139@ex.com,STREET_637,SHOP_455,ES761000002058,LOC_1045,TP_7174,0
20003587,2024-02-12,PLT105795,+34600000790,user1458@ex.com,STREET_291,SHOP_964,ES761000002880,LOC_943,TP_440,0
20003560,2024-02-12,PLT106372,+34600000317,user2405@ex.com,STREET_1583,SHOP_893,ES761000000890,LOC_1063,TP_823,0
20003559,2024-02-12,PLT100092,+34600001893,user1777@ex.com,STREET_163,SHOP_771,ES761000001813,LOC_241,TP_1832,0
20003557,2024-02-12,PLT105053,+34600000265,user3033@ex.com,STREET_2763,SHOP_581,ES761000002898,LOC_826,TP_1253,0
20003548,2024-02-12,PLT104763,+34600003587,user4935@ex.com,STREET_1889,SHOP_739,ES761000001926,LOC_276,TP_1613,1
20003555,2024-02-12,PLT107804,+34600002529,user1113@ex.com,STREET_1177,SHOP_255,ES761000001043,LOC_1068,TP_4892,0
20003554,2024-02-12,PLT104475,+34600000993,user3766@ex.com,STREET_2099,SHOP_951,ES761000003080,LOC_908,TP_348,0
20003553,2024-02-12,PLT105554,+34600000329,user4606@ex.com,STREET_1011,SHOP_940,ES761000000872,LOC_630,TP_3444,0
20003552,2024-02-12,PLT101012,+34600000657,user254@ex.com,STREET_1628,SHOP_139,ES761000002077,LOC_396,TP_4842,0
20003551,2024-02-12,PLT102198,+34600003855,user298@ex.com,STREET_2289,SHOP_391,ES761000000353,LOC_720,TP_3627,0
20003550,2024-02-12,PLT100372,+34600003109,user3341@ex.com,STREET_2534,SHOP_455,ES761000000800,LOC_30,TP_6665,0
20003549,2024-02-12,PLT101553,+34600001895,user1717@ex.com,STREET_2484,SHOP_203,ES761000000496,LOC_652,TP_1047,0
20003565,2024-02-12,PLT102124,+34600000732,user1084@ex.com,STREET_2223,SHOP_40,ES761000000727,LOC_602,TP_4452,0
20003556,2024-02-12,PLT103162,+34600002034,user3660@ex.com,STREET_2395,SHOP_880,ES761000002662,LOC_140,TP_1534,0
20003566,2024-02-12,PLT100421,+34600003120,user3115@ex.com,STREET_835,SHOP_438,ES761000002311,LOC_749,TP_6530,0
20003586,2024-02-12,PLT104473,+34600003000,user1068@ex.com,STREET_2702,SHOP_46,ES761000001959,LOC_473,TP_5375,0
20003568,2024-02-12,PLT101234,+34600001555,user1729@ex.com,STREET_1320,SHOP_835,ES761000002509,LOC_1090,TP_6194,0
20003547,2024-02-12,PLT107322,+34600003277,user2982@ex.com,STREET_1565,SHOP_130,ES761000002701,LOC_821,TP_3411,0
20003585,2024-02-12,PLT104592,+34600003122,user1272@ex.com,STREET_2086,SHOP_760,ES761000001321,LOC_37,TP_947,0
20003584,2024-02-12,PLT107752,+34600000302,user2659@ex.com,STREET_1297,SHOP_693,ES761000003276,LOC_1015,TP_2532,0
20003583,2024-02-12,PLT105846,+34600003207,user2555@ex.com,STREET_1105,SHOP_512,ES761000000522,LOC_498,TP_6653,0
20003582,2024-02-12,PLT107707,+34600000061,user3050@ex.com,STREET_1610,SHOP_713,ES761000001311,LOC_570,TP_660,0
20003581,2024-02-12,PLT107754,+34600000521,user268@ex.com,STREET_2883,SHOP_53,ES761000002248,LOC_617,TP_613,0
20003580,2024-02-12,PLT106595,+34600003922,user271@ex.com,STREET_2709,SHOP_75,ES761000003011,LOC_902,TP_6023,0
20003579,2024-02-12,PLT100928,+34600002704,user3036@ex.com,STREET_2817,SHOP_963,ES761000001746,LOC_328,TP_6032,1
20003567,2024-02-12,PLT106546,+34600000510,user4064@ex.com,STREET_11,SHOP_514,ES761000001348,LOC_368,TP_3600,0
20003578,2024-02-12,PLT101012,+34600003013,user1971@ex.com,STREET_425,SHOP_360,ES761000000436,LOC_102,TP_2182,0
20003576,2024-02-12,PLT106138,+34600002652,user1958@ex.com,STREET_2852,SHOP_803,ES761000002649,LOC_82,TP_3896,0
20003575,2024-02-12,PLT105202,+34600001279,user4799@ex.com,STREET_725,SHOP_221,ES761000001382,LOC_1119,TP_1764,0
20003574,2024-02-12,PLT103012,+34600001456,user2788@ex.com,STREET_1638,SHOP_834,ES761000000987,LOC_860,TP_4481,0
20003573,2024-02-12,PLT100808,+34600001753,user3031@ex.com,STREET_930,SHOP_287,ES761000003811,LOC_98,TP_2483,0
20003572,2024-02-12,PLT106968,+34600000639,user3310@ex.com,STREET_1063,SHOP_460,ES761000001288,LOC_553,TP_2903,1
20003571,2024-02-12,PLT101235,+34600001404,user1217@ex.com,STREET_353,SHOP_306,ES761000000432,LOC_526,TP_25,0
20003570,2024-02-12,PLT104918,+34600003746,user3581@ex.com,STREET_2486,SHOP_563,ES761000000160,LOC_14,TP_3930,0
20003569,2024-02-12,PLT106928,+34600000758,user980@ex.com,STREET_755,SHOP_879,ES761000001545,LOC_256,TP_7884,0
20003577,2024-02-12,PLT105699,+34600002223,user3899@ex.com,STREET_1110,SHOP_963,ES761000003942,LOC_354,TP_7259,1
20003546,2024-02-12,PLT101604,+34600002250,user4100@ex.com,STREET_784,SHOP_893,ES761000003936,LOC_1069,TP_3053,1
20003561,2024-02-12,PLT101261,+34600001028,user1977@ex.com,STREET_73,SHOP_530,ES761000000346,LOC_32,TP_6539,0
20003544,2024-02-12,PLT106968,+34600001502,user4707@ex.com,STREET_671,SHOP_552,ES761000003108,LOC_912,TP_3246,0
20003521,2024-02-12,PLT107807,+34600001154,user1555@ex.com,STREET_1407,SHOP_937,ES761000002113,LOC_385,TP_5843,0
20003520,2024-02-12,PLT106921,+34600000992,user2637@ex.com,STREET_2175,SHOP_876,ES761000000846,LOC_1195,TP_4449,0
20003519,2024-02-12,PLT107619,+34600002980,user855@ex.com,STREET_378,SHOP_523,ES761000002208,LOC_348,TP_5556,0
20003518,2024-02-12,PLT103068,+34600002587,user2273@ex.com,STREET_2603,SHOP_737,ES761000000917,LOC_794,TP_6157,0
20003517,2024-02-12,PLT107484,+34600000336,user3940@ex.com,STREET_785,SHOP_731,ES761000002748,LOC_810,TP_1577,0
20003516,2024-02-12,PLT102600,+34600001616,user4361@ex.com,STREET_2379,SHOP_709,ES761000000916,LOC_541,TP_5735,0
20003515,2024-02-12,PLT104305,+34600003953,user2780@ex.com,STREET_1279,SHOP_207,ES761000000307,LOC_351,TP_3746,0
20003514,2024-02-12,PLT102035,+34600001886,user4771@ex.com,STREET_2795,SHOP_508,ES761000000690,LOC_176,TP_2859,0
20003513,2024-02-12,PLT101173,+34600003463,user603@ex.com,STREET_227,SHOP_963,ES761000003031,LOC_163,TP_3672,0
20003512,2024-02-12,PLT106478,+34600000122,user2310@ex.com,STREET_1409,SHOP_450,ES761000002240,LOC_739,TP_5588,0
20003511,2024-02-12,PLT102886,+34600002567,user1374@ex.com,STREET_1623,SHOP_342,ES761000002749,LOC_313,TP_4573,0
20003510,2024-02-12,PLT103247,+34600003863,user4172@ex.com,STREET_806,SHOP_334,ES761000002446,LOC_964,TP_1446,0
20003508,2024-02-12,PLT106120,+34600003184,user2775@ex.com,STREET_2837,SHOP_464,ES761000000691,LOC_1152,TP_61,1
20003507,2024-02-12,PLT106089,+34600000904,user13@ex.com,STREET_1411,SHOP_391,ES761000002646,LOC_935,TP_3097,0
20003506,2024-02-12,PLT100675,+34600002047,user4555@ex.com,STREET_1357,SHOP_243,ES761000001535,LOC_540,TP_3869,0
20003505,2024-02-12,PLT101217,+34600002674,user3234@ex.com,STREET_1060,SHOP_626,ES761000000876,LOC_1086,TP_7813,0
20003545,2024-02-12,PLT107139,+34600003857,user1944@ex.com,STREET_2192,SHOP_202,ES761000002651,LOC_340,TP_2821,0
20003522,2024-02-12,PLT101983,+34600003973,user673@ex.com,STREET_499,SHOP_186,ES761000003198,LOC_954,TP_4460,0
20003523,2024-02-12,PLT101414,+34600001103,user3458@ex.com,STREET_818,SHOP_202,ES761000001696,LOC_563,TP_3114,1
20003509,2024-02-12,PLT107335,+34600001373,user2503@ex.com,STREET_2211,SHOP_287,ES761000001791,LOC_823,TP_3408,0
20003525,2024-02-12,PLT104193,+34600001053,user294@ex.com,STREET_1173,SHOP_450,ES761000002208,LOC_536,TP_2812,0
20003524,2024-02-12,PLT107743,+34600003195,user4692@ex.com,STREET_2390,SHOP_783,ES761000002290,LOC_541,TP_1985,0
20003543,2024-02-12,PLT101146,+34600003591,user1980@ex.com,STREET_1628,SHOP_184,ES761000002221,LOC_638,TP_5006,0
20003542,2024-02-12,PLT102018,+34600002487,user3408@ex.com,STREET_1835,SHOP_591,ES761000000836,LOC_101,TP_682,0
20003541,2024-02-12,PLT102825,+34600001045,user1331@ex.com,STREET_2782,SHOP_750,ES761000002052,LOC_243,TP_6995,0
20003539,2024-02-12,PLT100423,+34600000609,user4105@ex.com,STREET_265,SHOP_461,ES761000002149,LOC_374,TP_7250,0
20003538,2024-02-12,PLT106965,+34600003936,user4742@ex.com,STREET_876,SHOP_816,ES761000002567,LOC_331,TP_3862,0
20003537,2024-02-12,PLT107360,+34600002002,user4141@ex.com,STREET_131,SHOP_886,ES761000003019,LOC_1102,TP_1414,0
20003536,2024-02-12,PLT107213,+34600001024,user4628@ex.com,STREET_1283,SHOP_640,ES761000000383,LOC_488,TP_2217,0
20003535,2024-02-12,PLT105366,+34600002128,user423@ex.com,STREET_2334,SHOP_142,ES761000000379,LOC_696,TP_250,0
20003540,2024-02-12,PLT103444,+34600002991,user2210@ex.com,STREET_705,SHOP_571,ES761000002072,LOC_971,TP_532,0
20003533,2024-02-12,PLT100742,+34600002075,user644@ex.com,STREET_1010,SHOP_139,ES761000003732,LOC_1124,TP_6101,1
20003532,2024-02-12,PLT105237,+34600003437,user4086@ex.com,STREET_440,SHOP_552,ES761000001674,LOC_1101,TP_6464,0
20003531,2024-02-12,PLT102451,+34600003937,user2450@ex.com,STREET_169,SHOP_820,ES761000001032,LOC_958,TP_5997,0
20003530,2024-02-12,PLT105486,+34600000129,user4741@ex.com,STREET_1881,SHOP_456,ES761000001264,LOC_250,TP_6753,0
20003529,2024-02-12,PLT103117,+34600000894,user117@ex.com,STREET_1750,SHOP_287,ES761000001202,LOC_176,TP_5364,1
20003528,2024-02-12,PLT101023,+34600003828,user2693@ex.com,STREET_2332,SHOP_453,ES761000003992,LOC_1008,TP_110,0
20003527,2024-02-12,PLT100653,+34600003860,user1825@ex.com,STREET_1657,SHOP_844,ES761000001034,LOC_84,TP_5574,0
20003534,2024-02-12,PLT107180,+34600001722,user4615@ex.com,STREET_435,SHOP_318,ES761000001006,LOC_150,TP_1926,0
20003526,2024-02-12,PLT103417,+34600001098,user2392@ex.com,STREET_2041,SHOP_626,ES761000003747,LOC_1024,TP_1252,0
20003633,2024-02-13,PLT102661,+34600001244,user4795@ex.com,STREET_2114,SHOP_443,ES761000001735,LOC_492,TP_5322,0
20003632,2024-02-13,PLT102323,+34600001118,user4449@ex.com,STREET_799,SHOP_603,ES761000003379,LOC_889,TP_588,0
20003631,2024-02-13,PLT104305,+34600000451,user2775@ex.com,STREET_1713,SHOP_224,ES761000001208,LOC_1127,TP_600,0
20003630,2024-02-13,PLT105092,+34600003660,user2899@ex.com,STREET_590,SHOP_322,ES761000003763,LOC_888,TP_3358,0
20003629,2024-02-13,PLT104245,+34600002792,user1910@ex.com,STREET_1311,SHOP_542,ES761000001677,LOC_415,TP_5037,0
20003628,2024-02-13,PLT104256,+34600000070,user1954@ex.com,STREET_1087,SHOP_125,ES761000003093,LOC_910,TP_68,0
20003625,2024-02-13,PLT101416,+34600003827,user705@ex.com,STREET_394,SHOP_804,ES761000003172,LOC_830,TP_4012,0
20003626,2024-02-13,PLT100641,+34600003099,user4411@ex.com,STREET_2455,SHOP_774,ES761000003727,LOC_19,TP_5045,0
20003624,2024-02-13,PLT103444,+34600001562,user380@ex.com,STREET_119,SHOP_204,ES761000001336,LOC_497,TP_6094,0
20003623,2024-02-13,PLT106792,+34600000965,user1231@ex.com,STREET_1860,SHOP_428,ES761000001121,LOC_517,TP_2594,0
20003634,2024-02-13,PLT102372,+34600001049,user3207@ex.com,STREET_2185,SHOP_925,ES761000003292,LOC_865,TP_2374,0
20003622,2024-02-13,PLT105045,+34600002243,user4728@ex.com,STREET_2510,SHOP_445,ES761000001654,LOC_497,TP_4680,0
20003627,2024-02-13,PLT102018,+34600003573,user4554@ex.com,STREET_1068,SHOP_772,ES761000002785,LOC_602,TP_4171,1
20003635,2024-02-13,PLT105915,+34600000612,user3652@ex.com,STREET_974,SHOP_470,ES761000002003,LOC_132,TP_6528,1
20003645,2024-02-13,PLT100994,+34600000709,user3399@ex.com,STREET_1074,SHOP_856,ES761000002253,LOC_1101,TP_6934,0
20003637,2024-02-13,PLT105608,+34600000086,user4305@ex.com,STREET_1825,SHOP_862,ES761000001809,LOC_156,TP_5388,0
20003638,2024-02-13,PLT106478,+34600003194,user2465@ex.com,STREET_1249,SHOP_669,ES761000000489,LOC_869,TP_803,1
20003639,2024-02-13,PLT106372,+34600000464,user1291@ex.com,STREET_1904,SHOP_979,ES761000003214,LOC_940,TP_6102,0
20003640,2024-02-13,PLT104569,+34600001758,user2135@ex.com,STREET_1229,SHOP_875,ES761000002900,LOC_628,TP_150,1
20003641,2024-02-13,PLT101121,+34600000349,user4306@ex.com,STREET_113,SHOP_473,ES761000001815,LOC_1103,TP_5696,0
20003642,2024-02-13,PLT100367,+34600000773,user1758@ex.com,STREET_1839,SHOP_555,ES761000003176,LOC_663,TP_1177,0
20003643,2024-02-13,PLT102341,+34600002452,user3631@ex.com,STREET_1675,SHOP_697,ES761000001034,LOC_275,TP_1309,0
20003644,2024-02-13,PLT100638,+34600002357,user4183@ex.com,STREET_576,SHOP_976,ES761000003972,LOC_1129,TP_6233,0
20003646,2024-02-13,PLT107180,+34600003647,user4191@ex.com,STREET_550,SHOP_716,ES761000003601,LOC_615,TP_3732,0
20003647,2024-02-13,PLT101879,+34600001155,user2835@ex.com,STREET_2240,SHOP_835,ES761000002854,LOC_1185,TP_2724,0
20003648,2024-02-13,PLT101589,+34600003045,user201@ex.com,STREET_2673,SHOP_655,ES761000000732,LOC_283,TP_2514,0
20003649,2024-02-13,PLT103379,+34600003843,user3169@ex.com,STREET_2486,SHOP_141,ES761000001801,LOC_1088,TP_3772,0
20003650,2024-02-13,PLT101423,+34600003290,user4151@ex.com,STREET_364,SHOP_660,ES761000002339,LOC_774,TP_7375,0
20003621,2024-02-13,PLT102847,+34600000328,user1170@ex.com,STREET_668,SHOP_832,ES761000000592,LOC_1107,TP_736,0
20003636,2024-02-13,PLT101012,+34600002652,user537@ex.com,STREET_824,SHOP_432,ES761000001186,LOC_147,TP_7170,0
20003620,2024-02-13,PLT104161,+34600001898,user2256@ex.com,STREET_1871,SHOP_517,ES761000001305,LOC_934,TP_1904,1
20003614,2024-02-13,PLT101597,+34600002966,user3769@ex.com,STREET_2509,SHOP_835,ES761000002735,LOC_181,TP_3600,1
20003618,2024-02-13,PLT100998,+34600003520,user3363@ex.com,STREET_875,SHOP_893,ES761000003358,LOC_280,TP_775,0
20003619,2024-02-13,PLT107051,+34600001470,user1184@ex.com,STREET_1642,SHOP_263,ES761000001470,LOC_515,TP_7393,0
20003588,2024-02-13,PLT105141,+34600003064,user4120@ex.com,STREET_27,SHOP_605,ES761000003402,LOC_475,TP_6347,0
20003589,2024-02-13,PLT101414,+34600003064,user2529@ex.com,STREET_2925,SHOP_865,ES761000002667,LOC_764,TP_4661,0
20003590,2024-02-13,PLT102851,+34600003960,user4850@ex.com,STREET_1602,SHOP_790,ES761000001073,LOC_1158,TP_3302,1
20003591,2024-02-13,PLT107437,+34600002259,user4212@ex.com,STREET_2747,SHOP_958,ES761000003465,LOC_615,TP_6945,0
20003592,2024-02-13,PLT106267,+34600000649,user1212@ex.com,STREET_165,SHOP_41,ES761000000897,LOC_332,TP_6069,0
20003593,2024-02-13,PLT107899,+34600000890,user3380@ex.com,STREET_2019,SHOP_334,ES761000003572,LOC_541,TP_5727,0
20003594,2024-02-13,PLT101083,+34600002926,user78@ex.com,STREET_1912,SHOP_979,ES761000002447,LOC_766,TP_3632,0
20003595,2024-02-13,PLT106660,+34600002058,user525@ex.com,STREET_1588,SHOP_977,ES761000003805,LOC_224,TP_1263,0
20003597,2024-02-13,PLT104779,+34600003495,user1506@ex.com,STREET_141,SHOP_63,ES761000003042,LOC_781,TP_7979,0
20003598,2024-02-13,PLT105228,+34600001540,user4387@ex.com,STREET_2721,SHOP_671,ES761000003809,LOC_605,TP_1360,0
20003599,2024-02-13,PLT107603,+34600000136,user919@ex.com,STREET_2179,SHOP_160,ES761000003298,LOC_608,TP_1335,0
20003600,2024-02-13,PLT103809,+34600000819,user1666@ex.com,STREET_579,SHOP_168,ES761000000003,LOC_1138,TP_194,0
20003601,2024-02-13,PLT106107,+34600002608,user4843@ex.com,STREET_606,SHOP_525,ES761000003355,LOC_444,TP_2847,0
20003602,2024-02-13,PLT101144,+34600003876,user3976@ex.com,STREET_2172,SHOP_222,ES761000001917,LOC_585,TP_3403,0
20003596,2024-02-13,PLT107528,+34600003566,user913@ex.com,STREET_1904,SHOP_281,ES761000001458,LOC_42,TP_4938,0
20003604,2024-02-13,PLT105652,+34600001220,user400@ex.com,STREET_1004,SHOP_275,ES761000000048,LOC_877,TP_3543,0
20003603,2024-02-13,PLT101217,+34600003773,user1558@ex.com,STREET_790,SHOP_353,ES761000002419,LOC_249,TP_5315,0
20003616,2024-02-13,PLT104263,+34600002766,user3552@ex.com,STREET_253,SHOP_596,ES761000000603,LOC_669,TP_3157,1
20003615,2024-02-13,PLT104267,+34600003278,user425@ex.com,STREET_2268,SHOP_644,ES761000000885,LOC_358,TP_4592,0
20003613,2024-02-13,PLT100146,+34600003737,user3599@ex.com,STREET_73,SHOP_604,ES761000000757,LOC_1090,TP_5084,0
20003612,2024-02-13,PLT103247,+34600002065,user2301@ex.com,STREET_1505,SHOP_106,ES761000002975,LOC_139,TP_7256,0
20003611,2024-02-13,PLT102034,+34600002879,user113@ex.com,STREET_2479,SHOP_801,ES761000001260,LOC_654,TP_5318,0
20003617,2024-02-13,PLT105536,+34600000567,user972@ex.com,STREET_2114,SHOP_223,ES761000001830,LOC_1051,TP_5694,0
20003609,2024-02-13,PLT104245,+34600001980,user3200@ex.com,STREET_122,SHOP_660,ES761000001400,LOC_422,TP_274,0
20003608,2024-02-13,PLT107063,+34600000251,user4169@ex.com,STREET_201,SHOP_155,ES761000003554,LOC_1168,TP_6277,1
20003607,2024-02-13,PLT103879,+34600003441,user4668@ex.com,STREET_2676,SHOP_392,ES761000000688,LOC_18,TP_4624,0
20003606,2024-02-13,PLT104650,+34600003558,user2946@ex.com,STREET_2805,SHOP_804,ES761000001067,LOC_237,TP_5280,0
20003605,2024-02-13,PLT102166,+34600001678,user4760@ex.com,STREET_1415,SHOP_208,ES761000000695,LOC_465,TP_6869,0
20003610,2024-02-13,PLT106372,+34600002746,user4189@ex.com,STREET_656,SHOP_517,ES761000000431,LOC_1121,TP_5874,1
20003698,2024-02-14,PLT104825,+34600003954,user4772@ex.com,STREET_1235,SHOP_636,ES761000002554,LOC_984,TP_7580,0
20003697,2024-02-14,PLT105170,+34600000643,user1488@ex.com,STREET_2994,SHOP_959,ES761000001866,LOC_415,TP_7533,0
20003696,2024-02-14,PLT106509,+34600001192,user3735@ex.com,STREET_50,SHOP_455,ES761000001535,LOC_280,TP_6345,0
20003695,2024-02-14,PLT107573,+34600000801,user3041@ex.com,STREET_2814,SHOP_431,ES761000000788,LOC_891,TP_4261,0
20003694,2024-02-14,PLT106783,+34600002074,user1691@ex.com,STREET_2225,SHOP_767,ES761000001977,LOC_840,TP_2001,0
20003693,2024-02-14,PLT101597,+34600003018,user4443@ex.com,STREET_1581,SHOP_994,ES761000001410,LOC_847,TP_1036,0
20003690,2024-02-14,PLT103759,+34600003838,user1959@ex.com,STREET_2111,SHOP_126,ES761000000304,LOC_262,TP_2369,0
20003691,2024-02-14,PLT104987,+34600003020,user4616@ex.com,STREET_1474,SHOP_931,ES761000001949,LOC_1020,TP_6923,0
20003689,2024-02-14,PLT101023,+34600002091,user1096@ex.com,STREET_1653,SHOP_739,ES761000003412,LOC_913,TP_5835,0
20003688,2024-02-14,PLT104141,+34600001100,user380@ex.com,STREET_717,SHOP_296,ES761000002381,LOC_584,TP_7749,0
20003687,2024-02-14,PLT105403,+34600003449,user1454@ex.com,STREET_172,SHOP_918,ES761000002717,LOC_212,TP_1183,0
20003686,2024-02-14,PLT104781,+34600003570,user508@ex.com,STREET_378,SHOP_798,ES761000000872,LOC_979,TP_4053,0
20003699,2024-02-14,PLT106612,+34600000641,user2091@ex.com,STREET_2592,SHOP_819,ES761000001421,LOC_612,TP_7790,0
20003692,2024-02-14,PLT102482,+34600000525,user449@ex.com,STREET_1570,SHOP_62,ES761000000999,LOC_408,TP_6570,0
20003700,2024-02-14,PLT100281,+34600001986,user1906@ex.com,STREET_2032,SHOP_79,ES761000000450,LOC_759,TP_2011,1
20003715,2024-02-14,PLT105250,+34600001425,user2909@ex.com,STREET_2078,SHOP_668,ES761000003810,LOC_304,TP_974,0
20003702,2024-02-14,PLT105798,+34600003660,user4884@ex.com,STREET_1501,SHOP_947,ES761000003530,LOC_37,TP_320,0
20003703,2024-02-14,PLT105141,+34600003130,user1981@ex.com,STREET_1617,SHOP_712,ES761000000612,LOC_534,TP_6121,0
20003704,2024-02-14,PLT101023,+34600000295,user3170@ex.com,STREET_2469,SHOP_808,ES761000003825,LOC_477,TP_7899,0
20003705,2024-02-14,PLT102372,+34600000163,user519@ex.com,STREET_117,SHOP_549,ES761000000094,LOC_44,TP_3879,0
20003706,2024-02-14,PLT103269,+34600003737,user240@ex.com,STREET_2247,SHOP_593,ES761000002160,LOC_478,TP_2863,1
20003707,2024-02-14,PLT106443,+34600001265,user2466@ex.com,STREET_2700,SHOP_440,ES761000002220,LOC_156,TP_1216,0
20003708,2024-02-14,PLT104273,+34600003013,user4188@ex.com,STREET_1768,SHOP_59,ES761000001446,LOC_695,TP_1303,0
20003709,2024-02-14,PLT105575,+34600003710,user2759@ex.com,STREET_2022,SHOP_649,ES761000001654,LOC_1131,TP_3306,0
20003710,2024-02-14,PLT102660,+34600003486,user525@ex.com,STREET_983,SHOP_227,ES761000000072,LOC_364,TP_816,0
20003711,2024-02-14,PLT105799,+34600003044,user3354@ex.com,STREET_2659,SHOP_251,ES761000002101,LOC_53,TP_7999,0
20003712,2024-02-14,PLT105379,+34600001128,user1552@ex.com,STREET_1486,SHOP_542,ES761000003732,LOC_215,TP_4349,0
20003713,2024-02-14,PLT102257,+34600001142,user1714@ex.com,STREET_1148,SHOP_625,ES761000001617,LOC_409,TP_4045,0
20003714,2024-02-14,PLT107651,+34600000700,user2017@ex.com,STREET_1845,SHOP_851,ES761000003099,LOC_144,TP_7798,0
20003685,2024-02-14,PLT101174,+34600003119,user2745@ex.com,STREET_2101,SHOP_623,ES761000002348,LOC_280,TP_5312,0
20003701,2024-02-14,PLT107418,+34600003357,user3955@ex.com,STREET_1515,SHOP_803,ES761000000638,LOC_812,TP_5004,0
20003684,2024-02-14,PLT100281,+34600000627,user355@ex.com,STREET_2612,SHOP_117,ES761000003949,LOC_1093,TP_3966,0
20003678,2024-02-14,PLT103492,+34600002254,user338@ex.com,STREET_923,SHOP_120,ES761000003662,LOC_445,TP_3925,0
20003682,2024-02-14,PLT104184,+34600002288,user987@ex.com,STREET_2154,SHOP_267,ES761000000290,LOC_972,TP_7846,0
20003652,2024-02-14,PLT105739,+34600002526,user716@ex.com,STREET_2537,SHOP_429,ES761000002408,LOC_627,TP_3813,0
20003653,2024-02-14,PLT100243,+34600001772,user744@ex.com,STREET_163,SHOP_221,ES761000001290,LOC_0,TP_2969,0
20003654,2024-02-14,PLT101067,+34600001611,user1925@ex.com,STREET_90,SHOP_276,ES761000003841,LOC_421,TP_4301,0
20003655,2024-02-14,PLT101166,+34600001924,user934@ex.com,STREET_271,SHOP_821,ES761000003032,LOC_853,TP_6912,0
20003656,2024-02-14,PLT100361,+34600001790,user1494@ex.com,STREET_2975,SHOP_493,ES761000003792,LOC_50,TP_3208,0
20003657,2024-02-14,PLT102128,+34600003932,user4372@ex.com,STREET_2464,SHOP_431,ES761000000538,LOC_891,TP_1638,1
20003658,2024-02-14,PLT105826,+34600001651,user845@ex.com,STREET_283,SHOP_864,ES761000002989,LOC_1005,TP_5993,0
20003659,2024-02-14,PLT100433,+34600002453,user257@ex.com,STREET_1335,SHOP_450,ES761000001577,LOC_888,TP_5254,0
20003660,2024-02-14,PLT101960,+34600003278,user4646@ex.com,STREET_1451,SHOP_374,ES761000003957,LOC_536,TP_333,0
20003661,2024-02-14,PLT107826,+34600003293,user4326@ex.com,STREET_2695,SHOP_771,ES761000000777,LOC_272,TP_1589,0
20003662,2024-02-14,PLT102711,+34600002238,user3895@ex.com,STREET_2241,SHOP_412,ES761000000491,LOC_460,TP_6506,0
20003663,2024-02-14,PLT103656,+34600001404,user1759@ex.com,STREET_1611,SHOP_777,ES761000000288,LOC_358,TP_1738,1
20003664,2024-02-14,PLT101261,+34600003763,user8@ex.com,STREET_2784,SHOP_139,ES761000003779,LOC_653,TP_1062,0
20003665,2024-02-14,PLT105850,+34600002263,user250@ex.com,STREET_2270,SHOP_346,ES761000002720,LOC_1006,TP_1188,1
20003666,2024-02-14,PLT102431,+34600000086,user4626@ex.com,STREET_2957,SHOP_168,ES761000000434,LOC_1164,TP_872,1
20003651,2024-02-14,PLT102879,+34600000619,user2045@ex.com,STREET_2028,SHOP_991,ES761000003456,LOC_1045,TP_1297,1
20003668,2024-02-14,PLT107213,+34600003380,user4053@ex.com,STREET_2851,SHOP_285,ES761000001920,LOC_730,TP_1100,0
20003667,2024-02-14,PLT101692,+34600002103,user3305@ex.com,STREET_420,SHOP_867,ES761000000566,LOC_512,TP_6658,0
20003681,2024-02-14,PLT104257,+34600000580,user4292@ex.com,STREET_199,SHOP_174,ES761000001654,LOC_98,TP_5577,0
20003680,2024-02-14,PLT102504,+34600001898,user2716@ex.com,STREET_602,SHOP_334,ES761000000019,LOC_827,TP_1652,0
20003679,2024-02-14,PLT101472,+34600002083,user1588@ex.com,STREET_2497,SHOP_551,ES761000003206,LOC_8,TP_7152,0
20003677,2024-02-14,PLT104515,+34600002811,user791@ex.com,STREET_2454,SHOP_224,ES761000001305,LOC_635,TP_3758,0
20003676,2024-02-14,PLT106267,+34600001985,user4213@ex.com,STREET_394,SHOP_851,ES761000002843,LOC_350,TP_96,0
20003683,2024-02-14,PLT106968,+34600003559,user2064@ex.com,STREET_1416,SHOP_533,ES761000000139,LOC_573,TP_1365,0
20003674,2024-02-14,PLT102683,+34600001265,user2893@ex.com,STREET_630,SHOP_525,ES761000002736,LOC_1026,TP_5548,0
20003673,2024-02-14,PLT102292,+34600000638,user2514@ex.com,STREET_1374,SHOP_506,ES761000001768,LOC_1199,TP_2198,0
20003675,2024-02-14,PLT107173,+34600001964,user1985@ex.com,STREET_2110,SHOP_419,ES761000002338,LOC_439,TP_5733,1
20003672,2024-02-14,PLT105228,+34600002206,user3190@ex.com,STREET_186,SHOP_161,ES761000000582,LOC_285,TP_5736,1
20003671,2024-02-14,PLT101436,+34600001190,user788@ex.com,STREET_2861,SHOP_37,ES761000000659,LOC_1043,TP_946,0
20003670,2024-02-14,PLT103109,+34600000862,user959@ex.com,STREET_2997,SHOP_75,ES761000001146,LOC_790,TP_1297,0
20003669,2024-02-14,PLT100361,+34600003543,user1453@ex.com,STREET_892,SHOP_445,ES761000001415,LOC_1146,TP_5400,1
20003761,2024-02-15,PLT106030,+34600003954,user2867@ex.com,STREET_2449,SHOP_517,ES761000003088,LOC_969,TP_1997,1
20003760,2024-02-15,PLT107636,+34600003220,user805@ex.com,STREET_2294,SHOP_681,ES761000002443,LOC_489,TP_1716,0
20003759,2024-02-15,PLT107965,+34600002446,user4554@ex.com,STREET_256,SHOP_757,ES761000000515,LOC_1049,TP_6618,0
20003758,2024-02-15,PLT104273,+34600003418,user1522@ex.com,STREET_2308,SHOP_573,ES761000001314,LOC_1084,TP_7674,1
20003757,2024-02-15,PLT103897,+34600001088,user1969@ex.com,STREET_2186,SHOP_76,ES761000002976,LOC_120,TP_7488,0
20003754,2024-02-15,PLT107056,+34600001470,user2061@ex.com,STREET_278,SHOP_507,ES761000000662,LOC_665,TP_109,0
20003755,2024-02-15,PLT101975,+34600003463,user3104@ex.com,STREET_515,SHOP_354,ES761000003754,LOC_905,TP_5287,0
20003762,2024-02-15,PLT101182,+34600003141,user522@ex.com,STREET_745,SHOP_712,ES761000001425,LOC_983,TP_353,0
20003753,2024-02-15,PLT102521,+34600000717,user4522@ex.com,STREET_2804,SHOP_378,ES761000000844,LOC_1073,TP_910,0
20003752,2024-02-15,PLT104176,+34600001556,user598@ex.com,STREET_542,SHOP_11,ES761000001748,LOC_322,TP_931,0
20003751,2024-02-15,PLT103563,+34600000983,user4187@ex.com,STREET_2974,SHOP_774,ES761000000749,LOC_519,TP_2591,0
20003750,2024-02-15,PLT107223,+34600001373,user3332@ex.com,STREET_384,SHOP_470,ES761000000800,LOC_640,TP_3482,0
20003749,2024-02-15,PLT104193,+34600000072,user3748@ex.com,STREET_786,SHOP_192,ES761000002945,LOC_814,TP_5815,0
20003756,2024-02-15,PLT102711,+34600002464,user3703@ex.com,STREET_1029,SHOP_292,ES761000003113,LOC_278,TP_3161,0
20003763,2024-02-15,PLT102341,+34600001711,user1463@ex.com,STREET_1062,SHOP_332,ES761000001565,LOC_872,TP_807,0
20003766,2024-02-15,PLT101597,+34600000356,user3536@ex.com,STREET_1586,SHOP_88,ES761000003913,LOC_1064,TP_96,0
20003765,2024-02-15,PLT100638,+34600000900,user1503@ex.com,STREET_538,SHOP_487,ES761000001168,LOC_263,TP_3902,0
20003767,2024-02-15,PLT100322,+34600003612,user2664@ex.com,STREET_2355,SHOP_692,ES761000002880,LOC_661,TP_6265,0
20003768,2024-02-15,PLT101972,+34600002286,user3447@ex.com,STREET_2396,SHOP_534,ES761000002729,LOC_1037,TP_5204,0
20003769,2024-02-15,PLT107165,+34600001321,user3549@ex.com,STREET_207,SHOP_961,ES761000002731,LOC_548,TP_4658,0
20003771,2024-02-15,PLT107557,+34600001323,user713@ex.com,STREET_1159,SHOP_554,ES761000000878,LOC_1138,TP_7957,0
20003772,2024-02-15,PLT105915,+34600000860,user581@ex.com,STREET_868,SHOP_155,ES761000001415,LOC_870,TP_2627,0
20003773,2024-02-15,PLT100428,+34600000437,user4168@ex.com,STREET_2911,SHOP_475,ES761000002044,LOC_725,TP_1332,0
20003774,2024-02-15,PLT101023,+34600002927,user742@ex.com,STREET_1418,SHOP_735,ES761000002143,LOC_245,TP_2211,0
20003775,2024-02-15,PLT106120,+34600002998,user961@ex.com,STREET_361,SHOP_360,ES761000001135,LOC_715,TP_1957,0
20003776,2024-02-15,PLT101620,+34600001983,user4807@ex.com,STREET_2750,SHOP_588,ES761000003449,LOC_984,TP_3063,0
20003777,2024-02-15,PLT107707,+34600000083,user3957@ex.com,STREET_2776,SHOP_28,ES761000002315,LOC_819,TP_4942,0
20003778,2024-02-15,PLT105651,+34600000346,user2233@ex.com,STREET_425,SHOP_922,ES761000002353,LOC_40,TP_2883,0
20003748,2024-02-15,PLT100527,+34600001066,user2052@ex.com,STREET_1779,SHOP_918,ES761000001956,LOC_1033,TP_4899,0
20003779,2024-02-15,PLT104508,+34600002669,user4927@ex.com,STREET_878,SHOP_40,ES761000003028,LOC_640,TP_7345,0
20003764,2024-02-15,PLT107413,+34600000469,user3419@ex.com,STREET_922,SHOP_972,ES761000002393,LOC_46,TP_7824,0
20003770,2024-02-15,PLT100332,+34600000686,user2049@ex.com,STREET_1624,SHOP_7,ES761000003839,LOC_80,TP_4499,0
20003747,2024-02-15,PLT107899,+34600002671,user4126@ex.com,STREET_226,SHOP_695,ES761000000000,LOC_1118,TP_2445,0
20003745,2024-02-15,PLT101604,+34600001702,user316@ex.com,STREET_450,SHOP_64,ES761000003030,LOC_830,TP_4975,0
20003746,2024-02-15,PLT102933,+34600002490,user72@ex.com,STREET_949,SHOP_262,ES761000002755,LOC_596,TP_1164,0
20003716,2024-02-15,PLT104202,+34600002156,user2989@ex.com,STREET_81,SHOP_905,ES761000002690,LOC_1002,TP_6330,0
20003717,2024-02-15,PLT105859,+34600002453,user867@ex.com,STREET_2312,SHOP_572,ES761000000243,LOC_48,TP_2824,0
20003718,2024-02-15,PLT104798,+34600002042,user2124@ex.com,STREET_1506,SHOP_183,ES761000000102,LOC_745,TP_7404,0
20003719,2024-02-15,PLT107051,+34600000264,user4646@ex.com,STREET_2204,SHOP_220,ES761000002689,LOC_688,TP_2029,1
20003720,2024-02-15,PLT105652,+34600001629,user2209@ex.com,STREET_1669,SHOP_804,ES761000002496,LOC_432,TP_1212,0
20003721,2024-02-15,PLT103563,+34600000660,user1111@ex.com,STREET_1188,SHOP_264,ES761000003163,LOC_1179,TP_6824,0
20003722,2024-02-15,PLT103269,+34600001261,user1189@ex.com,STREET_2355,SHOP_198,ES761000000628,LOC_224,TP_4998,0
20003724,2024-02-15,PLT101083,+34600002101,user2426@ex.com,STREET_743,SHOP_464,ES761000002914,LOC_422,TP_6172,1
20003725,2024-02-15,PLT102959,+34600001937,user3453@ex.com,STREET_267,SHOP_686,ES761000003001,LOC_766,TP_1319,0
20003726,2024-02-15,PLT102018,+34600001776,user799@ex.com,STREET_1708,SHOP_282,ES761000001272,LOC_695,TP_4383,0
20003727,2024-02-15,PLT105063,+34600000852,user3025@ex.com,STREET_291,SHOP_236,ES761000000307,LOC_379,TP_4708,0
20003728,2024-02-15,PLT106173,+34600003522,user2701@ex.com,STREET_1945,SHOP_918,ES761000000148,LOC_129,TP_6339,0
20003729,2024-02-15,PLT100745,+34600001727,user165@ex.com,STREET_2978,SHOP_481,ES761000003799,LOC_484,TP_1874,0
20003723,2024-02-15,PLT105141,+34600001057,user2331@ex.com,STREET_468,SHOP_91,ES761000001954,LOC_76,TP_2493,0
20003731,2024-02-15,PLT106278,+34600002399,user506@ex.com,STREET_1182,SHOP_671,ES761000003465,LOC_284,TP_4003,0
20003730,2024-02-15,PLT102860,+34600002085,user2713@ex.com,STREET_864,SHOP_739,ES761000002021,LOC_254,TP_1649,0
20003743,2024-02-15,PLT106487,+34600001589,user3991@ex.com,STREET_2938,SHOP_304,ES761000000345,LOC_44,TP_3528,0
20003742,2024-02-15,PLT105525,+34600002549,user416@ex.com,STREET_2114,SHOP_134,ES761000001464,LOC_0,TP_4206,0
20003741,2024-02-15,PLT102661,+34600001501,user4467@ex.com,STREET_1408,SHOP_60,ES761000001738,LOC_243,TP_672,0
20003740,2024-02-15,PLT107582,+34600000670,user1566@ex.com,STREET_333,SHOP_165,ES761000002589,LOC_874,TP_7149,0
20003739,2024-02-15,PLT106968,+34600002951,user3343@ex.com,STREET_2837,SHOP_24,ES761000003769,LOC_479,TP_5231,0
20003738,2024-02-15,PLT100392,+34600002123,user2430@ex.com,STREET_1580,SHOP_932,ES761000002399,LOC_1058,TP_175,0
20003744,2024-02-15,PLT104408,+34600002072,user3564@ex.com,STREET_718,SHOP_441,ES761000002039,LOC_972,TP_7736,0
20003736,2024-02-15,PLT104066,+34600003197,user211@ex.com,STREET_1652,SHOP_523,ES761000002778,LOC_799,TP_382,0
20003735,2024-02-15,PLT100486,+34600002416,user864@ex.com,STREET_409,SHOP_130,ES761000003530,LOC_467,TP_560,0
20003734,2024-02-15,PLT101938,+34600002344,user4851@ex.com,STREET_517,SHOP_816,ES761000000322,LOC_557,TP_3370,0
20003733,2024-02-15,PLT101309,+34600003239,user3776@ex.com,STREET_588,SHOP_831,ES761000000164,LOC_889,TP_2715,0
20003732,2024-02-15,PLT105182,+34600001793,user3603@ex.com,STREET_562,SHOP_714,ES761000000014,LOC_992,TP_5673,0
20003737,2024-02-15,PLT103397,+34600003113,user1024@ex.com,STREET_1624,SHOP_553,ES761000002654,LOC_399,TP_3761,0
20003826,2024-02-16,PLT102851,+34600000604,user4185@ex.com,STREET_1130,SHOP_514,ES761000002350,LOC_469,TP_7186,1
20003825,2024-02-16,PLT100638,+34600001341,user1626@ex.com,STREET_426,SHOP_462,ES761000003455,LOC_143,TP_4429,0
20003824,2024-02-16,PLT100986,+34600002405,user4057@ex.com,STREET_1504,SHOP_922,ES761000003188,LOC_1053,TP_778,0
20003823,2024-02-16,PLT102076,+34600001995,user1367@ex.com,STREET_2192,SHOP_767,ES761000002786,LOC_325,TP_1397,0
20003822,2024-02-16,PLT106173,+34600002921,user2793@ex.com,STREET_52,SHOP_303,ES761000002966,LOC_670,TP_3766,0
20003821,2024-02-16,PLT100998,+34600003689,user4444@ex.com,STREET_1259,SHOP_249,ES761000001828,LOC_639,TP_7109,0
20003817,2024-02-16,PLT100167,+34600000811,user3345@ex.com,STREET_953,SHOP_447,ES761000002189,LOC_732,TP_6515,0
20003819,2024-02-16,PLT104877,+34600002916,user4221@ex.com,STREET_466,SHOP_175,ES761000001092,LOC_462,TP_1347,0
20003818,2024-02-16,PLT101336,+34600000860,user1025@ex.com,STREET_356,SHOP_853,ES761000000640,LOC_75,TP_4827,0
20003816,2024-02-16,PLT107619,+34600003664,user4744@ex.com,STREET_2948,SHOP_920,ES761000001697,LOC_1070,TP_633,0
20003815,2024-02-16,PLT100960,+34600000018,user4298@ex.com,STREET_1961,SHOP_777,ES761000001923,LOC_614,TP_4050,0
20003814,2024-02-16,PLT107829,+34600003987,user2501@ex.com,STREET_831,SHOP_485,ES761000002114,LOC_30,TP_7047,0
20003820,2024-02-16,PLT100068,+34600001536,user75@ex.com,STREET_549,SHOP_422,ES761000002466,LOC_119,TP_3787,0
20003828,2024-02-16,PLT100837,+34600003097,user2785@ex.com,STREET_2619,SHOP_428,ES761000002079,LOC_374,TP_5393,0
20003813,2024-02-16,PLT100322,+34600002339,user2012@ex.com,STREET_839,SHOP_874,ES761000001603,LOC_201,TP_6805,0
20003830,2024-02-16,PLT105668,+34600003631,user1985@ex.com,STREET_61,SHOP_601,ES761000002533,LOC_1070,TP_6898,0
20003831,2024-02-16,PLT100998,+34600002504,user2140@ex.com,STREET_504,SHOP_19,ES761000002477,LOC_449,TP_3146,0
20003832,2024-02-16,PLT107570,+34600000412,user843@ex.com,STREET_2915,SHOP_6,ES761000001170,LOC_461,TP_7499,0
20003833,2024-02-16,PLT105943,+34600000933,user2845@ex.com,STREET_497,SHOP_107,ES761000002429,LOC_625,TP_3099,0
20003834,2024-02-16,PLT104123,+34600000854,user4950@ex.com,STREET_804,SHOP_203,ES761000000452,LOC_1157,TP_3324,0
20003835,2024-02-16,PLT104007,+34600003175,user3794@ex.com,STREET_1629,SHOP_322,ES761000000309,LOC_1036,TP_2686,1
20003836,2024-02-16,PLT106555,+34600003168,user4483@ex.com,STREET_2889,SHOP_750,ES761000000881,LOC_884,TP_6012,0
20003837,2024-02-16,PLT100667,+34600003669,user2771@ex.com,STREET_298,SHOP_856,ES761000000516,LOC_306,TP_2012,0
20003838,2024-02-16,PLT100555,+34600002865,user1960@ex.com,STREET_1744,SHOP_331,ES761000003370,LOC_944,TP_4987,0
20003839,2024-02-16,PLT101023,+34600002848,user2308@ex.com,STREET_2269,SHOP_699,ES761000003859,LOC_469,TP_2609,0
20003840,2024-02-16,PLT105250,+34600003239,user2459@ex.com,STREET_756,SHOP_949,ES761000001909,LOC_992,TP_3935,0
20003841,2024-02-16,PLT105237,+34600003237,user3527@ex.com,STREET_2568,SHOP_922,ES761000003158,LOC_1121,TP_4329,0
20003842,2024-02-16,PLT101356,+34600003896,user2053@ex.com,STREET_1794,SHOP_244,ES761000003766,LOC_120,TP_2848,0
20003843,2024-02-16,PLT107618,+34600003603,user1132@ex.com,STREET_2188,SHOP_75,ES761000002149,LOC_957,TP_7169,0
20003829,2024-02-16,PLT104515,+34600001636,user4547@ex.com,STREET_2213,SHOP_545,ES761000001237,LOC_539,TP_1026,0
20003812,2024-02-16,PLT103247,+34600002883,user1884@ex.com,STREET_2888,SHOP_142,ES761000000657,LOC_247,TP_6682,0
20003827,2024-02-16,PLT101554,+34600003183,user2512@ex.com,STREET_1648,SHOP_606,ES761000001465,LOC_811,TP_7433,0
20003810,2024-02-16,PLT102968,+34600002223,user4539@ex.com,STREET_331,SHOP_524,ES761000000284,LOC_586,TP_6118,0
20003780,2024-02-16,PLT104688,+34600002547,user3093@ex.com,STREET_1256,SHOP_448,ES761000001536,LOC_839,TP_7050,0
20003781,2024-02-16,PLT107581,+34600002112,user4377@ex.com,STREET_2995,SHOP_780,ES761000002403,LOC_287,TP_4805,0
20003782,2024-02-16,PLT107071,+34600001936,user1516@ex.com,STREET_447,SHOP_183,ES761000002841,LOC_914,TP_1589,0
20003783,2024-02-16,PLT102034,+34600002011,user3667@ex.com,STREET_2890,SHOP_59,ES761000002323,LOC_1145,TP_3611,0
20003784,2024-02-16,PLT100150,+34600001688,user2625@ex.com,STREET_2564,SHOP_344,ES761000002634,LOC_864,TP_7810,0
20003786,2024-02-16,PLT107411,+34600002957,user538@ex.com,STREET_1718,SHOP_125,ES761000001885,LOC_658,TP_3219,0
20003787,2024-02-16,PLT102521,+34600003418,user1614@ex.com,STREET_2152,SHOP_523,ES761000002390,LOC_916,TP_5270,0
20003788,2024-02-16,PLT106299,+34600000288,user3212@ex.com,STREET_2426,SHOP_414,ES761000001885,LOC_841,TP_1487,1
20003789,2024-02-16,PLT107173,+34600000029,user4340@ex.com,STREET_1318,SHOP_772,ES761000003403,LOC_875,TP_5679,0
20003790,2024-02-16,PLT104184,+34600000919,user4375@ex.com,STREET_1714,SHOP_793,ES761000000301,LOC_421,TP_4872,1
20003791,2024-02-16,PLT103100,+34600001142,user4636@ex.com,STREET_1699,SHOP_184,ES761000003537,LOC_789,TP_1037,0
20003792,2024-02-16,PLT105550,+34600000943,user4661@ex.com,STREET_1988,SHOP_796,ES761000003750,LOC_38,TP_5652,0
20003793,2024-02-16,PLT102121,+34600000455,user2707@ex.com,STREET_1842,SHOP_429,ES761000000106,LOC_784,TP_2407,1
20003794,2024-02-16,PLT100960,+34600000517,user536@ex.com,STREET_861,SHOP_965,ES761000000225,LOC_1024,TP_2077,0
20003795,2024-02-16,PLT103693,+34600001028,user2171@ex.com,STREET_462,SHOP_99,ES761000003685,LOC_762,TP_3229,0
20003785,2024-02-16,PLT107151,+34600000825,user239@ex.com,STREET_976,SHOP_157,ES761000002036,LOC_19,TP_7247,0
20003796,2024-02-16,PLT101023,+34600001528,user190@ex.com,STREET_2903,SHOP_79,ES761000000156,LOC_667,TP_2807,0
20003811,2024-02-16,PLT104718,+34600002388,user4154@ex.com,STREET_2187,SHOP_192,ES761000002087,LOC_262,TP_5957,0
20003809,2024-02-16,PLT102731,+34600002194,user1640@ex.com,STREET_21,SHOP_732,ES761000000140,LOC_828,TP_6202,0
20003808,2024-02-16,PLT107037,+34600001948,user1614@ex.com,STREET_2989,SHOP_412,ES761000000561,LOC_942,TP_5449,0
20003807,2024-02-16,PLT101461,+34600002556,user4910@ex.com,STREET_688,SHOP_178,ES761000000861,LOC_254,TP_1497,0
20003805,2024-02-16,PLT101405,+34600000163,user1133@ex.com,STREET_253,SHOP_921,ES761000000520,LOC_463,TP_7394,0
20003804,2024-02-16,PLT106595,+34600002900,user4100@ex.com,STREET_1330,SHOP_245,ES761000002664,LOC_678,TP_579,0
20003806,2024-02-16,PLT100361,+34600003363,user3415@ex.com,STREET_1025,SHOP_489,ES761000001552,LOC_177,TP_6191,0
20003802,2024-02-16,PLT104066,+34600001404,user2395@ex.com,STREET_682,SHOP_899,ES761000001261,LOC_680,TP_1079,0
20003801,2024-02-16,PLT100705,+34600002498,user2641@ex.com,STREET_2599,SHOP_603,ES761000002040,LOC_503,TP_2609,0
20003800,2024-02-16,PLT100076,+34600000567,user457@ex.com,STREET_217,SHOP_898,ES761000000688,LOC_947,TP_460,0
20003799,2024-02-16,PLT102494,+34600000270,user2072@ex.com,STREET_914,SHOP_889,ES761000002072,LOC_935,TP_5346,0
20003798,2024-02-16,PLT103879,+34600002458,user61@ex.com,STREET_741,SHOP_30,ES761000003715,LOC_10,TP_6307,0
20003797,2024-02-16,PLT101670,+34600000076,user1198@ex.com,STREET_1734,SHOP_587,ES761000001638,LOC_590,TP_6832,0
20003803,2024-02-16,PLT101796,+34600000684,user1906@ex.com,STREET_1399,SHOP_147,ES761000003030,LOC_314,TP_7280,0
20003909,2024-02-17,PLT104515,+34600003320,user1008@ex.com,STREET_2882,SHOP_804,ES761000003569,LOC_839,TP_5428,0
20003902,2024-02-17,PLT106509,+34600000442,user2671@ex.com,STREET_91,SHOP_801,ES761000003657,LOC_623,TP_2162,0
20003908,2024-02-17,PLT104944,+34600000147,user628@ex.com,STREET_136,SHOP_474,ES761000001901,LOC_296,TP_1965,0
20003907,2024-02-17,PLT102834,+34600002436,user4325@ex.com,STREET_2741,SHOP_391,ES761000003904,LOC_5,TP_607,0
20003906,2024-02-17,PLT105320,+34600003052,user3504@ex.com,STREET_1634,SHOP_745,ES761000000396,LOC_256,TP_5055,0
20003905,2024-02-17,PLT104437,+34600000220,user4494@ex.com,STREET_162,SHOP_308,ES761000000228,LOC_987,TP_1674,1
20003904,2024-02-17,PLT104763,+34600000765,user695@ex.com,STREET_354,SHOP_102,ES761000002611,LOC_1054,TP_1302,0
20003903,2024-02-17,PLT101023,+34600002428,user3623@ex.com,STREET_66,SHOP_648,ES761000001206,LOC_519,TP_4566,0
20003901,2024-02-17,PLT107090,+34600001894,user92@ex.com,STREET_1906,SHOP_521,ES761000002557,LOC_1025,TP_2203,0
20003893,2024-02-17,PLT103655,+34600001298,user2088@ex.com,STREET_2539,SHOP_775,ES761000001894,LOC_166,TP_1456,0
20003899,2024-02-17,PLT106921,+34600002909,user259@ex.com,STREET_1694,SHOP_938,ES761000003038,LOC_871,TP_7383,0
20003898,2024-02-17,PLT105379,+34600002554,user758@ex.com,STREET_102,SHOP_714,ES761000002301,LOC_835,TP_2388,1
20003897,2024-02-17,PLT106509,+34600001593,user4593@ex.com,STREET_2802,SHOP_690,ES761000002100,LOC_1031,TP_33,0
20003896,2024-02-17,PLT104322,+34600002360,user3973@ex.com,STREET_985,SHOP_517,ES761000003632,LOC_899,TP_7992,0
20003895,2024-02-17,PLT103759,+34600002086,user3921@ex.com,STREET_1215,SHOP_38,ES761000000423,LOC_1176,TP_6221,0
20003894,2024-02-17,PLT102121,+34600001249,user271@ex.com,STREET_1705,SHOP_297,ES761000001913,LOC_206,TP_6038,0
20003892,2024-02-17,PLT107528,+34600001739,user1181@ex.com,STREET_2482,SHOP_893,ES761000003940,LOC_641,TP_4881,0
20003891,2024-02-17,PLT107581,+34600003519,user3195@ex.com,STREET_2799,SHOP_472,ES761000002589,LOC_824,TP_4134,0
20003910,2024-02-17,PLT106921,+34600002147,user250@ex.com,STREET_2057,SHOP_409,ES761000001340,LOC_493,TP_7909,0
20003900,2024-02-17,PLT101182,+34600000105,user453@ex.com,STREET_2641,SHOP_852,ES761000003362,LOC_954,TP_3133,0
20003911,2024-02-17,PLT105569,+34600002267,user3502@ex.com,STREET_215,SHOP_755,ES761000003277,LOC_519,TP_754,0
20003927,2024-02-17,PLT104484,+34600000545,user1526@ex.com,STREET_2451,SHOP_301,ES761000003066,LOC_1061,TP_3305,0
20003913,2024-02-17,PLT107707,+34600001792,user2059@ex.com,STREET_18,SHOP_581,ES761000001812,LOC_62,TP_3819,0
20003932,2024-02-17,PLT107322,+34600003167,user2530@ex.com,STREET_930,SHOP_381,ES761000001773,LOC_727,TP_4762,0
20003931,2024-02-17,PLT105699,+34600000378,user2056@ex.com,STREET_1895,SHOP_259,ES761000003796,LOC_907,TP_3525,1
20003930,2024-02-17,PLT106449,+34600002090,user539@ex.com,STREET_2944,SHOP_373,ES761000003246,LOC_977,TP_7302,0
20003929,2024-02-17,PLT105714,+34600002866,user4967@ex.com,STREET_2343,SHOP_671,ES761000000240,LOC_927,TP_1319,1
20003928,2024-02-17,PLT100786,+34600000303,user426@ex.com,STREET_412,SHOP_944,ES761000000286,LOC_798,TP_2206,0
20003890,2024-02-17,PLT100384,+34600001562,user3640@ex.com,STREET_649,SHOP_28,ES761000000626,LOC_221,TP_5715,0
20003926,2024-02-17,PLT101174,+34600000139,user2361@ex.com,STREET_1924,SHOP_604,ES761000000803,LOC_1028,TP_6730,0
20003925,2024-02-17,PLT100783,+34600002864,user651@ex.com,STREET_1307,SHOP_884,ES761000001643,LOC_524,TP_7962,0
20003924,2024-02-17,PLT107335,+34600000485,user220@ex.com,STREET_1053,SHOP_475,ES761000001738,LOC_976,TP_879,0
20003923,2024-02-17,PLT100310,+34600003871,user2414@ex.com,STREET_1157,SHOP_202,ES761000002255,LOC_580,TP_4376,0
20003922,2024-02-17,PLT100924,+34600000718,user2400@ex.com,STREET_1553,SHOP_846,ES761000003704,LOC_1172,TP_4865,0
20003921,2024-02-17,PLT101250,+34600001229,user539@ex.com,STREET_1442,SHOP_475,ES761000001649,LOC_990,TP_2700,0
20003920,2024-02-17,PLT107754,+34600000388,user2339@ex.com,STREET_2518,SHOP_242,ES761000002551,LOC_535,TP_6601,0
20003919,2024-02-17,PLT100077,+34600000617,user3619@ex.com,STREET_1003,SHOP_559,ES761000003776,LOC_17,TP_5803,0
20003918,2024-02-17,PLT106581,+34600002685,user4385@ex.com,STREET_2951,SHOP_40,ES761000002725,LOC_334,TP_7625,0
20003917,2024-02-17,PLT103746,+34600003447,user1948@ex.com,STREET_2258,SHOP_90,ES761000001874,LOC_488,TP_3181,0
20003916,2024-02-17,PLT100367,+34600000277,user3652@ex.com,STREET_1303,SHOP_595,ES761000001629,LOC_713,TP_2811,0
20003915,2024-02-17,PLT106440,+34600000927,user1320@ex.com,STREET_349,SHOP_319,ES761000000889,LOC_480,TP_358,0
20003914,2024-02-17,PLT104567,+34600000256,user2611@ex.com,STREET_313,SHOP_396,ES761000003198,LOC_710,TP_3434,0
20003912,2024-02-17,PLT101217,+34600002671,user1275@ex.com,STREET_1068,SHOP_933,ES761000003031,LOC_364,TP_5503,0
20003888,2024-02-17,PLT104072,+34600003789,user1426@ex.com,STREET_302,SHOP_823,ES761000003869,LOC_622,TP_2295,1
20003889,2024-02-17,PLT107541,+34600000588,user3393@ex.com,STREET_2283,SHOP_665,ES761000001302,LOC_837,TP_2635,0
20003848,2024-02-17,PLT101692,+34600001770,user2564@ex.com,STREET_2494,SHOP_238,ES761000000269,LOC_940,TP_3855,0
20003863,2024-02-17,PLT107418,+34600003475,user11@ex.com,STREET_918,SHOP_918,ES761000001677,LOC_155,TP_689,0
20003862,2024-02-17,PLT105699,+34600003787,user4367@ex.com,STREET_2949,SHOP_304,ES761000003081,LOC_556,TP_3028,0
20003861,2024-02-17,PLT105554,+34600003792,user863@ex.com,STREET_2895,SHOP_308,ES761000000725,LOC_799,TP_6981,0
20003860,2024-02-17,PLT107413,+34600001701,user505@ex.com,STREET_401,SHOP_507,ES761000000878,LOC_955,TP_7696,0
20003859,2024-02-17,PLT100529,+34600000202,user3910@ex.com,STREET_2822,SHOP_32,ES761000003952,LOC_159,TP_7356,0
20003857,2024-02-17,PLT104968,+34600003997,user4092@ex.com,STREET_1163,SHOP_593,ES761000000666,LOC_621,TP_1535,0
20003856,2024-02-17,PLT106203,+34600003179,user4308@ex.com,STREET_511,SHOP_478,ES761000000942,LOC_4,TP_3455,0
20003855,2024-02-17,PLT100998,+34600002011,user26@ex.com,STREET_2598,SHOP_955,ES761000000594,LOC_1051,TP_4367,0
20003854,2024-02-17,PLT105349,+34600003686,user1018@ex.com,STREET_2072,SHOP_939,ES761000003210,LOC_319,TP_5899,0
20003853,2024-02-17,PLT104066,+34600000597,user1558@ex.com,STREET_313,SHOP_259,ES761000001351,LOC_185,TP_5470,0
20003852,2024-02-17,PLT107968,+34600001488,user1384@ex.com,STREET_683,SHOP_835,ES761000001136,LOC_630,TP_4106,1
20003851,2024-02-17,PLT103524,+34600002575,user4061@ex.com,STREET_439,SHOP_279,ES761000000446,LOC_889,TP_7083,0
20003850,2024-02-17,PLT105916,+34600003587,user4357@ex.com,STREET_1563,SHOP_333,ES761000001245,LOC_99,TP_2469,0
20003849,2024-02-17,PLT106928,+34600002538,user4556@ex.com,STREET_2102,SHOP_252,ES761000000825,LOC_248,TP_7721,0
20003887,2024-02-17,PLT106478,+34600003055,user23@ex.com,STREET_2278,SHOP_334,ES761000001418,LOC_1053,TP_4631,0
20003847,2024-02-17,PLT100400,+34600000994,user1069@ex.com,STREET_2507,SHOP_238,ES761000002254,LOC_1171,TP_4797,0
20003846,2024-02-17,PLT101865,+34600003705,user3504@ex.com,STREET_2776,SHOP_176,ES761000003053,LOC_353,TP_4809,0
20003845,2024-02-17,PLT101191,+34600002930,user3557@ex.com,STREET_1842,SHOP_961,ES761000002253,LOC_960,TP_828,0
20003844,2024-02-17,PLT107093,+34600002871,user4491@ex.com,STREET_50,SHOP_222,ES761000002107,LOC_1040,TP_1297,0
20003864,2024-02-17,PLT107216,+34600002751,user1277@ex.com,STREET_1823,SHOP_70,ES761000001775,LOC_56,TP_5623,0
20003865,2024-02-17,PLT107582,+34600001107,user3979@ex.com,STREET_2740,SHOP_932,ES761000003206,LOC_96,TP_7549,0
20003858,2024-02-17,PLT106487,+34600001703,user744@ex.com,STREET_1009,SHOP_272,ES761000003462,LOC_982,TP_5128,0
20003867,2024-02-17,PLT100343,+34600001211,user2672@ex.com,STREET_2385,SHOP_14,ES761000000551,LOC_909,TP_2930,0
20003886,2024-02-17,PLT103538,+34600003019,user1810@ex.com,STREET_93,SHOP_739,ES761000002395,LOC_1177,TP_786,0
20003885,2024-02-17,PLT102030,+34600002988,user4245@ex.com,STREET_834,SHOP_656,ES761000002508,LOC_84,TP_637,0
20003866,2024-02-17,PLT107603,+34600003759,user2102@ex.com,STREET_46,SHOP_607,ES761000003780,LOC_546,TP_6155,0
20003883,2024-02-17,PLT106805,+34600002842,user2238@ex.com,STREET_705,SHOP_70,ES761000000039,LOC_40,TP_4829,0
20003882,2024-02-17,PLT104161,+34600000455,user2136@ex.com,STREET_813,SHOP_490,ES761000003133,LOC_397,TP_3347,0
20003881,2024-02-17,PLT102166,+34600001608,user3452@ex.com,STREET_2630,SHOP_632,ES761000000686,LOC_482,TP_6789,0
20003880,2024-02-17,PLT100773,+34600000936,user655@ex.com,STREET_90,SHOP_135,ES761000001519,LOC_323,TP_7246,0
20003879,2024-02-17,PLT101023,+34600003277,user3836@ex.com,STREET_2677,SHOP_950,ES761000001828,LOC_349,TP_6124,1
20003878,2024-02-17,PLT100304,+34600003849,user2445@ex.com,STREET_2345,SHOP_34,ES761000003372,LOC_523,TP_606,0
20003877,2024-02-17,PLT105921,+34600000891,user4164@ex.com,STREET_2674,SHOP_722,ES761000001010,LOC_87,TP_6412,1
20003884,2024-02-17,PLT105250,+34600000125,user1149@ex.com,STREET_406,SHOP_470,ES761000000535,LOC_597,TP_5667,1
20003875,2024-02-17,PLT100641,+34600000341,user4504@ex.com,STREET_22,SHOP_979,ES761000002177,LOC_662,TP_6158,1
20003874,2024-02-17,PLT102644,+34600000542,user2600@ex.com,STREET_2035,SHOP_94,ES761000002983,LOC_700,TP_1413,0
20003873,2024-02-17,PLT106509,+34600000624,user688@ex.com,STREET_869,SHOP_959,ES761000000811,LOC_577,TP_2949,0
20003872,2024-02-17,PLT106754,+34600001122,user2652@ex.com,STREET_393,SHOP_706,ES761000000079,LOC_146,TP_1275,0
20003871,2024-02-17,PLT100423,+34600000685,user637@ex.com,STREET_1885,SHOP_702,ES761000002042,LOC_351,TP_7275,0
20003870,2024-02-17,PLT103100,+34600002490,user2709@ex.com,STREET_845,SHOP_305,ES761000001612,LOC_949,TP_794,0
20003869,2024-02-17,PLT104123,+34600000083,user2768@ex.com,STREET_717,SHOP_312,ES761000002536,LOC_51,TP_2743,0
20003868,2024-02-17,PLT105703,+34600003193,user2274@ex.com,STREET_1050,SHOP_308,ES761000003278,LOC_311,TP_5145,0
20003876,2024-02-17,PLT104273,+34600001559,user4240@ex.com,STREET_1995,SHOP_473,ES761000002855,LOC_419,TP_2241,0
20003982,2024-02-18,PLT102933,+34600003690,user3602@ex.com,STREET_2809,SHOP_368,ES761000003715,LOC_828,TP_4425,0
20003981,2024-02-18,PLT102198,+34600003490,user919@ex.com,STREET_1373,SHOP_346,ES761000001164,LOC_664,TP_2786,0
20003980,2024-02-18,PLT100077,+34600002226,user297@ex.com,STREET_1518,SHOP_139,ES761000003397,LOC_407,TP_6388,0
20003979,2024-02-18,PLT100170,+34600003341,user154@ex.com,STREET_2821,SHOP_187,ES761000001984,LOC_449,TP_6325,0
20003978,2024-02-18,PLT105391,+34600002047,user3297@ex.com,STREET_1219,SHOP_50,ES761000002346,LOC_139,TP_3131,0
20003977,2024-02-18,PLT100547,+34600001513,user4185@ex.com,STREET_706,SHOP_720,ES761000001121,LOC_595,TP_5283,0
20003976,2024-02-18,PLT106003,+34600002197,user3387@ex.com,STREET_1735,SHOP_199,ES761000001842,LOC_683,TP_3896,0
20003973,2024-02-18,PLT106012,+34600000423,user887@ex.com,STREET_505,SHOP_238,ES761000003372,LOC_857,TP_1710,0
20003975,2024-02-18,PLT105652,+34600003816,user1308@ex.com,STREET_1940,SHOP_508,ES761000000586,LOC_7,TP_7208,0
20003974,2024-02-18,PLT106875,+34600003588,user2884@ex.com,STREET_392,SHOP_669,ES761000001767,LOC_351,TP_7498,0
20003972,2024-02-18,PLT104251,+34600000299,user583@ex.com,STREET_1613,SHOP_868,ES761000001157,LOC_1180,TP_5958,0
20003971,2024-02-18,PLT104007,+34600000489,user4761@ex.com,STREET_762,SHOP_481,ES761000002848,LOC_229,TP_3599,0
20003970,2024-02-18,PLT106074,+34600001786,user1232@ex.com,STREET_2327,SHOP_695,ES761000001584,LOC_1151,TP_7397,0
20003983,2024-02-18,PLT106783,+34600000059,user2811@ex.com,STREET_0,SHOP_696,ES761000001223,LOC_490,TP_3078,0
20004002,2024-02-18,PLT106095,+34600003364,user1335@ex.com,STREET_821,SHOP_390,ES761000003764,LOC_1156,TP_2213,0
20003984,2024-02-18,PLT103262,+34600003766,user1834@ex.com,STREET_2208,SHOP_981,ES761000001585,LOC_322,TP_305,0
20003969,2024-02-18,PLT103564,+34600001596,user1043@ex.com,STREET_1627,SHOP_779,ES761000001336,LOC_429,TP_4095,0
20003986,2024-02-18,PLT102914,+34600002390,user2992@ex.com,STREET_1294,SHOP_346,ES761000000273,LOC_396,TP_7756,0
20004001,2024-02-18,PLT105214,+34600002452,user3882@ex.com,STREET_436,SHOP_523,ES761000003242,LOC_763,TP_4136,1
20004000,2024-02-18,PLT102431,+34600003257,user1285@ex.com,STREET_1952,SHOP_100,ES761000001619,LOC_929,TP_5267,0
20003999,2024-02-18,PLT104857,+34600002832,user2512@ex.com,STREET_683,SHOP_856,ES761000003550,LOC_54,TP_4323,0
20003998,2024-02-18,PLT104918,+34600003755,user3869@ex.com,STREET_1726,SHOP_690,ES761000001327,LOC_263,TP_5437,0
20003997,2024-02-18,PLT103417,+34600003357,user4903@ex.com,STREET_120,SHOP_932,ES761000003960,LOC_1170,TP_7520,0
20003996,2024-02-18,PLT104652,+34600001590,user2392@ex.com,STREET_2108,SHOP_271,ES761000002457,LOC_535,TP_265,0
20003995,2024-02-18,PLT107458,+34600003166,user979@ex.com,STREET_1712,SHOP_506,ES761000003248,LOC_1012,TP_2960,0
20003994,2024-02-18,PLT102198,+34600003676,user948@ex.com,STREET_1039,SHOP_541,ES761000001022,LOC_988,TP_6007,0
20003993,2024-02-18,PLT105447,+34600001543,user1406@ex.com,STREET_383,SHOP_174,ES761000002847,LOC_690,TP_3185,0
20003992,2024-02-18,PLT104287,+34600002574,user4292@ex.com,STREET_2981,SHOP_314,ES761000001920,LOC_432,TP_445,0
20003991,2024-02-18,PLT104718,+34600002398,user2267@ex.com,STREET_205,SHOP_584,ES761000001438,LOC_894,TP_3591,0
20003990,2024-02-18,PLT101083,+34600002748,user1137@ex.com,STREET_2248,SHOP_133,ES761000000088,LOC_387,TP_4288,0
20003989,2024-02-18,PLT106828,+34600001693,user1717@ex.com,STREET_2250,SHOP_830,ES761000003198,LOC_524,TP_4918,0
20003988,2024-02-18,PLT105057,+34600001502,user3458@ex.com,STREET_2326,SHOP_830,ES761000003575,LOC_458,TP_2010,1
20003987,2024-02-18,PLT107236,+34600000629,user3608@ex.com,STREET_2188,SHOP_875,ES761000002002,LOC_179,TP_185,0
20003985,2024-02-18,PLT103809,+34600002072,user1610@ex.com,STREET_2757,SHOP_777,ES761000002863,LOC_339,TP_7134,0
20003968,2024-02-18,PLT105228,+34600000848,user614@ex.com,STREET_2128,SHOP_620,ES761000003983,LOC_139,TP_202,0
20003959,2024-02-18,PLT100171,+34600001624,user2852@ex.com,STREET_2925,SHOP_57,ES761000003783,LOC_840,TP_3936,0
20003966,2024-02-18,PLT105250,+34600000744,user3437@ex.com,STREET_1313,SHOP_938,ES761000003167,LOC_796,TP_7288,0
20003946,2024-02-18,PLT106851,+34600002315,user913@ex.com,STREET_1266,SHOP_308,ES761000000194,LOC_436,TP_4698,0
20003945,2024-02-18,PLT103917,+34600002391,user1827@ex.com,STREET_1825,SHOP_193,ES761000002267,LOC_149,TP_3108,0
20003944,2024-02-18,PLT106440,+34600001937,user793@ex.com,STREET_827,SHOP_605,ES761000003211,LOC_406,TP_2758,0
20003943,2024-02-18,PLT105652,+34600003147,user3467@ex.com,STREET_2782,SHOP_82,ES761000001336,LOC_945,TP_2663,0
20003942,2024-02-18,PLT107165,+34600001796,user2955@ex.com,STREET_211,SHOP_591,ES761000000626,LOC_684,TP_7966,0
20003941,2024-02-18,PLT100641,+34600003556,user1161@ex.com,STREET_1877,SHOP_593,ES761000001219,LOC_702,TP_4534,1
20003947,2024-02-18,PLT107165,+34600000854,user2189@ex.com,STREET_2575,SHOP_692,ES761000000081,LOC_613,TP_6994,1
20003940,2024-02-18,PLT100797,+34600002126,user1313@ex.com,STREET_717,SHOP_64,ES761000002618,LOC_1187,TP_6727,0
20003938,2024-02-18,PLT102851,+34600001236,user3374@ex.com,STREET_441,SHOP_763,ES761000001600,LOC_889,TP_6729,1
20003937,2024-02-18,PLT103281,+34600002875,user1237@ex.com,STREET_2999,SHOP_391,ES761000001742,LOC_839,TP_1072,1
20003936,2024-02-18,PLT103247,+34600002891,user4818@ex.com,STREET_1499,SHOP_661,ES761000003376,LOC_990,TP_5076,0
20003935,2024-02-18,PLT105495,+34600000504,user1588@ex.com,STREET_1981,SHOP_479,ES761000000540,LOC_141,TP_7637,0
20003933,2024-02-18,PLT103575,+34600001929,user1739@ex.com,STREET_2699,SHOP_113,ES761000002962,LOC_550,TP_7434,0
20003967,2024-02-18,PLT105599,+34600000413,user1360@ex.com,STREET_414,SHOP_989,ES761000003748,LOC_444,TP_6953,0
20003939,2024-02-18,PLT102198,+34600003271,user3072@ex.com,STREET_830,SHOP_686,ES761000001469,LOC_554,TP_5972,0
20003948,2024-02-18,PLT105747,+34600002817,user1063@ex.com,STREET_1950,SHOP_334,ES761000001956,LOC_1163,TP_6801,0
20003934,2024-02-18,PLT104066,+34600000305,user1073@ex.com,STREET_378,SHOP_85,ES761000003954,LOC_486,TP_3384,0
20003950,2024-02-18,PLT106921,+34600001392,user4660@ex.com,STREET_536,SHOP_136,ES761000003287,LOC_259,TP_6412,0
20003949,2024-02-18,PLT101775,+34600000314,user2854@ex.com,STREET_1324,SHOP_636,ES761000001923,LOC_952,TP_5568,0
20003965,2024-02-18,PLT101983,+34600001606,user4571@ex.com,STREET_2186,SHOP_591,ES761000003863,LOC_608,TP_130,0
20003963,2024-02-18,PLT104007,+34600003210,user1287@ex.com,STREET_1881,SHOP_683,ES761000000612,LOC_236,TP_7151,0
20003962,2024-02-18,PLT107899,+34600001491,user1478@ex.com,STREET_2062,SHOP_332,ES761000003530,LOC_733,TP_1370,0
20003961,2024-02-18,PLT102834,+34600000272,user1723@ex.com,STREET_703,SHOP_739,ES761000002076,LOC_90,TP_2361,1
20003960,2024-02-18,PLT102502,+34600000606,user1634@ex.com,STREET_1513,SHOP_322,ES761000000430,LOC_984,TP_7455,1
20003958,2024-02-18,PLT103492,+34600003640,user2272@ex.com,STREET_2851,SHOP_346,ES761000001540,LOC_318,TP_168,0
20003964,2024-02-18,PLT101926,+34600000244,user1884@ex.com,STREET_877,SHOP_448,ES761000000320,LOC_147,TP_2296,0
20003956,2024-02-18,PLT103693,+34600001205,user4550@ex.com,STREET_2635,SHOP_71,ES761000001234,LOC_106,TP_759,0
20003955,2024-02-18,PLT100102,+34600000124,user2677@ex.com,STREET_802,SHOP_117,ES761000001335,LOC_866,TP_2716,0
20003954,2024-02-18,PLT105805,+34600001754,user4074@ex.com,STREET_2582,SHOP_749,ES761000001329,LOC_922,TP_5468,0
20003953,2024-02-18,PLT106587,+34600001100,user3272@ex.com,STREET_2536,SHOP_599,ES761000001179,LOC_151,TP_6522,0
20003952,2024-02-18,PLT107904,+34600003129,user634@ex.com,STREET_691,SHOP_914,ES761000001280,LOC_419,TP_2405,0
20003957,2024-02-18,PLT107773,+34600002479,user1443@ex.com,STREET_1937,SHOP_628,ES761000000186,LOC_286,TP_6235,0
20003951,2024-02-18,PLT100361,+34600002979,user2899@ex.com,STREET_765,SHOP_98,ES761000002872,LOC_1107,TP_6732,0
20004047,2024-02-19,PLT105148,+34600003988,user1381@ex.com,STREET_2524,SHOP_353,ES761000002951,LOC_389,TP_730,0
20004046,2024-02-19,PLT100928,+34600001858,user421@ex.com,STREET_2819,SHOP_656,ES761000001715,LOC_896,TP_1635,1
20004045,2024-02-19,PLT100281,+34600001746,user4675@ex.com,STREET_2178,SHOP_988,ES761000002645,LOC_1172,TP_1308,0
20004044,2024-02-19,PLT103817,+34600001319,user3487@ex.com,STREET_2736,SHOP_891,ES761000001472,LOC_204,TP_6924,0
20004043,2024-02-19,PLT100986,+34600003382,user798@ex.com,STREET_1612,SHOP_889,ES761000002689,LOC_708,TP_5205,0
20004040,2024-02-19,PLT101277,+34600003637,user3539@ex.com,STREET_2506,SHOP_375,ES761000002239,LOC_1091,TP_1128,0
20004041,2024-02-19,PLT106397,+34600003783,user2850@ex.com,STREET_1473,SHOP_345,ES761000002039,LOC_74,TP_7020,0
20004039,2024-02-19,PLT103417,+34600001335,user916@ex.com,STREET_1846,SHOP_617,ES761000003838,LOC_454,TP_5217,0
20004037,2024-02-19,PLT103281,+34600001826,user940@ex.com,STREET_2067,SHOP_358,ES761000003313,LOC_929,TP_4150,1
20004048,2024-02-19,PLT102821,+34600003592,user2487@ex.com,STREET_878,SHOP_238,ES761000001631,LOC_620,TP_6868,1
20004036,2024-02-19,PLT103395,+34600000781,user4824@ex.com,STREET_248,SHOP_816,ES761000003612,LOC_107,TP_5751,0
20004042,2024-02-19,PLT104289,+34600003394,user3434@ex.com,STREET_315,SHOP_94,ES761000003494,LOC_1104,TP_7301,0
20004049,2024-02-19,PLT100551,+34600003415,user1215@ex.com,STREET_2475,SHOP_80,ES761000000781,LOC_623,TP_5770,0
20004057,2024-02-19,PLT104985,+34600003945,user4054@ex.com,STREET_1647,SHOP_429,ES761000000818,LOC_514,TP_5495,1
20004051,2024-02-19,PLT106793,+34600001787,user912@ex.com,STREET_554,SHOP_993,ES761000001391,LOC_688,TP_1368,0
20004052,2024-02-19,PLT103417,+34600001616,user588@ex.com,STREET_926,SHOP_19,ES761000002304,LOC_349,TP_7470,0
20004053,2024-02-19,PLT105859,+34600000146,user713@ex.com,STREET_2841,SHOP_365,ES761000003946,LOC_829,TP_2652,0
20004054,2024-02-19,PLT104815,+34600003129,user1665@ex.com,STREET_2019,SHOP_139,ES761000001084,LOC_765,TP_2628,0
20004055,2024-02-19,PLT100994,+34600003080,user3831@ex.com,STREET_1627,SHOP_649,ES761000002348,LOC_1148,TP_4038,0
20004056,2024-02-19,PLT104792,+34600000858,user1401@ex.com,STREET_1172,SHOP_346,ES761000002752,LOC_809,TP_7562,0
20004058,2024-02-19,PLT107242,+34600000067,user104@ex.com,STREET_823,SHOP_245,ES761000001796,LOC_924,TP_5190,0
20004059,2024-02-19,PLT102399,+34600003481,user4293@ex.com,STREET_2,SHOP_385,ES761000002999,LOC_1139,TP_2220,0
20004060,2024-02-19,PLT104932,+34600003703,user4060@ex.com,STREET_2338,SHOP_488,ES761000002015,LOC_710,TP_3153,0
20004061,2024-02-19,PLT100623,+34600003686,user2220@ex.com,STREET_281,SHOP_595,ES761000000297,LOC_246,TP_2941,0
20004062,2024-02-19,PLT102711,+34600001013,user320@ex.com,STREET_327,SHOP_41,ES761000002708,LOC_541,TP_7743,1
20004063,2024-02-19,PLT101182,+34600001890,user1091@ex.com,STREET_512,SHOP_956,ES761000001350,LOC_553,TP_2351,0
20004064,2024-02-19,PLT100372,+34600003577,user1432@ex.com,STREET_1965,SHOP_820,ES761000002933,LOC_410,TP_5111,0
20004035,2024-02-19,PLT100910,+34600001033,user903@ex.com,STREET_338,SHOP_491,ES761000003013,LOC_639,TP_7254,0
20004050,2024-02-19,PLT101403,+34600002807,user4633@ex.com,STREET_2448,SHOP_636,ES761000000969,LOC_1115,TP_1871,0
20004034,2024-02-19,PLT103199,+34600002947,user1368@ex.com,STREET_1360,SHOP_922,ES761000002183,LOC_233,TP_4139,0
20004038,2024-02-19,PLT103564,+34600001276,user4339@ex.com,STREET_2322,SHOP_690,ES761000001687,LOC_664,TP_7565,0
20004032,2024-02-19,PLT107247,+34600002426,user4857@ex.com,STREET_1092,SHOP_617,ES761000000486,LOC_256,TP_5283,0
20004033,2024-02-19,PLT104021,+34600002040,user2889@ex.com,STREET_1837,SHOP_878,ES761000002494,LOC_949,TP_7772,1
20004003,2024-02-19,PLT107863,+34600002011,user2746@ex.com,STREET_2557,SHOP_929,ES761000001515,LOC_724,TP_6481,0
20004004,2024-02-19,PLT107247,+34600000843,user4696@ex.com,STREET_2512,SHOP_223,ES761000003421,LOC_1079,TP_6008,0
20004005,2024-02-19,PLT107000,+34600001094,user4415@ex.com,STREET_230,SHOP_908,ES761000003150,LOC_150,TP_4871,0
20004006,2024-02-19,PLT101808,+34600001854,user3915@ex.com,STREET_1429,SHOP_963,ES761000000491,LOC_839,TP_1631,0
20004008,2024-02-19,PLT105739,+34600001492,user3893@ex.com,STREET_398,SHOP_146,ES761000003812,LOC_868,TP_5606,0
20004009,2024-02-19,PLT101996,+34600000754,user1496@ex.com,STREET_309,SHOP_517,ES761000001838,LOC_682,TP_7205,1
20004010,2024-02-19,PLT101441,+34600000123,user1076@ex.com,STREET_2510,SHOP_309,ES761000002557,LOC_578,TP_2932,0
20004011,2024-02-19,PLT100040,+34600000935,user764@ex.com,STREET_1126,SHOP_885,ES761000000563,LOC_460,TP_3427,0
20004012,2024-02-19,PLT104548,+34600003215,user679@ex.com,STREET_2719,SHOP_982,ES761000002855,LOC_411,TP_4834,0
20004013,2024-02-19,PLT106073,+34600003422,user4699@ex.com,STREET_1858,SHOP_787,ES761000000431,LOC_250,TP_7057,0
20004014,2024-02-19,PLT104515,+34600000719,user2295@ex.com,STREET_12,SHOP_695,ES761000000567,LOC_1104,TP_6036,0
20004015,2024-02-19,PLT107184,+34600002480,user2480@ex.com,STREET_2893,SHOP_267,ES761000001713,LOC_620,TP_7529,1
20004016,2024-02-19,PLT107418,+34600000135,user4603@ex.com,STREET_1976,SHOP_837,ES761000003843,LOC_1073,TP_6523,0
20004007,2024-02-19,PLT102573,+34600002790,user1039@ex.com,STREET_2364,SHOP_44,ES761000003095,LOC_993,TP_7218,0
20004018,2024-02-19,PLT101926,+34600001790,user3894@ex.com,STREET_78,SHOP_636,ES761000001579,LOC_412,TP_2724,1
20004031,2024-02-19,PLT104763,+34600000636,user1872@ex.com,STREET_1214,SHOP_343,ES761000000325,LOC_140,TP_3010,0
20004017,2024-02-19,PLT100928,+34600002017,user4450@ex.com,STREET_817,SHOP_886,ES761000002999,LOC_789,TP_5846,1
20004030,2024-02-19,PLT106828,+34600003643,user2569@ex.com,STREET_471,SHOP_864,ES761000002138,LOC_961,TP_3883,0
20004029,2024-02-19,PLT103281,+34600002967,user3407@ex.com,STREET_1103,SHOP_726,ES761000002701,LOC_1001,TP_6985,0
20004027,2024-02-19,PLT106846,+34600002794,user4815@ex.com,STREET_213,SHOP_102,ES761000002328,LOC_424,TP_5145,0
20004026,2024-02-19,PLT106440,+34600002729,user2385@ex.com,STREET_2178,SHOP_419,ES761000001815,LOC_42,TP_2893,0
20004028,2024-02-19,PLT101005,+34600002010,user3265@ex.com,STREET_1791,SHOP_539,ES761000000275,LOC_736,TP_2673,0
20004024,2024-02-19,PLT103917,+34600000145,user2828@ex.com,STREET_284,SHOP_856,ES761000003990,LOC_111,TP_7647,1
20004023,2024-02-19,PLT100433,+34600003709,user3987@ex.com,STREET_2631,SHOP_2,ES761000000558,LOC_1076,TP_165,0
20004022,2024-02-19,PLT107829,+34600000307,user1634@ex.com,STREET_1633,SHOP_947,ES761000003548,LOC_678,TP_4441,0
20004021,2024-02-19,PLT105142,+34600003647,user2952@ex.com,STREET_33,SHOP_73,ES761000001143,LOC_472,TP_4093,0
20004020,2024-02-19,PLT106301,+34600000816,user2123@ex.com,STREET_1810,SHOP_139,ES761000001693,LOC_642,TP_4140,0
20004019,2024-02-19,PLT102935,+34600003603,user2447@ex.com,STREET_104,SHOP_107,ES761000002654,LOC_160,TP_5752,0
20004025,2024-02-19,PLT107090,+34600000945,user1793@ex.com,STREET_1256,SHOP_331,ES761000001204,LOC_796,TP_7336,0
20004127,2024-02-20,PLT102451,+34600000710,user811@ex.com,STREET_2428,SHOP_925,ES761000003718,LOC_716,TP_7030,0
20004120,2024-02-20,PLT106942,+34600003691,user985@ex.com,STREET_334,SHOP_670,ES761000003650,LOC_589,TP_853,0
20004126,2024-02-20,PLT101568,+34600000399,user2276@ex.com,STREET_689,SHOP_257,ES761000000718,LOC_609,TP_2621,0
20004125,2024-02-20,PLT107071,+34600002543,user4021@ex.com,STREET_2148,SHOP_445,ES761000000219,LOC_750,TP_7204,0
20004124,2024-02-20,PLT102521,+34600003004,user3057@ex.com,STREET_1578,SHOP_140,ES761000001556,LOC_836,TP_2308,0
20004123,2024-02-20,PLT100146,+34600002506,user3320@ex.com,STREET_660,SHOP_222,ES761000002952,LOC_311,TP_3215,1
20004122,2024-02-20,PLT103514,+34600002424,user2257@ex.com,STREET_67,SHOP_649,ES761000003976,LOC_383,TP_2144,1
20004121,2024-02-20,PLT102711,+34600001054,user144@ex.com,STREET_2483,SHOP_275,ES761000003212,LOC_149,TP_1823,1
20004119,2024-02-20,PLT107322,+34600003707,user1301@ex.com,STREET_387,SHOP_308,ES761000001538,LOC_561,TP_4892,0
20004113,2024-02-20,PLT106003,+34600002927,user4914@ex.com,STREET_209,SHOP_411,ES761000002299,LOC_53,TP_3438,0
20004117,2024-02-20,PLT103395,+34600000570,user1723@ex.com,STREET_707,SHOP_523,ES761000000542,LOC_307,TP_3511,0
20004116,2024-02-20,PLT104717,+34600003989,user918@ex.com,STREET_1875,SHOP_464,ES761000000446,LOC_841,TP_3260,0
20004115,2024-02-20,PLT103100,+34600000229,user2663@ex.com,STREET_2313,SHOP_373,ES761000003333,LOC_175,TP_5054,0
20004114,2024-02-20,PLT107618,+34600000494,user212@ex.com,STREET_1894,SHOP_749,ES761000000885,LOC_1129,TP_2611,0
20004112,2024-02-20,PLT102018,+34600002992,user4591@ex.com,STREET_2915,SHOP_382,ES761000000299,LOC_1108,TP_5078,0
20004111,2024-02-20,PLT101005,+34600001876,user3458@ex.com,STREET_2597,SHOP_712,ES761000000104,LOC_745,TP_3389,1
20004110,2024-02-20,PLT100986,+34600002029,user2276@ex.com,STREET_65,SHOP_660,ES761000001845,LOC_960,TP_5365,0
20004128,2024-02-20,PLT101568,+34600000297,user4705@ex.com,STREET_2488,SHOP_722,ES761000000452,LOC_512,TP_4227,0
20004118,2024-02-20,PLT102198,+34600001993,user4904@ex.com,STREET_2214,SHOP_59,ES761000003702,LOC_107,TP_480,1
20004129,2024-02-20,PLT104273,+34600003929,user3282@ex.com,STREET_674,SHOP_893,ES761000002715,LOC_1161,TP_7730,0
20004145,2024-02-20,PLT105747,+34600000417,user1451@ex.com,STREET_877,SHOP_716,ES761000003842,LOC_135,TP_7784,0
20004131,2024-02-20,PLT103906,+34600001960,user513@ex.com,STREET_1591,SHOP_524,ES761000001734,LOC_415,TP_3583,0
20004109,2024-02-20,PLT104369,+34600000585,user1162@ex.com,STREET_2427,SHOP_292,ES761000002421,LOC_378,TP_2031,0
20004150,2024-02-20,PLT107517,+34600001326,user215@ex.com,STREET_2259,SHOP_763,ES761000002262,LOC_522,TP_5047,0
20004149,2024-02-20,PLT105699,+34600000374,user462@ex.com,STREET_2749,SHOP_157,ES761000003357,LOC_1007,TP_3578,1
20004148,2024-02-20,PLT103723,+34600002302,user4707@ex.com,STREET_1817,SHOP_86,ES761000003777,LOC_285,TP_4628,0
20004147,2024-02-20,PLT107826,+34600003954,user803@ex.com,STREET_838,SHOP_963,ES761000003856,LOC_808,TP_4331,0
20004151,2024-02-20,PLT101206,+34600002344,user4736@ex.com,STREET_1211,SHOP_879,ES761000001465,LOC_7,TP_2624,0
20004144,2024-02-20,PLT102502,+34600003842,user2228@ex.com,STREET_855,SHOP_140,ES761000001147,LOC_562,TP_2556,0
20004143,2024-02-20,PLT100529,+34600003198,user2811@ex.com,STREET_1482,SHOP_621,ES761000001904,LOC_170,TP_6788,0
20004142,2024-02-20,PLT104007,+34600001820,user3332@ex.com,STREET_1127,SHOP_399,ES761000003351,LOC_72,TP_3033,1
20004141,2024-02-20,PLT102482,+34600001491,user457@ex.com,STREET_2163,SHOP_479,ES761000000555,LOC_280,TP_2347,0
20004140,2024-02-20,PLT102933,+34600001771,user856@ex.com,STREET_2537,SHOP_531,ES761000002419,LOC_438,TP_1875,0
20004139,2024-02-20,PLT105228,+34600001226,user3300@ex.com,STREET_2155,SHOP_846,ES761000000880,LOC_452,TP_56,0
20004138,2024-02-20,PLT101066,+34600000046,user214@ex.com,STREET_364,SHOP_950,ES761000001244,LOC_111,TP_2208,1
20004137,2024-02-20,PLT107139,+34600001161,user2255@ex.com,STREET_117,SHOP_414,ES761000003091,LOC_1089,TP_4853,0
20004136,2024-02-20,PLT106003,+34600001093,user4460@ex.com,STREET_1103,SHOP_756,ES761000000330,LOC_865,TP_5280,0
20004135,2024-02-20,PLT106267,+34600002156,user3247@ex.com,STREET_1330,SHOP_59,ES761000000688,LOC_780,TP_5211,0
20004134,2024-02-20,PLT106068,+34600003210,user2563@ex.com,STREET_929,SHOP_492,ES761000001669,LOC_1160,TP_2926,0
20004133,2024-02-20,PLT102600,+34600002760,user3048@ex.com,STREET_2555,SHOP_555,ES761000000154,LOC_864,TP_5270,0
20004132,2024-02-20,PLT107581,+34600001230,user3493@ex.com,STREET_1383,SHOP_60,ES761000002630,LOC_349,TP_1253,0
20004130,2024-02-20,PLT104113,+34600001426,user1435@ex.com,STREET_238,SHOP_249,ES761000002798,LOC_968,TP_3285,0
20004108,2024-02-20,PLT101660,+34600001244,user4876@ex.com,STREET_627,SHOP_681,ES761000001665,LOC_1191,TP_239,0
20004146,2024-02-20,PLT102502,+34600000837,user4240@ex.com,STREET_2372,SHOP_538,ES761000001738,LOC_836,TP_1957,0
20004106,2024-02-20,PLT102463,+34600003066,user1756@ex.com,STREET_912,SHOP_155,ES761000001976,LOC_914,TP_1331,0
20004082,2024-02-20,PLT101220,+34600003392,user4797@ex.com,STREET_2578,SHOP_198,ES761000000683,LOC_635,TP_6593,0
20004081,2024-02-20,PLT107669,+34600002458,user3274@ex.com,STREET_1523,SHOP_182,ES761000001423,LOC_403,TP_2946,0
20004080,2024-02-20,PLT107619,+34600003440,user126@ex.com,STREET_114,SHOP_349,ES761000002777,LOC_316,TP_6562,0
20004079,2024-02-20,PLT103492,+34600002650,user3583@ex.com,STREET_2815,SHOP_823,ES761000000515,LOC_541,TP_790,0
20004078,2024-02-20,PLT105739,+34600003395,user4523@ex.com,STREET_872,SHOP_553,ES761000002141,LOC_583,TP_5814,0
20004077,2024-02-20,PLT105714,+34600001587,user4261@ex.com,STREET_760,SHOP_654,ES761000000646,LOC_507,TP_4899,0
20004076,2024-02-20,PLT102521,+34600001627,user1264@ex.com,STREET_32,SHOP_992,ES761000002060,LOC_761,TP_3648,0
20004075,2024-02-20,PLT102035,+34600001101,user1462@ex.com,STREET_1001,SHOP_117,ES761000002773,LOC_498,TP_271,0
20004083,2024-02-20,PLT106087,+34600002854,user4687@ex.com,STREET_1929,SHOP_451,ES761000003071,LOC_291,TP_2591,0
20004074,2024-02-20,PLT106669,+34600002146,user978@ex.com,STREET_607,SHOP_147,ES761000002154,LOC_1148,TP_5356,0
20004072,2024-02-20,PLT107056,+34600002328,user212@ex.com,STREET_2817,SHOP_259,ES761000003956,LOC_39,TP_2617,0
20004071,2024-02-20,PLT105957,+34600000991,user3604@ex.com,STREET_1270,SHOP_397,ES761000002507,LOC_1174,TP_388,0
20004070,2024-02-20,PLT101309,+34600001407,user2251@ex.com,STREET_187,SHOP_636,ES761000002387,LOC_248,TP_4928,0
20004068,2024-02-20,PLT107951,+34600000717,user1748@ex.com,STREET_1713,SHOP_650,ES761000002293,LOC_497,TP_6632,1
20004067,2024-02-20,PLT104322,+34600001555,user3991@ex.com,STREET_1145,SHOP_537,ES761000002232,LOC_83,TP_595,0
20004066,2024-02-20,PLT102071,+34600002483,user504@ex.com,STREET_2035,SHOP_341,ES761000001497,LOC_604,TP_612,1
20004065,2024-02-20,PLT102023,+34600001967,user37@ex.com,STREET_172,SHOP_475,ES761000000835,LOC_684,TP_2055,0
20004107,2024-02-20,PLT107856,+34600000356,user488@ex.com,STREET_2234,SHOP_861,ES761000001170,LOC_899,TP_4659,0
20004073,2024-02-20,PLT103651,+34600003528,user1027@ex.com,STREET_224,SHOP_517,ES761000002865,LOC_723,TP_6996,0
20004084,2024-02-20,PLT103817,+34600000719,user631@ex.com,STREET_2125,SHOP_563,ES761000000420,LOC_1006,TP_7359,0
20004069,2024-02-20,PLT105705,+34600000668,user3440@ex.com,STREET_2899,SHOP_928,ES761000002887,LOC_590,TP_322,0
20004086,2024-02-20,PLT101012,+34600001419,user1649@ex.com,STREET_563,SHOP_872,ES761000000080,LOC_935,TP_7033,0
20004085,2024-02-20,PLT102422,+34600003532,user4421@ex.com,STREET_101,SHOP_260,ES761000002990,LOC_347,TP_7696,0
20004105,2024-02-20,PLT104718,+34600000537,user3270@ex.com,STREET_1179,SHOP_894,ES761000003341,LOC_390,TP_7271,0
20004104,2024-02-20,PLT104430,+34600000816,user2011@ex.com,STREET_1957,SHOP_666,ES761000001522,LOC_108,TP_254,0
20004103,2024-02-20,PLT103620,+34600001703,user4960@ex.com,STREET_1956,SHOP_963,ES761000001645,LOC_220,TP_3830,1
20004101,2024-02-20,PLT106828,+34600003248,user760@ex.com,STREET_1917,SHOP_327,ES761000002924,LOC_275,TP_554,0
20004100,2024-02-20,PLT102811,+34600003319,user321@ex.com,STREET_634,SHOP_991,ES761000001268,LOC_688,TP_3385,1
20004099,2024-02-20,PLT105121,+34600000619,user543@ex.com,STREET_2044,SHOP_535,ES761000003092,LOC_514,TP_2921,0
20004098,2024-02-20,PLT100113,+34600001206,user2920@ex.com,STREET_1326,SHOP_147,ES761000003684,LOC_277,TP_4718,1
20004097,2024-02-20,PLT107522,+34600003217,user765@ex.com,STREET_1179,SHOP_878,ES761000003364,LOC_152,TP_273,0
20004102,2024-02-20,PLT104798,+34600001584,user2542@ex.com,STREET_1706,SHOP_394,ES761000001800,LOC_856,TP_2436,0
20004095,2024-02-20,PLT101206,+34600001478,user351@ex.com,STREET_1836,SHOP_573,ES761000001109,LOC_271,TP_885,0
20004094,2024-02-20,PLT104968,+34600002999,user954@ex.com,STREET_844,SHOP_64,ES761000003573,LOC_696,TP_7470,1
20004093,2024-02-20,PLT107180,+34600002647,user4682@ex.com,STREET_551,SHOP_596,ES761000000550,LOC_1126,TP_4057,1
20004092,2024-02-20,PLT104322,+34600000861,user3672@ex.com,STREET_207,SHOP_922,ES761000000493,LOC_307,TP_4869,1
20004091,2024-02-20,PLT104849,+34600000402,user3361@ex.com,STREET_601,SHOP_796,ES761000001181,LOC_547,TP_6954,0
20004090,2024-02-20,PLT105739,+34600003642,user4212@ex.com,STREET_2946,SHOP_939,ES761000003281,LOC_106,TP_7034,0
20004089,2024-02-20,PLT100641,+34600000802,user1569@ex.com,STREET_2037,SHOP_633,ES761000002814,LOC_595,TP_2276,0
20004088,2024-02-20,PLT102023,+34600000418,user1786@ex.com,STREET_2220,SHOP_900,ES761000001059,LOC_1098,TP_796,0
20004096,2024-02-20,PLT103711,+34600000363,user1812@ex.com,STREET_1368,SHOP_728,ES761000001508,LOC_698,TP_1668,0
20004087,2024-02-20,PLT104877,+34600003016,user3656@ex.com,STREET_255,SHOP_835,ES761000000153,LOC_1060,TP_2100,0
20004199,2024-02-21,PLT106587,+34600003591,user310@ex.com,STREET_2828,SHOP_836,ES761000000486,LOC_1027,TP_5371,0
20004198,2024-02-21,PLT103111,+34600000805,user3619@ex.com,STREET_1646,SHOP_233,ES761000001767,LOC_86,TP_2808,0
20004197,2024-02-21,PLT106274,+34600003418,user3244@ex.com,STREET_2003,SHOP_893,ES761000002752,LOC_967,TP_6890,0
20004196,2024-02-21,PLT104289,+34600000469,user3525@ex.com,STREET_90,SHOP_301,ES761000002707,LOC_524,TP_5811,0
20004195,2024-02-21,PLT106524,+34600003479,user2381@ex.com,STREET_1883,SHOP_525,ES761000000856,LOC_939,TP_140,0
20004194,2024-02-21,PLT102372,+34600002783,user2944@ex.com,STREET_2456,SHOP_161,ES761000001774,LOC_623,TP_3330,0
20004190,2024-02-21,PLT105711,+34600000838,user2924@ex.com,STREET_1591,SHOP_378,ES761000001866,LOC_1075,TP_3291,0
20004192,2024-02-21,PLT101261,+34600003572,user1759@ex.com,STREET_2911,SHOP_198,ES761000002176,LOC_400,TP_5028,0
20004191,2024-02-21,PLT101926,+34600001154,user410@ex.com,STREET_1628,SHOP_211,ES761000000200,LOC_91,TP_6608,0
20004189,2024-02-21,PLT104757,+34600003585,user2432@ex.com,STREET_1292,SHOP_494,ES761000003470,LOC_798,TP_6835,0
20004188,2024-02-21,PLT103493,+34600001793,user2681@ex.com,STREET_1676,SHOP_843,ES761000001903,LOC_787,TP_1563,0
20004200,2024-02-21,PLT103879,+34600002370,user1394@ex.com,STREET_994,SHOP_737,ES761000002266,LOC_849,TP_6517,0
20004187,2024-02-21,PLT107829,+34600001671,user2886@ex.com,STREET_64,SHOP_838,ES761000002815,LOC_1072,TP_6216,0
20004193,2024-02-21,PLT100773,+34600000544,user1961@ex.com,STREET_1707,SHOP_739,ES761000003911,LOC_827,TP_5329,0
20004201,2024-02-21,PLT100960,+34600003759,user1717@ex.com,STREET_577,SHOP_155,ES761000000138,LOC_225,TP_2372,1
20004211,2024-02-21,PLT101405,+34600002657,user216@ex.com,STREET_2731,SHOP_72,ES761000000639,LOC_875,TP_805,0
20004203,2024-02-21,PLT103117,+34600003954,user4336@ex.com,STREET_1732,SHOP_25,ES761000002640,LOC_10,TP_7761,0
20004204,2024-02-21,PLT101435,+34600003488,user1314@ex.com,STREET_1558,SHOP_769,ES761000002429,LOC_470,TP_2887,0
20004205,2024-02-21,PLT106014,+34600002809,user2256@ex.com,STREET_10,SHOP_396,ES761000001514,LOC_632,TP_2064,1
20004206,2024-02-21,PLT101554,+34600001161,user7@ex.com,STREET_1102,SHOP_875,ES761000003925,LOC_880,TP_4134,1
20004207,2024-02-21,PLT105693,+34600003982,user1470@ex.com,STREET_2533,SHOP_849,ES761000002257,LOC_791,TP_7701,1
20004208,2024-02-21,PLT107247,+34600003635,user1663@ex.com,STREET_1764,SHOP_768,ES761000001508,LOC_406,TP_7797,0
20004209,2024-02-21,PLT103350,+34600003672,user4213@ex.com,STREET_344,SHOP_977,ES761000000084,LOC_792,TP_4715,0
20004210,2024-02-21,PLT105652,+34600002405,user391@ex.com,STREET_2170,SHOP_955,ES761000001222,LOC_294,TP_3001,0
20004212,2024-02-21,PLT101892,+34600002272,user2282@ex.com,STREET_2259,SHOP_649,ES761000000166,LOC_819,TP_3067,0
20004213,2024-02-21,PLT102198,+34600001030,user3705@ex.com,STREET_2668,SHOP_237,ES761000001729,LOC_736,TP_7676,0
20004214,2024-02-21,PLT101551,+34600000609,user2398@ex.com,STREET_134,SHOP_396,ES761000002480,LOC_889,TP_4783,0
20004215,2024-02-21,PLT103247,+34600003288,user3106@ex.com,STREET_2172,SHOP_777,ES761000002859,LOC_840,TP_1553,0
20004216,2024-02-21,PLT100322,+34600003554,user3580@ex.com,STREET_309,SHOP_901,ES761000001054,LOC_968,TP_1880,0
20004186,2024-02-21,PLT107051,+34600000589,user2056@ex.com,STREET_1854,SHOP_690,ES761000002585,LOC_849,TP_2290,1
20004202,2024-02-21,PLT100135,+34600002279,user3724@ex.com,STREET_1248,SHOP_224,ES761000003316,LOC_1154,TP_5850,0
20004185,2024-02-21,PLT105237,+34600002774,user4444@ex.com,STREET_2862,SHOP_917,ES761000000818,LOC_1070,TP_425,0
20004180,2024-02-21,PLT107613,+34600000503,user3190@ex.com,STREET_487,SHOP_565,ES761000000895,LOC_378,TP_407,0
20004183,2024-02-21,PLT104737,+34600003904,user697@ex.com,STREET_2306,SHOP_885,ES761000002558,LOC_1154,TP_5575,0
20004184,2024-02-21,PLT106710,+34600001554,user290@ex.com,STREET_1030,SHOP_122,ES761000002742,LOC_610,TP_6208,0
20004152,2024-02-21,PLT102089,+34600001773,user2150@ex.com,STREET_2118,SHOP_373,ES761000001289,LOC_515,TP_123,0
20004153,2024-02-21,PLT104932,+34600003413,user3891@ex.com,STREET_1089,SHOP_529,ES761000000371,LOC_500,TP_4145,0
20004154,2024-02-21,PLT107216,+34600003005,user4409@ex.com,STREET_389,SHOP_651,ES761000001813,LOC_902,TP_5288,0
20004155,2024-02-21,PLT105525,+34600002938,user475@ex.com,STREET_1994,SHOP_242,ES761000000506,LOC_798,TP_911,1
20004156,2024-02-21,PLT106487,+34600001023,user4534@ex.com,STREET_2691,SHOP_938,ES761000000405,LOC_952,TP_2380,0
20004157,2024-02-21,PLT103817,+34600003810,user4008@ex.com,STREET_1362,SHOP_482,ES761000000084,LOC_548,TP_4118,0
20004158,2024-02-21,PLT107341,+34600001296,user4073@ex.com,STREET_2122,SHOP_940,ES761000003750,LOC_157,TP_5353,0
20004159,2024-02-21,PLT101446,+34600003845,user690@ex.com,STREET_2407,SHOP_922,ES761000001111,LOC_68,TP_6781,1
20004161,2024-02-21,PLT106350,+34600003574,user1096@ex.com,STREET_1274,SHOP_714,ES761000002742,LOC_1198,TP_6897,0
20004162,2024-02-21,PLT106670,+34600001080,user1116@ex.com,STREET_761,SHOP_660,ES761000001493,LOC_772,TP_5413,0
20004163,2024-02-21,PLT107082,+34600000894,user4943@ex.com,STREET_1469,SHOP_127,ES761000002775,LOC_572,TP_78,0
20004164,2024-02-21,PLT107418,+34600000652,user1499@ex.com,STREET_1011,SHOP_238,ES761000003012,LOC_621,TP_618,0
20004165,2024-02-21,PLT107429,+34600002071,user135@ex.com,STREET_2904,SHOP_608,ES761000002304,LOC_404,TP_3385,0
20004166,2024-02-21,PLT102128,+34600000452,user2523@ex.com,STREET_1541,SHOP_438,ES761000001767,LOC_731,TP_5222,0
20004160,2024-02-21,PLT107675,+34600002387,user1378@ex.com,STREET_1951,SHOP_579,ES761000000493,LOC_341,TP_4862,0
20004168,2024-02-21,PLT101188,+34600003982,user3502@ex.com,STREET_2185,SHOP_109,ES761000001790,LOC_894,TP_680,0
20004182,2024-02-21,PLT102933,+34600001542,user30@ex.com,STREET_2316,SHOP_186,ES761000003900,LOC_220,TP_438,0
20004167,2024-02-21,PLT105550,+34600002448,user2341@ex.com,STREET_886,SHOP_389,ES761000003114,LOC_955,TP_882,0
20004181,2024-02-21,PLT102431,+34600000360,user4565@ex.com,STREET_1256,SHOP_833,ES761000003050,LOC_411,TP_6712,0
20004179,2024-02-21,PLT106271,+34600002778,user244@ex.com,STREET_677,SHOP_534,ES761000003010,LOC_433,TP_899,0
20004178,2024-02-21,PLT104021,+34600000852,user3368@ex.com,STREET_1480,SHOP_963,ES761000003088,LOC_884,TP_2682,0
20004176,2024-02-21,PLT104540,+34600003830,user1136@ex.com,STREET_2191,SHOP_85,ES761000000723,LOC_34,TP_6696,0
20004175,2024-02-21,PLT103414,+34600000572,user2056@ex.com,STREET_475,SHOP_655,ES761000002931,LOC_40,TP_1413,0
20004177,2024-02-21,PLT101574,+34600002692,user115@ex.com,STREET_1722,SHOP_123,ES761000003695,LOC_21,TP_6293,0
20004173,2024-02-21,PLT102121,+34600003434,user4099@ex.com,STREET_836,SHOP_422,ES761000002653,LOC_1120,TP_7279,0
20004172,2024-02-21,PLT102166,+34600000500,user2506@ex.com,STREET_2961,SHOP_809,ES761000001582,LOC_981,TP_7937,0
20004171,2024-02-21,PLT107868,+34600001079,user695@ex.com,STREET_2730,SHOP_922,ES761000003743,LOC_49,TP_6458,0
20004170,2024-02-21,PLT100400,+34600001391,user2199@ex.com,STREET_2248,SHOP_681,ES761000000305,LOC_1034,TP_7716,0
20004169,2024-02-21,PLT104935,+34600001084,user1286@ex.com,STREET_779,SHOP_193,ES761000003378,LOC_700,TP_6287,0
20004174,2024-02-21,PLT104113,+34600001863,user2700@ex.com,STREET_516,SHOP_339,ES761000001023,LOC_960,TP_1043,0
20004268,2024-02-22,PLT104021,+34600003851,user457@ex.com,STREET_2074,SHOP_219,ES761000001663,LOC_1086,TP_3590,0
20004263,2024-02-22,PLT100627,+34600001053,user3871@ex.com,STREET_2093,SHOP_489,ES761000001693,LOC_1091,TP_5815,0
20004267,2024-02-22,PLT102257,+34600003993,user1749@ex.com,STREET_746,SHOP_604,ES761000000795,LOC_844,TP_3711,0
20004266,2024-02-22,PLT104430,+34600000868,user3500@ex.com,STREET_806,SHOP_305,ES761000003988,LOC_731,TP_6159,0
20004265,2024-02-22,PLT104176,+34600002518,user1856@ex.com,STREET_2115,SHOP_591,ES761000002952,LOC_560,TP_889,1
20004264,2024-02-22,PLT101005,+34600001712,user2035@ex.com,STREET_1204,SHOP_87,ES761000002898,LOC_857,TP_1874,0
20004262,2024-02-22,PLT101277,+34600000218,user1195@ex.com,STREET_1042,SHOP_445,ES761000001042,LOC_1078,TP_6317,1
20004256,2024-02-22,PLT102071,+34600003855,user187@ex.com,STREET_2077,SHOP_308,ES761000000800,LOC_373,TP_7419,0
20004260,2024-02-22,PLT101642,+34600002082,user2147@ex.com,STREET_232,SHOP_555,ES761000003523,LOC_94,TP_1338,0
20004259,2024-02-22,PLT101574,+34600003084,user2989@ex.com,STREET_2885,SHOP_656,ES761000002998,LOC_921,TP_6390,0
20004258,2024-02-22,PLT100828,+34600001553,user2871@ex.com,STREET_1302,SHOP_124,ES761000002097,LOC_801,TP_1299,1
20004257,2024-02-22,PLT104918,+34600003629,user792@ex.com,STREET_386,SHOP_447,ES761000003971,LOC_530,TP_7992,0
20004255,2024-02-22,PLT104202,+34600002848,user2252@ex.com,STREET_1985,SHOP_978,ES761000001147,LOC_894,TP_5605,0
20004269,2024-02-22,PLT104174,+34600001570,user3747@ex.com,STREET_326,SHOP_61,ES761000000736,LOC_938,TP_3824,0
20004261,2024-02-22,PLT103287,+34600002824,user4614@ex.com,STREET_2659,SHOP_74,ES761000001919,LOC_223,TP_4540,0
20004270,2024-02-22,PLT105759,+34600000316,user4568@ex.com,STREET_1811,SHOP_658,ES761000000375,LOC_423,TP_2023,0
20004286,2024-02-22,PLT107826,+34600003453,user2365@ex.com,STREET_2554,SHOP_92,ES761000000309,LOC_607,TP_4148,0
20004272,2024-02-22,PLT107829,+34600003611,user636@ex.com,STREET_1442,SHOP_517,ES761000002228,LOC_1041,TP_706,0
20004254,2024-02-22,PLT104018,+34600000692,user3821@ex.com,STREET_68,SHOP_760,ES761000000668,LOC_424,TP_6065,0
20004287,2024-02-22,PLT104069,+34600002871,user468@ex.com,STREET_89,SHOP_616,ES761000000705,LOC_417,TP_7401,0
20004285,2024-02-22,PLT105927,+34600000413,user4049@ex.com,STREET_673,SHOP_863,ES761000003540,LOC_1084,TP_1753,0
20004284,2024-02-22,PLT103245,+34600003919,user3409@ex.com,STREET_2258,SHOP_121,ES761000003614,LOC_104,TP_2600,0
20004283,2024-02-22,PLT107090,+34600001733,user2064@ex.com,STREET_714,SHOP_622,ES761000002181,LOC_969,TP_7928,0
20004282,2024-02-22,PLT101009,+34600001205,user2711@ex.com,STREET_1961,SHOP_137,ES761000003645,LOC_459,TP_7263,0
20004281,2024-02-22,PLT101568,+34600000687,user2561@ex.com,STREET_337,SHOP_682,ES761000001742,LOC_271,TP_7962,0
20004280,2024-02-22,PLT107071,+34600000706,user313@ex.com,STREET_1006,SHOP_441,ES761000002654,LOC_765,TP_166,0
20004279,2024-02-22,PLT104779,+34600003600,user3058@ex.com,STREET_2983,SHOP_449,ES761000003211,LOC_804,TP_3245,0
20004278,2024-02-22,PLT102419,+34600001258,user4673@ex.com,STREET_1767,SHOP_787,ES761000000227,LOC_135,TP_4931,0
20004277,2024-02-22,PLT104779,+34600000155,user2160@ex.com,STREET_2973,SHOP_695,ES761000003658,LOC_413,TP_752,1
20004276,2024-02-22,PLT104256,+34600001770,user4002@ex.com,STREET_1088,SHOP_157,ES761000002636,LOC_1156,TP_1458,0
20004275,2024-02-22,PLT104430,+34600001981,user4134@ex.com,STREET_2192,SHOP_932,ES761000003497,LOC_612,TP_1300,0
20004274,2024-02-22,PLT101144,+34600000962,user4526@ex.com,STREET_280,SHOP_422,ES761000003152,LOC_112,TP_2563,0
20004273,2024-02-22,PLT103906,+34600001367,user1142@ex.com,STREET_243,SHOP_414,ES761000002464,LOC_974,TP_7695,1
20004271,2024-02-22,PLT103202,+34600002924,user1840@ex.com,STREET_2769,SHOP_521,ES761000000595,LOC_562,TP_232,0
20004253,2024-02-22,PLT104763,+34600003037,user1619@ex.com,STREET_2338,SHOP_37,ES761000002258,LOC_156,TP_3893,0
20004251,2024-02-22,PLT104256,+34600003580,user276@ex.com,STREET_1505,SHOP_363,ES761000002538,LOC_633,TP_5264,0
20004225,2024-02-22,PLT107635,+34600003148,user1218@ex.com,STREET_212,SHOP_340,ES761000001638,LOC_1154,TP_4686,0
20004231,2024-02-22,PLT107184,+34600002171,user1834@ex.com,STREET_1986,SHOP_673,ES761000000509,LOC_523,TP_7471,0
20004229,2024-02-22,PLT104263,+34600000883,user2705@ex.com,STREET_2505,SHOP_886,ES761000003267,LOC_402,TP_6585,0
20004228,2024-02-22,PLT102564,+34600003333,user2141@ex.com,STREET_204,SHOP_609,ES761000003516,LOC_401,TP_3571,0
20004227,2024-02-22,PLT101895,+34600002395,user4565@ex.com,STREET_2809,SHOP_534,ES761000000172,LOC_805,TP_2007,0
20004226,2024-02-22,PLT104430,+34600001998,user1801@ex.com,STREET_2494,SHOP_211,ES761000000909,LOC_381,TP_1116,0
20004224,2024-02-22,PLT101973,+34600002778,user2838@ex.com,STREET_2142,SHOP_324,ES761000000907,LOC_1097,TP_4900,0
20004232,2024-02-22,PLT102431,+34600000066,user1447@ex.com,STREET_1050,SHOP_64,ES761000000417,LOC_954,TP_918,0
20004223,2024-02-22,PLT103117,+34600001056,user929@ex.com,STREET_967,SHOP_193,ES761000002779,LOC_341,TP_1852,0
20004221,2024-02-22,PLT101083,+34600001311,user4107@ex.com,STREET_2239,SHOP_59,ES761000001242,LOC_774,TP_2397,1
20004220,2024-02-22,PLT104937,+34600000670,user1384@ex.com,STREET_1362,SHOP_506,ES761000000435,LOC_181,TP_2820,1
20004219,2024-02-22,PLT104990,+34600003795,user1366@ex.com,STREET_1001,SHOP_660,ES761000000151,LOC_793,TP_1575,0
20004218,2024-02-22,PLT100372,+34600001883,user2081@ex.com,STREET_1810,SHOP_922,ES761000003988,LOC_129,TP_3839,1
20004217,2024-02-22,PLT107714,+34600000382,user4358@ex.com,STREET_102,SHOP_62,ES761000001946,LOC_27,TP_6409,0
20004252,2024-02-22,PLT105141,+34600002714,user608@ex.com,STREET_650,SHOP_376,ES761000001700,LOC_735,TP_3441,0
20004222,2024-02-22,PLT107264,+34600003592,user4465@ex.com,STREET_1827,SHOP_226,ES761000001414,LOC_484,TP_1325,0
20004233,2024-02-22,PLT102731,+34600003225,user4036@ex.com,STREET_700,SHOP_722,ES761000003276,LOC_1056,TP_5848,1
20004230,2024-02-22,PLT101111,+34600000958,user4773@ex.com,STREET_2837,SHOP_522,ES761000001141,LOC_239,TP_1587,0
20004235,2024-02-22,PLT106587,+34600001088,user488@ex.com,STREET_99,SHOP_849,ES761000003980,LOC_964,TP_5406,0
20004250,2024-02-22,PLT102739,+34600000643,user1078@ex.com,STREET_2496,SHOP_856,ES761000002900,LOC_379,TP_633,0
20004249,2024-02-22,PLT104686,+34600000969,user571@ex.com,STREET_2881,SHOP_572,ES761000001327,LOC_392,TP_5713,0
20004248,2024-02-22,PLT105950,+34600002901,user162@ex.com,STREET_1005,SHOP_777,ES761000000852,LOC_627,TP_5521,1
20004247,2024-02-22,PLT104007,+34600002381,user4083@ex.com,STREET_308,SHOP_314,ES761000001829,LOC_1082,TP_2118,0
20004246,2024-02-22,PLT104849,+34600001654,user2766@ex.com,STREET_2998,SHOP_207,ES761000002839,LOC_1175,TP_5678,0
20004234,2024-02-22,PLT102879,+34600000606,user1695@ex.com,STREET_1337,SHOP_446,ES761000002642,LOC_839,TP_934,0
20004244,2024-02-22,PLT103620,+34600000462,user1094@ex.com,STREET_1683,SHOP_209,ES761000000880,LOC_490,TP_3434,0
20004243,2024-02-22,PLT104123,+34600001860,user4714@ex.com,STREET_1744,SHOP_612,ES761000001270,LOC_362,TP_442,0
20004245,2024-02-22,PLT107899,+34600001662,user3407@ex.com,STREET_1869,SHOP_988,ES761000001470,LOC_1111,TP_6226,1
20004241,2024-02-22,PLT107528,+34600002884,user2543@ex.com,STREET_2171,SHOP_891,ES761000002945,LOC_825,TP_4033,0
20004240,2024-02-22,PLT101643,+34600002634,user1571@ex.com,STREET_1870,SHOP_138,ES761000001088,LOC_665,TP_5591,0
20004239,2024-02-22,PLT101173,+34600003527,user2797@ex.com,STREET_1696,SHOP_613,ES761000000139,LOC_1005,TP_6777,0
20004238,2024-02-22,PLT106710,+34600003152,user3243@ex.com,STREET_590,SHOP_933,ES761000003283,LOC_858,TP_5993,0
20004237,2024-02-22,PLT107752,+34600002704,user4340@ex.com,STREET_577,SHOP_945,ES761000002415,LOC_1112,TP_5338,0
20004236,2024-02-22,PLT101779,+34600003377,user499@ex.com,STREET_703,SHOP_803,ES761000001349,LOC_632,TP_6343,0
20004242,2024-02-22,PLT101926,+34600003503,user883@ex.com,STREET_1866,SHOP_904,ES761000001867,LOC_1022,TP_1684,0
20004340,2024-02-23,PLT103909,+34600000445,user890@ex.com,STREET_1751,SHOP_23,ES761000002946,LOC_1044,TP_3846,0
20004334,2024-02-23,PLT104430,+34600003110,user2208@ex.com,STREET_1299,SHOP_572,ES761000000722,LOC_1188,TP_3152,0
20004339,2024-02-23,PLT105200,+34600002820,user2500@ex.com,STREET_561,SHOP_806,ES761000000915,LOC_567,TP_6308,0
20004338,2024-02-23,PLT103799,+34600003451,user1352@ex.com,STREET_2961,SHOP_923,ES761000000512,LOC_929,TP_3089,0
20004337,2024-02-23,PLT105569,+34600000789,user2749@ex.com,STREET_1536,SHOP_671,ES761000000011,LOC_989,TP_5731,0
20004336,2024-02-23,PLT105739,+34600002267,user2582@ex.com,STREET_2754,SHOP_173,ES761000000958,LOC_310,TP_4688,0
20004335,2024-02-23,PLT105038,+34600002648,user4914@ex.com,STREET_1539,SHOP_601,ES761000000177,LOC_405,TP_3283,0
20004333,2024-02-23,PLT104944,+34600003674,user4416@ex.com,STREET_2127,SHOP_833,ES761000003694,LOC_749,TP_197,0
20004323,2024-02-23,PLT100392,+34600003803,user4821@ex.com,STREET_1445,SHOP_791,ES761000000663,LOC_181,TP_2377,0
20004331,2024-02-23,PLT105857,+34600003904,user1030@ex.com,STREET_1093,SHOP_386,ES761000001214,LOC_140,TP_4436,0
20004330,2024-02-23,PLT104718,+34600000547,user4932@ex.com,STREET_369,SHOP_3,ES761000001642,LOC_232,TP_1568,0
20004329,2024-02-23,PLT107184,+34600000757,user1923@ex.com,STREET_1164,SHOP_184,ES761000002078,LOC_608,TP_4648,0
20004328,2024-02-23,PLT102826,+34600001476,user2337@ex.com,STREET_2325,SHOP_948,ES761000003394,LOC_536,TP_7205,0
20004327,2024-02-23,PLT104066,+34600000317,user923@ex.com,STREET_2058,SHOP_561,ES761000003698,LOC_407,TP_6449,0
20004326,2024-02-23,PLT102935,+34600003382,user4849@ex.com,STREET_1513,SHOP_98,ES761000003487,LOC_48,TP_2820,0
20004341,2024-02-23,PLT107227,+34600000545,user4919@ex.com,STREET_2392,SHOP_117,ES761000000654,LOC_1166,TP_1037,1
20004332,2024-02-23,PLT101620,+34600000755,user2907@ex.com,STREET_1753,SHOP_724,ES761000002968,LOC_566,TP_3980,0
20004342,2024-02-23,PLT106003,+34600000617,user2236@ex.com,STREET_1149,SHOP_479,ES761000003429,LOC_83,TP_5216,0
20004360,2024-02-23,PLT103799,+34600003467,user384@ex.com,STREET_1008,SHOP_22,ES761000000111,LOC_620,TP_7196,0
20004344,2024-02-23,PLT105920,+34600003067,user4630@ex.com,STREET_2160,SHOP_591,ES761000000389,LOC_184,TP_3655,0
20004359,2024-02-23,PLT104273,+34600003741,user2674@ex.com,STREET_644,SHOP_150,ES761000002543,LOC_433,TP_7404,0
20004358,2024-02-23,PLT104066,+34600002684,user3672@ex.com,STREET_2321,SHOP_885,ES761000000859,LOC_383,TP_6239,0
20004357,2024-02-23,PLT103656,+34600002091,user2310@ex.com,STREET_250,SHOP_580,ES761000003416,LOC_854,TP_946,0
20004356,2024-02-23,PLT103025,+34600001453,user4687@ex.com,STREET_2832,SHOP_643,ES761000001159,LOC_667,TP_6950,0
20004355,2024-02-23,PLT100568,+34600002838,user4154@ex.com,STREET_1244,SHOP_404,ES761000000924,LOC_996,TP_5264,0
20004354,2024-02-23,PLT105266,+34600003267,user3917@ex.com,STREET_1153,SHOP_11,ES761000001213,LOC_867,TP_5058,0
20004353,2024-02-23,PLT102879,+34600001613,user1759@ex.com,STREET_1409,SHOP_964,ES761000002030,LOC_80,TP_2403,0
20004352,2024-02-23,PLT100607,+34600000549,user163@ex.com,STREET_2061,SHOP_524,ES761000001220,LOC_167,TP_4770,0
20004351,2024-02-23,PLT100652,+34600002946,user4338@ex.com,STREET_2901,SHOP_664,ES761000002701,LOC_584,TP_6133,0
20004350,2024-02-23,PLT102401,+34600003607,user2083@ex.com,STREET_2545,SHOP_53,ES761000003015,LOC_222,TP_6765,0
20004349,2024-02-23,PLT105857,+34600001279,user2988@ex.com,STREET_2408,SHOP_662,ES761000001659,LOC_501,TP_7240,0
20004348,2024-02-23,PLT101796,+34600001327,user1661@ex.com,STREET_2858,SHOP_647,ES761000002765,LOC_1045,TP_1560,0
20004347,2024-02-23,PLT101414,+34600003981,user1571@ex.com,STREET_1273,SHOP_239,ES761000003394,LOC_133,TP_1058,0
20004346,2024-02-23,PLT105160,+34600001131,user1447@ex.com,STREET_2208,SHOP_716,ES761000002080,LOC_86,TP_4653,1
20004345,2024-02-23,PLT102600,+34600003127,user1509@ex.com,STREET_2055,SHOP_826,ES761000003410,LOC_588,TP_6803,0
20004343,2024-02-23,PLT101166,+34600002706,user1754@ex.com,STREET_1147,SHOP_422,ES761000002677,LOC_355,TP_1388,0
20004325,2024-02-23,PLT105142,+34600003922,user377@ex.com,STREET_665,SHOP_793,ES761000002143,LOC_1080,TP_4915,0
20004314,2024-02-23,PLT105652,+34600003228,user2249@ex.com,STREET_758,SHOP_595,ES761000002631,LOC_354,TP_2291,0
20004322,2024-02-23,PLT103300,+34600000175,user2423@ex.com,STREET_1999,SHOP_104,ES761000000225,LOC_65,TP_4839,0
20004302,2024-02-23,PLT107063,+34600000063,user3053@ex.com,STREET_717,SHOP_846,ES761000001194,LOC_876,TP_6079,0
20004301,2024-02-23,PLT101494,+34600001109,user554@ex.com,STREET_1208,SHOP_846,ES761000002189,LOC_1072,TP_2550,0
20004300,2024-02-23,PLT104770,+34600003429,user4151@ex.com,STREET_1665,SHOP_966,ES761000003173,LOC_786,TP_5433,0
20004299,2024-02-23,PLT105121,+34600003061,user2119@ex.com,STREET_384,SHOP_703,ES761000002223,LOC_148,TP_4395,0
20004298,2024-02-23,PLT107173,+34600002328,user3960@ex.com,STREET_2509,SHOP_713,ES761000002839,LOC_1194,TP_3589,0
20004324,2024-02-23,PLT100167,+34600000670,user3656@ex.com,STREET_976,SHOP_716,ES761000000401,LOC_381,TP_804,1
20004296,2024-02-23,PLT101277,+34600002840,user3233@ex.com,STREET_188,SHOP_276,ES761000003786,LOC_919,TP_5534,0
20004295,2024-02-23,PLT102879,+34600003613,user250@ex.com,STREET_750,SHOP_858,ES761000002205,LOC_1084,TP_1335,0
20004294,2024-02-23,PLT106217,+34600003329,user4918@ex.com,STREET_186,SHOP_294,ES761000000680,LOC_468,TP_5328,0
20004293,2024-02-23,PLT100425,+34600001312,user125@ex.com,STREET_1823,SHOP_821,ES761000000262,LOC_7,TP_2424,0
20004292,2024-02-23,PLT101512,+34600000496,user363@ex.com,STREET_2465,SHOP_634,ES761000002719,LOC_598,TP_2409,0
20004291,2024-02-23,PLT104968,+34600003384,user2890@ex.com,STREET_2550,SHOP_190,ES761000002102,LOC_1032,TP_615,0
20004290,2024-02-23,PLT104732,+34600001017,user4311@ex.com,STREET_1895,SHOP_791,ES761000003196,LOC_747,TP_3930,0
20004289,2024-02-23,PLT106754,+34600000346,user4016@ex.com,STREET_1811,SHOP_1,ES761000002933,LOC_17,TP_6572,0
20004288,2024-02-23,PLT100623,+34600002085,user3156@ex.com,STREET_2102,SHOP_752,ES761000001356,LOC_93,TP_5814,0
20004303,2024-02-23,PLT106500,+34600002940,user3381@ex.com,STREET_1106,SHOP_41,ES761000002488,LOC_852,TP_6252,0
20004304,2024-02-23,PLT106882,+34600001206,user4775@ex.com,STREET_287,SHOP_215,ES761000002285,LOC_335,TP_1975,1
20004297,2024-02-23,PLT101356,+34600003197,user4036@ex.com,STREET_760,SHOP_626,ES761000002277,LOC_1148,TP_4960,0
20004306,2024-02-23,PLT102826,+34600000323,user2804@ex.com,STREET_837,SHOP_438,ES761000002375,LOC_543,TP_7398,0
20004305,2024-02-23,PLT104202,+34600000250,user2369@ex.com,STREET_2315,SHOP_868,ES761000001379,LOC_818,TP_7059,0
20004320,2024-02-23,PLT105160,+34600002802,user4610@ex.com,STREET_1720,SHOP_550,ES761000001496,LOC_199,TP_1878,0
20004319,2024-02-23,PLT105237,+34600000318,user4318@ex.com,STREET_2079,SHOP_360,ES761000000713,LOC_119,TP_7353,0
20004318,2024-02-23,PLT107335,+34600000941,user4661@ex.com,STREET_1949,SHOP_738,ES761000001467,LOC_179,TP_812,1
20004317,2024-02-23,PLT101023,+34600002603,user4978@ex.com,STREET_1401,SHOP_703,ES761000000890,LOC_56,TP_1424,0
20004316,2024-02-23,PLT100928,+34600003019,user4828@ex.com,STREET_2285,SHOP_121,ES761000003057,LOC_304,TP_2459,0
20004315,2024-02-23,PLT107057,+34600000293,user909@ex.com,STREET_803,SHOP_899,ES761000002725,LOC_524,TP_6584,0
20004321,2024-02-23,PLT101191,+34600003409,user255@ex.com,STREET_681,SHOP_155,ES761000000599,LOC_381,TP_5383,0
20004313,2024-02-23,PLT102121,+34600002989,user566@ex.com,STREET_770,SHOP_81,ES761000000782,LOC_1069,TP_687,0
20004312,2024-02-23,PLT103417,+34600003450,user2628@ex.com,STREET_2332,SHOP_41,ES761000003107,LOC_626,TP_2025,0
20004311,2024-02-23,PLT105798,+34600000931,user1938@ex.com,STREET_1610,SHOP_530,ES761000000909,LOC_1021,TP_4787,0
20004310,2024-02-23,PLT103817,+34600003658,user2259@ex.com,STREET_2691,SHOP_397,ES761000003449,LOC_65,TP_6368,0
20004309,2024-02-23,PLT102625,+34600002664,user3518@ex.com,STREET_1204,SHOP_637,ES761000002036,LOC_164,TP_5095,0
20004308,2024-02-23,PLT101597,+34600002468,user430@ex.com,STREET_2333,SHOP_362,ES761000003074,LOC_104,TP_4419,0
20004307,2024-02-23,PLT102072,+34600002797,user4785@ex.com,STREET_2094,SHOP_329,ES761000000335,LOC_291,TP_4937,0
20004410,2024-02-24,PLT101744,+34600003877,user914@ex.com,STREET_1684,SHOP_301,ES761000001121,LOC_144,TP_7274,0
20004409,2024-02-24,PLT105578,+34600000879,user2073@ex.com,STREET_1524,SHOP_505,ES761000001874,LOC_371,TP_4648,0
20004408,2024-02-24,PLT106024,+34600003110,user338@ex.com,STREET_1132,SHOP_802,ES761000003296,LOC_782,TP_2121,0
20004407,2024-02-24,PLT104066,+34600003556,user3778@ex.com,STREET_2426,SHOP_117,ES761000000023,LOC_780,TP_3153,1
20004406,2024-02-24,PLT100433,+34600001301,user556@ex.com,STREET_2891,SHOP_28,ES761000000886,LOC_392,TP_195,0
20004405,2024-02-24,PLT100134,+34600002776,user4407@ex.com,STREET_1562,SHOP_703,ES761000003509,LOC_381,TP_6285,0
20004404,2024-02-24,PLT103287,+34600001535,user2152@ex.com,STREET_2161,SHOP_759,ES761000001112,LOC_182,TP_4887,0
20004401,2024-02-24,PLT104945,+34600003272,user2819@ex.com,STREET_580,SHOP_179,ES761000000363,LOC_241,TP_3206,0
20004402,2024-02-24,PLT102791,+34600001177,user1253@ex.com,STREET_2663,SHOP_741,ES761000003992,LOC_558,TP_920,0
20004411,2024-02-24,PLT107754,+34600002332,user1180@ex.com,STREET_520,SHOP_152,ES761000001513,LOC_422,TP_3218,0
20004400,2024-02-24,PLT102076,+34600000367,user3736@ex.com,STREET_2406,SHOP_132,ES761000000225,LOC_1072,TP_7592,1
20004399,2024-02-24,PLT107716,+34600000467,user3361@ex.com,STREET_2972,SHOP_218,ES761000003454,LOC_901,TP_2845,0
20004398,2024-02-24,PLT104718,+34600002509,user2286@ex.com,STREET_921,SHOP_747,ES761000001975,LOC_937,TP_2910,0
20004397,2024-02-24,PLT100163,+34600003551,user3595@ex.com,STREET_1027,SHOP_878,ES761000000265,LOC_146,TP_975,0
20004403,2024-02-24,PLT103822,+34600003032,user1564@ex.com,STREET_496,SHOP_141,ES761000000405,LOC_992,TP_7999,0
20004412,2024-02-24,PLT103108,+34600002910,user471@ex.com,STREET_1919,SHOP_251,ES761000000875,LOC_1083,TP_5544,0
20004396,2024-02-24,PLT100773,+34600000088,user1530@ex.com,STREET_1970,SHOP_932,ES761000003160,LOC_450,TP_6594,0
20004414,2024-02-24,PLT104123,+34600001848,user4268@ex.com,STREET_398,SHOP_886,ES761000001839,LOC_187,TP_6299,1
20004428,2024-02-24,PLT104782,+34600001030,user1504@ex.com,STREET_1728,SHOP_343,ES761000001867,LOC_443,TP_6637,0
20004429,2024-02-24,PLT101023,+34600000113,user2839@ex.com,STREET_1499,SHOP_346,ES761000002982,LOC_897,TP_132,0
20004426,2024-02-24,PLT103817,+34600001270,user2555@ex.com,STREET_205,SHOP_773,ES761000000330,LOC_1140,TP_4414,0
20004425,2024-02-24,PLT104585,+34600003298,user36@ex.com,STREET_1601,SHOP_419,ES761000003095,LOC_808,TP_1431,1
20004424,2024-02-24,PLT101144,+34600003446,user570@ex.com,STREET_1639,SHOP_124,ES761000003214,LOC_14,TP_5630,0
20004423,2024-02-24,PLT102023,+34600003150,user4815@ex.com,STREET_2995,SHOP_162,ES761000003144,LOC_934,TP_2211,0
20004413,2024-02-24,PLT106323,+34600002636,user3559@ex.com,STREET_2903,SHOP_90,ES761000000064,LOC_3,TP_1522,0
20004422,2024-02-24,PLT106449,+34600003363,user3032@ex.com,STREET_2479,SHOP_420,ES761000002671,LOC_487,TP_59,0
20004420,2024-02-24,PLT104717,+34600002292,user782@ex.com,STREET_2368,SHOP_185,ES761000001997,LOC_857,TP_327,1
20004419,2024-02-24,PLT104263,+34600003110,user526@ex.com,STREET_596,SHOP_493,ES761000003771,LOC_617,TP_4626,0
20004418,2024-02-24,PLT106359,+34600003740,user4577@ex.com,STREET_1554,SHOP_353,ES761000001051,LOC_493,TP_52,0
20004417,2024-02-24,PLT102076,+34600000257,user2175@ex.com,STREET_1884,SHOP_840,ES761000003206,LOC_686,TP_4885,0
20004416,2024-02-24,PLT107837,+34600002908,user421@ex.com,STREET_748,SHOP_258,ES761000001363,LOC_640,TP_6508,0
20004415,2024-02-24,PLT100661,+34600001089,user2121@ex.com,STREET_845,SHOP_278,ES761000000062,LOC_996,TP_4019,0
20004421,2024-02-24,PLT101275,+34600002904,user3792@ex.com,STREET_1889,SHOP_186,ES761000000253,LOC_917,TP_3970,0
20004395,2024-02-24,PLT100090,+34600003901,user4420@ex.com,STREET_1798,SHOP_445,ES761000001378,LOC_931,TP_1436,1
20004427,2024-02-24,PLT103906,+34600002501,user1196@ex.com,STREET_933,SHOP_723,ES761000003068,LOC_298,TP_5352,0
20004393,2024-02-24,PLT102128,+34600001968,user3886@ex.com,STREET_2364,SHOP_968,ES761000002682,LOC_75,TP_334,1
20004374,2024-02-24,PLT107032,+34600001255,user1568@ex.com,STREET_150,SHOP_558,ES761000000186,LOC_1161,TP_3422,0
20004373,2024-02-24,PLT100742,+34600003523,user1301@ex.com,STREET_1523,SHOP_78,ES761000002443,LOC_606,TP_1469,0
20004372,2024-02-24,PLT103199,+34600000125,user1259@ex.com,STREET_910,SHOP_339,ES761000003070,LOC_576,TP_40,0
20004371,2024-02-24,PLT102024,+34600002587,user2580@ex.com,STREET_1157,SHOP_574,ES761000003520,LOC_953,TP_7640,0
20004370,2024-02-24,PLT101584,+34600000577,user135@ex.com,STREET_76,SHOP_635,ES761000002796,LOC_507,TP_1466,0
20004369,2024-02-24,PLT106929,+34600000357,user1827@ex.com,STREET_754,SHOP_506,ES761000001413,LOC_755,TP_3265,0
20004375,2024-02-24,PLT100192,+34600000865,user1390@ex.com,STREET_2382,SHOP_776,ES761000000902,LOC_831,TP_127,0
20004368,2024-02-24,PLT100832,+34600000129,user2256@ex.com,STREET_1124,SHOP_157,ES761000001220,LOC_706,TP_2870,1
20004366,2024-02-24,PLT100529,+34600003114,user3371@ex.com,STREET_2995,SHOP_790,ES761000000867,LOC_125,TP_7664,1
20004365,2024-02-24,PLT105652,+34600002270,user3941@ex.com,STREET_1903,SHOP_575,ES761000001562,LOC_968,TP_868,0
20004364,2024-02-24,PLT103726,+34600002530,user2300@ex.com,STREET_1853,SHOP_393,ES761000002583,LOC_608,TP_5104,0
20004363,2024-02-24,PLT101938,+34600002402,user2408@ex.com,STREET_756,SHOP_38,ES761000003835,LOC_188,TP_3590,0
20004362,2024-02-24,PLT106185,+34600002410,user801@ex.com,STREET_270,SHOP_479,ES761000000544,LOC_661,TP_2278,0
20004394,2024-02-24,PLT102064,+34600000739,user463@ex.com,STREET_1782,SHOP_566,ES761000001821,LOC_119,TP_1749,0
20004367,2024-02-24,PLT104182,+34600001276,user4075@ex.com,STREET_481,SHOP_783,ES761000002317,LOC_80,TP_3603,0
20004376,2024-02-24,PLT107807,+34600002360,user2329@ex.com,STREET_1308,SHOP_544,ES761000003581,LOC_352,TP_7744,0
20004361,2024-02-24,PLT100400,+34600002461,user4545@ex.com,STREET_2718,SHOP_626,ES761000001366,LOC_769,TP_5225,0
20004378,2024-02-24,PLT102398,+34600002427,user4782@ex.com,STREET_1202,SHOP_823,ES761000000932,LOC_341,TP_2678,0
20004377,2024-02-24,PLT101984,+34600002810,user408@ex.com,STREET_329,SHOP_168,ES761000000278,LOC_385,TP_1179,0
20004391,2024-02-24,PLT107396,+34600002490,user3720@ex.com,STREET_1259,SHOP_73,ES761000003934,LOC_230,TP_60,0
20004390,2024-02-24,PLT103395,+34600002762,user1705@ex.com,STREET_763,SHOP_776,ES761000002893,LOC_168,TP_746,0
20004389,2024-02-24,PLT103766,+34600001469,user4225@ex.com,STREET_2501,SHOP_226,ES761000001939,LOC_368,TP_1771,0
20004388,2024-02-24,PLT102933,+34600002790,user308@ex.com,STREET_2574,SHOP_265,ES761000002309,LOC_303,TP_6316,0
20004387,2024-02-24,PLT103581,+34600002146,user4178@ex.com,STREET_24,SHOP_177,ES761000001530,LOC_486,TP_1698,0
20004386,2024-02-24,PLT102661,+34600003592,user3888@ex.com,STREET_884,SHOP_467,ES761000001671,LOC_411,TP_7288,0
20004392,2024-02-24,PLT106384,+34600000113,user3171@ex.com,STREET_2533,SHOP_334,ES761000003784,LOC_956,TP_5498,0
20004384,2024-02-24,PLT105065,+34600003442,user3033@ex.com,STREET_472,SHOP_655,ES761000002125,LOC_416,TP_2040,0
20004383,2024-02-24,PLT102933,+34600000271,user334@ex.com,STREET_1385,SHOP_947,ES761000002022,LOC_905,TP_543,0
20004382,2024-02-24,PLT103693,+34600000010,user4549@ex.com,STREET_166,SHOP_651,ES761000003486,LOC_817,TP_5368,0
20004381,2024-02-24,PLT100092,+34600003954,user1678@ex.com,STREET_154,SHOP_391,ES761000002032,LOC_89,TP_6244,1
20004380,2024-02-24,PLT104072,+34600003083,user4180@ex.com,STREET_1171,SHOP_656,ES761000000324,LOC_521,TP_3201,1
20004385,2024-02-24,PLT105550,+34600001928,user3935@ex.com,STREET_1512,SHOP_642,ES761000003165,LOC_1092,TP_3929,1
20004379,2024-02-24,PLT104007,+34600002345,user3432@ex.com,STREET_248,SHOP_27,ES761000003110,LOC_489,TP_4888,1
20004477,2024-02-25,PLT106446,+34600001202,user3727@ex.com,STREET_1429,SHOP_722,ES761000002888,LOC_1163,TP_5538,0
20004476,2024-02-25,PLT100167,+34600000356,user89@ex.com,STREET_2407,SHOP_506,ES761000002637,LOC_704,TP_1873,0
20004475,2024-02-25,PLT100767,+34600002441,user1898@ex.com,STREET_1947,SHOP_53,ES761000002447,LOC_621,TP_3550,0
20004474,2024-02-25,PLT107811,+34600003786,user978@ex.com,STREET_2599,SHOP_955,ES761000000261,LOC_240,TP_3982,0
20004473,2024-02-25,PLT105582,+34600003513,user4579@ex.com,STREET_1877,SHOP_230,ES761000003849,LOC_884,TP_7099,0
20004472,2024-02-25,PLT102323,+34600000312,user4756@ex.com,STREET_249,SHOP_42,ES761000003478,LOC_495,TP_3901,0
20004469,2024-02-25,PLT103365,+34600002379,user3887@ex.com,STREET_1902,SHOP_479,ES761000000413,LOC_1070,TP_5564,0
20004470,2024-02-25,PLT105885,+34600003214,user1324@ex.com,STREET_1008,SHOP_127,ES761000003467,LOC_278,TP_4918,0
20004468,2024-02-25,PLT107919,+34600003748,user1721@ex.com,STREET_1025,SHOP_517,ES761000000846,LOC_205,TP_6403,0
20004467,2024-02-25,PLT102826,+34600000601,user2653@ex.com,STREET_398,SHOP_379,ES761000001389,LOC_673,TP_3331,0
20004466,2024-02-25,PLT100092,+34600003830,user1757@ex.com,STREET_2848,SHOP_763,ES761000002884,LOC_133,TP_6435,0
20004478,2024-02-25,PLT102661,+34600000270,user3662@ex.com,STREET_1640,SHOP_24,ES761000002363,LOC_605,TP_6057,0
20004465,2024-02-25,PLT107603,+34600000464,user3523@ex.com,STREET_1202,SHOP_760,ES761000002861,LOC_832,TP_4647,0
20004471,2024-02-25,PLT105228,+34600000900,user1517@ex.com,STREET_1425,SHOP_778,ES761000001908,LOC_940,TP_6405,0
20004479,2024-02-25,PLT100684,+34600000879,user3933@ex.com,STREET_2077,SHOP_97,ES761000001584,LOC_111,TP_5555,0
20004487,2024-02-25,PLT106138,+34600002567,user1909@ex.com,STREET_1309,SHOP_858,ES761000000732,LOC_782,TP_543,0
20004481,2024-02-25,PLT101444,+34600000339,user2232@ex.com,STREET_973,SHOP_202,ES761000002631,LOC_34,TP_3217,0
20004482,2024-02-25,PLT106660,+34600001409,user2633@ex.com,STREET_1723,SHOP_714,ES761000001156,LOC_794,TP_566,0
20004483,2024-02-25,PLT105053,+34600001554,user4970@ex.com,STREET_1959,SHOP_287,ES761000002584,LOC_723,TP_7171,0
20004484,2024-02-25,PLT100665,+34600003202,user750@ex.com,STREET_681,SHOP_593,ES761000001076,LOC_808,TP_3212,0
20004485,2024-02-25,PLT101863,+34600001361,user3271@ex.com,STREET_2371,SHOP_767,ES761000001488,LOC_196,TP_5445,0
20004486,2024-02-25,PLT104113,+34600001537,user434@ex.com,STREET_533,SHOP_353,ES761000000020,LOC_1024,TP_1946,0
20004488,2024-02-25,PLT102476,+34600000248,user4468@ex.com,STREET_43,SHOP_58,ES761000002838,LOC_604,TP_1936,0
20004489,2024-02-25,PLT104500,+34600002802,user2231@ex.com,STREET_358,SHOP_957,ES761000003106,LOC_1077,TP_7846,0
20004490,2024-02-25,PLT107113,+34600000168,user1203@ex.com,STREET_1524,SHOP_340,ES761000001015,LOC_852,TP_5056,0
20004491,2024-02-25,PLT106487,+34600003785,user1624@ex.com,STREET_1851,SHOP_419,ES761000003077,LOC_740,TP_4630,0
20004492,2024-02-25,PLT105254,+34600003257,user2601@ex.com,STREET_2819,SHOP_784,ES761000001169,LOC_623,TP_5711,0
20004493,2024-02-25,PLT106793,+34600000031,user4572@ex.com,STREET_2950,SHOP_660,ES761000002700,LOC_1085,TP_138,0
20004494,2024-02-25,PLT101983,+34600003235,user1954@ex.com,STREET_2136,SHOP_384,ES761000001403,LOC_714,TP_63,0
20004464,2024-02-25,PLT100735,+34600001965,user3408@ex.com,STREET_330,SHOP_505,ES761000000122,LOC_55,TP_943,0
20004480,2024-02-25,PLT107618,+34600000981,user1797@ex.com,STREET_2445,SHOP_620,ES761000002354,LOC_97,TP_5804,0
20004463,2024-02-25,PLT106267,+34600001223,user1311@ex.com,STREET_1198,SHOP_620,ES761000001950,LOC_862,TP_7457,0
20004462,2024-02-25,PLT107418,+34600001019,user4011@ex.com,STREET_333,SHOP_935,ES761000002066,LOC_644,TP_2489,0
20004461,2024-02-25,PLT106007,+34600000428,user2778@ex.com,STREET_578,SHOP_185,ES761000001319,LOC_658,TP_784,0
20004430,2024-02-25,PLT107714,+34600000402,user2483@ex.com,STREET_2512,SHOP_898,ES761000002357,LOC_1017,TP_4783,0
20004431,2024-02-25,PLT107007,+34600002028,user4940@ex.com,STREET_1077,SHOP_977,ES761000001776,LOC_17,TP_1070,0
20004432,2024-02-25,PLT104373,+34600003558,user848@ex.com,STREET_1904,SHOP_373,ES761000000080,LOC_503,TP_6645,0
20004433,2024-02-25,PLT103917,+34600001305,user3249@ex.com,STREET_145,SHOP_751,ES761000001167,LOC_463,TP_6183,0
20004434,2024-02-25,PLT100793,+34600000185,user4211@ex.com,STREET_369,SHOP_794,ES761000001551,LOC_787,TP_1633,0
20004435,2024-02-25,PLT101924,+34600001681,user1366@ex.com,STREET_338,SHOP_14,ES761000002673,LOC_912,TP_1012,0
20004436,2024-02-25,PLT105812,+34600003334,user3916@ex.com,STREET_383,SHOP_72,ES761000001235,LOC_1017,TP_5704,0
20004437,2024-02-25,PLT107752,+34600000154,user4834@ex.com,STREET_902,SHOP_776,ES761000003100,LOC_796,TP_2145,0
20004439,2024-02-25,PLT101972,+34600003994,user2748@ex.com,STREET_804,SHOP_195,ES761000000878,LOC_1032,TP_7501,0
20004440,2024-02-25,PLT102477,+34600003892,user3963@ex.com,STREET_330,SHOP_953,ES761000002964,LOC_568,TP_7622,0
20004441,2024-02-25,PLT101023,+34600000452,user2383@ex.com,STREET_2985,SHOP_804,ES761000000133,LOC_385,TP_2708,0
20004442,2024-02-25,PLT104273,+34600000478,user3173@ex.com,STREET_1460,SHOP_684,ES761000003613,LOC_777,TP_7658,0
20004443,2024-02-25,PLT107752,+34600002733,user1304@ex.com,STREET_2545,SHOP_218,ES761000001915,LOC_12,TP_5724,0
20004444,2024-02-25,PLT107029,+34600001711,user168@ex.com,STREET_599,SHOP_964,ES761000003576,LOC_630,TP_6065,0
20004445,2024-02-25,PLT100506,+34600000472,user1934@ex.com,STREET_1031,SHOP_688,ES761000002388,LOC_759,TP_3065,0
20004438,2024-02-25,PLT103287,+34600000744,user3510@ex.com,STREET_929,SHOP_230,ES761000003307,LOC_933,TP_4067,0
20004447,2024-02-25,PLT103287,+34600001550,user4861@ex.com,STREET_2728,SHOP_948,ES761000002425,LOC_389,TP_3538,0
20004446,2024-02-25,PLT107826,+34600001554,user2876@ex.com,STREET_433,SHOP_393,ES761000001002,LOC_332,TP_7374,0
20004460,2024-02-25,PLT104430,+34600000855,user3069@ex.com,STREET_1113,SHOP_816,ES761000002197,LOC_670,TP_771,0
20004459,2024-02-25,PLT104763,+34600001837,user4186@ex.com,STREET_2794,SHOP_481,ES761000000709,LOC_667,TP_4687,0
20004458,2024-02-25,PLT105259,+34600003365,user3066@ex.com,STREET_2151,SHOP_124,ES761000002285,LOC_672,TP_1090,0
20004457,2024-02-25,PLT100092,+34600001119,user3534@ex.com,STREET_565,SHOP_620,ES761000002507,LOC_818,TP_3624,0
20004455,2024-02-25,PLT104475,+34600001133,user4523@ex.com,STREET_1170,SHOP_811,ES761000003071,LOC_386,TP_3584,0
20004454,2024-02-25,PLT101978,+34600000055,user1955@ex.com,STREET_2589,SHOP_126,ES761000001372,LOC_552,TP_1711,0
20004456,2024-02-25,PLT105550,+34600003783,user1756@ex.com,STREET_2037,SHOP_623,ES761000001728,LOC_489,TP_722,0
20004452,2024-02-25,PLT103962,+34600000302,user943@ex.com,STREET_1265,SHOP_555,ES761000002329,LOC_526,TP_6690,0
20004451,2024-02-25,PLT106220,+34600001527,user1687@ex.com,STREET_508,SHOP_887,ES761000000408,LOC_377,TP_1627,0
20004450,2024-02-25,PLT100322,+34600002994,user2748@ex.com,STREET_1941,SHOP_201,ES761000002674,LOC_230,TP_3646,0
20004449,2024-02-25,PLT106581,+34600003813,user1444@ex.com,STREET_1953,SHOP_777,ES761000001401,LOC_742,TP_1097,0
20004448,2024-02-25,PLT101144,+34600003556,user3256@ex.com,STREET_2994,SHOP_500,ES761000001223,LOC_105,TP_661,0
20004453,2024-02-25,PLT104615,+34600002815,user247@ex.com,STREET_1317,SHOP_77,ES761000000285,LOC_15,TP_7337,0
20004545,2024-02-26,PLT103350,+34600003122,user616@ex.com,STREET_2056,SHOP_811,ES761000000538,LOC_765,TP_3612,0
20004540,2024-02-26,PLT106397,+34600000427,user4305@ex.com,STREET_2399,SHOP_422,ES761000003433,LOC_401,TP_7703,1
20004544,2024-02-26,PLT107582,+34600001260,user4380@ex.com,STREET_484,SHOP_875,ES761000000282,LOC_764,TP_1857,1
20004543,2024-02-26,PLT103842,+34600003010,user590@ex.com,STREET_2341,SHOP_554,ES761000002740,LOC_937,TP_3734,0
20004542,2024-02-26,PLT102536,+34600000711,user2699@ex.com,STREET_1116,SHOP_320,ES761000003602,LOC_1087,TP_7720,0
20004541,2024-02-26,PLT104202,+34600002937,user3321@ex.com,STREET_2279,SHOP_543,ES761000002635,LOC_618,TP_4682,0
20004539,2024-02-26,PLT105389,+34600000516,user2590@ex.com,STREET_1261,SHOP_712,ES761000003881,LOC_1058,TP_3242,0
20004532,2024-02-26,PLT106478,+34600002008,user802@ex.com,STREET_163,SHOP_573,ES761000002502,LOC_397,TP_359,0
20004537,2024-02-26,PLT104281,+34600002436,user2985@ex.com,STREET_156,SHOP_216,ES761000002764,LOC_304,TP_6976,0
20004536,2024-02-26,PLT101168,+34600002146,user2100@ex.com,STREET_2477,SHOP_419,ES761000002780,LOC_448,TP_415,0
20004535,2024-02-26,PLT100828,+34600001761,user4870@ex.com,STREET_1461,SHOP_996,ES761000003990,LOC_621,TP_6247,0
20004534,2024-02-26,PLT107322,+34600001441,user4599@ex.com,STREET_1101,SHOP_209,ES761000001554,LOC_632,TP_7277,0
20004533,2024-02-26,PLT106267,+34600003915,user4923@ex.com,STREET_1868,SHOP_34,ES761000002178,LOC_1037,TP_1534,0
20004546,2024-02-26,PLT105142,+34600000074,user1135@ex.com,STREET_577,SHOP_455,ES761000000358,LOC_749,TP_4370,1
20004538,2024-02-26,PLT101926,+34600002805,user3105@ex.com,STREET_2644,SHOP_476,ES761000000765,LOC_628,TP_6691,0
20004547,2024-02-26,PLT107388,+34600003144,user3304@ex.com,STREET_2972,SHOP_194,ES761000000758,LOC_346,TP_5061,0
20004563,2024-02-26,PLT103444,+34600003169,user3031@ex.com,STREET_165,SHOP_596,ES761000003114,LOC_661,TP_7735,0
20004549,2024-02-26,PLT102071,+34600003929,user3931@ex.com,STREET_427,SHOP_545,ES761000001407,LOC_430,TP_6023,0
20004531,2024-02-26,PLT102979,+34600001411,user3041@ex.com,STREET_719,SHOP_132,ES761000003164,LOC_413,TP_7218,0
20004562,2024-02-26,PLT103781,+34600003463,user2398@ex.com,STREET_768,SHOP_503,ES761000001179,LOC_943,TP_3081,0
20004561,2024-02-26,PLT106928,+34600003533,user4688@ex.com,STREET_2739,SHOP_458,ES761000003243,LOC_423,TP_5741,0
20004560,2024-02-26,PLT103350,+34600001379,user3076@ex.com,STREET_822,SHOP_138,ES761000000451,LOC_660,TP_3444,0
20004559,2024-02-26,PLT106402,+34600001477,user33@ex.com,STREET_2278,SHOP_579,ES761000000315,LOC_1036,TP_943,0
20004558,2024-02-26,PLT107946,+34600002921,user4297@ex.com,STREET_1995,SHOP_932,ES761000000914,LOC_321,TP_1232,0
20004548,2024-02-26,PLT102372,+34600000527,user4151@ex.com,STREET_459,SHOP_242,ES761000003973,LOC_230,TP_4733,0
20004557,2024-02-26,PLT104289,+34600003034,user3100@ex.com,STREET_2423,SHOP_644,ES761000002798,LOC_134,TP_2077,0
20004555,2024-02-26,PLT101692,+34600002878,user2316@ex.com,STREET_2161,SHOP_890,ES761000002321,LOC_822,TP_1789,0
20004554,2024-02-26,PLT106509,+34600000176,user3578@ex.com,STREET_1327,SHOP_963,ES761000003985,LOC_1058,TP_2904,1
20004553,2024-02-26,PLT107247,+34600003820,user58@ex.com,STREET_142,SHOP_6,ES761000001890,LOC_897,TP_7236,0
20004552,2024-02-26,PLT101812,+34600001008,user4487@ex.com,STREET_1538,SHOP_964,ES761000001537,LOC_169,TP_7780,0
20004551,2024-02-26,PLT106736,+34600003852,user1082@ex.com,STREET_1538,SHOP_147,ES761000000698,LOC_639,TP_7130,0
20004550,2024-02-26,PLT100926,+34600002521,user2382@ex.com,STREET_394,SHOP_635,ES761000003902,LOC_433,TP_7092,0
20004556,2024-02-26,PLT106173,+34600001886,user1637@ex.com,STREET_2320,SHOP_829,ES761000000640,LOC_924,TP_527,1
20004530,2024-02-26,PLT106221,+34600000002,user3139@ex.com,STREET_1123,SHOP_287,ES761000002111,LOC_202,TP_4976,0
20004499,2024-02-26,PLT107085,+34600003378,user4640@ex.com,STREET_2549,SHOP_455,ES761000001863,LOC_592,TP_7057,0
20004528,2024-02-26,PLT106847,+34600001090,user525@ex.com,STREET_1462,SHOP_828,ES761000001293,LOC_730,TP_6712,0
20004509,2024-02-26,PLT105503,+34600001996,user3949@ex.com,STREET_290,SHOP_660,ES761000002016,LOC_896,TP_997,0
20004508,2024-02-26,PLT102914,+34600001994,user3962@ex.com,STREET_2388,SHOP_422,ES761000003438,LOC_840,TP_2619,0
20004507,2024-02-26,PLT103256,+34600002099,user269@ex.com,STREET_16,SHOP_422,ES761000000384,LOC_192,TP_659,0
20004506,2024-02-26,PLT107714,+34600003709,user4558@ex.com,STREET_1607,SHOP_91,ES761000000685,LOC_892,TP_4387,0
20004505,2024-02-26,PLT106629,+34600000513,user4132@ex.com,STREET_2986,SHOP_117,ES761000000515,LOC_675,TP_6573,0
20004504,2024-02-26,PLT103763,+34600003852,user3751@ex.com,STREET_1879,SHOP_464,ES761000002929,LOC_1012,TP_4101,0
20004510,2024-02-26,PLT103117,+34600000305,user1233@ex.com,STREET_1212,SHOP_887,ES761000002179,LOC_639,TP_5652,0
20004503,2024-02-26,PLT100996,+34600000717,user3507@ex.com,STREET_1021,SHOP_761,ES761000003506,LOC_759,TP_2533,0
20004500,2024-02-26,PLT106961,+34600000336,user1585@ex.com,STREET_2773,SHOP_122,ES761000001761,LOC_550,TP_2047,0
20004498,2024-02-26,PLT102818,+34600001470,user1863@ex.com,STREET_1450,SHOP_184,ES761000000038,LOC_972,TP_2651,1
20004497,2024-02-26,PLT100062,+34600002387,user2238@ex.com,STREET_1565,SHOP_671,ES761000000421,LOC_694,TP_4787,0
20004496,2024-02-26,PLT100785,+34600003318,user3567@ex.com,STREET_242,SHOP_461,ES761000000352,LOC_1014,TP_2702,0
20004495,2024-02-26,PLT106173,+34600001428,user3319@ex.com,STREET_2907,SHOP_787,ES761000001471,LOC_135,TP_2762,0
20004529,2024-02-26,PLT107618,+34600000010,user1823@ex.com,STREET_2646,SHOP_299,ES761000001724,LOC_762,TP_890,0
20004501,2024-02-26,PLT104287,+34600001772,user2203@ex.com,STREET_822,SHOP_705,ES761000001822,LOC_1129,TP_7542,0
20004511,2024-02-26,PLT106446,+34600003838,user1483@ex.com,STREET_2652,SHOP_988,ES761000002088,LOC_868,TP_2737,0
20004502,2024-02-26,PLT102914,+34600001105,user1886@ex.com,STREET_1591,SHOP_200,ES761000001602,LOC_579,TP_1800,0
20004513,2024-02-26,PLT102023,+34600000383,user1020@ex.com,STREET_1746,SHOP_867,ES761000003462,LOC_382,TP_4338,0
20004526,2024-02-26,PLT101023,+34600000021,user368@ex.com,STREET_2603,SHOP_663,ES761000003862,LOC_581,TP_6424,0
20004525,2024-02-26,PLT105284,+34600001799,user1949@ex.com,STREET_295,SHOP_953,ES761000003556,LOC_315,TP_1099,0
20004524,2024-02-26,PLT106299,+34600003690,user4484@ex.com,STREET_2207,SHOP_421,ES761000003713,LOC_722,TP_152,0
20004523,2024-02-26,PLT102826,+34600002492,user2779@ex.com,STREET_1599,SHOP_155,ES761000003876,LOC_146,TP_4170,0
20004522,2024-02-26,PLT101972,+34600003067,user2553@ex.com,STREET_1634,SHOP_168,ES761000001024,LOC_1109,TP_3150,0
20004512,2024-02-26,PLT104305,+34600000152,user366@ex.com,STREET_527,SHOP_445,ES761000002098,LOC_512,TP_4932,0
20004521,2024-02-26,PLT102675,+34600000862,user3183@ex.com,STREET_1316,SHOP_220,ES761000003106,LOC_39,TP_7176,0
20004519,2024-02-26,PLT106128,+34600000720,user1177@ex.com,STREET_690,SHOP_979,ES761000002086,LOC_201,TP_5326,0
20004518,2024-02-26,PLT103620,+34600001399,user1832@ex.com,STREET_1586,SHOP_505,ES761000003585,LOC_1102,TP_250,0
20004517,2024-02-26,PLT106587,+34600000671,user140@ex.com,STREET_2629,SHOP_870,ES761000002567,LOC_818,TP_4371,0
20004516,2024-02-26,PLT103563,+34600000028,user3235@ex.com,STREET_782,SHOP_279,ES761000000593,LOC_1156,TP_2706,0
20004515,2024-02-26,PLT106093,+34600001712,user2503@ex.com,STREET_1692,SHOP_720,ES761000000851,LOC_158,TP_6330,0
20004514,2024-02-26,PLT106372,+34600001802,user4830@ex.com,STREET_2716,SHOP_265,ES761000002200,LOC_465,TP_1152,0
20004520,2024-02-26,PLT106710,+34600002987,user609@ex.com,STREET_552,SHOP_886,ES761000001787,LOC_498,TP_4492,0
20004527,2024-02-26,PLT107737,+34600003310,user4392@ex.com,STREET_2670,SHOP_807,ES761000001873,LOC_982,TP_1915,0
20004618,2024-02-27,PLT100886,+34600000930,user174@ex.com,STREET_410,SHOP_181,ES761000002509,LOC_1055,TP_2534,0
20004619,2024-02-27,PLT106734,+34600003324,user386@ex.com,STREET_1575,SHOP_273,ES761000002037,LOC_57,TP_6408,0
20004620,2024-02-27,PLT101543,+34600002025,user32@ex.com,STREET_1959,SHOP_184,ES761000000688,LOC_721,TP_1806,0
20004622,2024-02-27,PLT104021,+34600001711,user685@ex.com,STREET_1057,SHOP_432,ES761000001140,LOC_571,TP_6571,0
20004617,2024-02-27,PLT107807,+34600001077,user778@ex.com,STREET_2897,SHOP_220,ES761000001328,LOC_830,TP_68,0
20004623,2024-02-27,PLT103906,+34600000542,user1139@ex.com,STREET_103,SHOP_844,ES761000003545,LOC_132,TP_6252,0
20004621,2024-02-27,PLT105495,+34600003262,user4640@ex.com,STREET_44,SHOP_450,ES761000000464,LOC_202,TP_5101,0
20004616,2024-02-27,PLT102018,+34600000216,user617@ex.com,STREET_2067,SHOP_654,ES761000000645,LOC_351,TP_4096,0
20004609,2024-02-27,PLT107714,+34600001191,user1302@ex.com,STREET_729,SHOP_85,ES761000003118,LOC_607,TP_6353,0
20004614,2024-02-27,PLT102166,+34600003697,user248@ex.com,STREET_2316,SHOP_480,ES761000001912,LOC_471,TP_3493,0
20004613,2024-02-27,PLT107837,+34600001800,user2979@ex.com,STREET_2858,SHOP_799,ES761000001700,LOC_648,TP_5808,0
20004612,2024-02-27,PLT101069,+34600003355,user273@ex.com,STREET_1854,SHOP_117,ES761000003238,LOC_366,TP_1370,0
20004611,2024-02-27,PLT105575,+34600003772,user1510@ex.com,STREET_2546,SHOP_403,ES761000001969,LOC_761,TP_691,0
20004610,2024-02-27,PLT105964,+34600002608,user3452@ex.com,STREET_1962,SHOP_445,ES761000002119,LOC_96,TP_5766,0
20004608,2024-02-27,PLT103656,+34600000568,user1768@ex.com,STREET_1938,SHOP_489,ES761000000755,LOC_252,TP_7039,0
20004607,2024-02-27,PLT106847,+34600000717,user1585@ex.com,STREET_2519,SHOP_634,ES761000003558,LOC_155,TP_6217,0
20004624,2024-02-27,PLT106173,+34600000876,user2100@ex.com,STREET_56,SHOP_584,ES761000000364,LOC_767,TP_4412,0
20004615,2024-02-27,PLT103737,+34600000098,user3544@ex.com,STREET_1404,SHOP_133,ES761000001641,LOC_1127,TP_6644,1
20004625,2024-02-27,PLT103799,+34600001924,user1419@ex.com,STREET_121,SHOP_687,ES761000002111,LOC_254,TP_5799,0
20004641,2024-02-27,PLT106016,+34600002104,user1541@ex.com,STREET_419,SHOP_771,ES761000003144,LOC_925,TP_6249,0
20004627,2024-02-27,PLT107752,+34600000206,user4952@ex.com,STREET_2797,SHOP_358,ES761000000671,LOC_1165,TP_240,0
20004606,2024-02-27,PLT104257,+34600000425,user4891@ex.com,STREET_352,SHOP_129,ES761000002620,LOC_300,TP_2569,0
20004643,2024-02-27,PLT105008,+34600000408,user2759@ex.com,STREET_2981,SHOP_809,ES761000001033,LOC_806,TP_1493,0
20004642,2024-02-27,PLT107139,+34600003405,user4664@ex.com,STREET_2789,SHOP_255,ES761000002101,LOC_42,TP_578,0
20004640,2024-02-27,PLT103404,+34600003374,user1037@ex.com,STREET_400,SHOP_689,ES761000003069,LOC_307,TP_5126,0
20004639,2024-02-27,PLT101681,+34600002971,user4134@ex.com,STREET_1578,SHOP_277,ES761000000268,LOC_132,TP_577,0
20004638,2024-02-27,PLT107056,+34600002944,user4135@ex.com,STREET_1386,SHOP_951,ES761000002665,LOC_621,TP_264,0
20004637,2024-02-27,PLT104201,+34600003265,user3536@ex.com,STREET_1145,SHOP_474,ES761000002236,LOC_867,TP_2371,0
20004644,2024-02-27,PLT103287,+34600003005,user1612@ex.com,STREET_2377,SHOP_64,ES761000000557,LOC_356,TP_5808,0
20004636,2024-02-27,PLT100435,+34600002332,user1680@ex.com,STREET_90,SHOP_384,ES761000000662,LOC_1161,TP_549,0
20004635,2024-02-27,PLT105499,+34600000856,user2003@ex.com,STREET_812,SHOP_997,ES761000002627,LOC_652,TP_1893,0
20004634,2024-02-27,PLT103407,+34600001193,user2477@ex.com,STREET_602,SHOP_322,ES761000001232,LOC_1173,TP_4625,1
20004633,2024-02-27,PLT107707,+34600000299,user3455@ex.com,STREET_950,SHOP_423,ES761000000188,LOC_847,TP_191,1
20004632,2024-02-27,PLT107071,+34600001043,user2276@ex.com,STREET_2221,SHOP_12,ES761000000583,LOC_727,TP_4378,0
20004631,2024-02-27,PLT102071,+34600000591,user4954@ex.com,STREET_1720,SHOP_886,ES761000002217,LOC_784,TP_4041,1
20004630,2024-02-27,PLT102431,+34600002317,user4682@ex.com,STREET_928,SHOP_786,ES761000001455,LOC_706,TP_399,0
20004629,2024-02-27,PLT100773,+34600001604,user532@ex.com,STREET_1429,SHOP_83,ES761000000137,LOC_963,TP_7351,0
20004628,2024-02-27,PLT102935,+34600002126,user3354@ex.com,STREET_1479,SHOP_568,ES761000003861,LOC_698,TP_1014,0
20004626,2024-02-27,PLT106101,+34600000245,user1825@ex.com,STREET_2513,SHOP_188,ES761000002588,LOC_690,TP_1774,0
20004605,2024-02-27,PLT103365,+34600003524,user1413@ex.com,STREET_2398,SHOP_155,ES761000002695,LOC_403,TP_127,1
20004571,2024-02-27,PLT103128,+34600000362,user2342@ex.com,STREET_2555,SHOP_157,ES761000003073,LOC_1142,TP_7966,0
20004603,2024-02-27,PLT101220,+34600002477,user2774@ex.com,STREET_1539,SHOP_830,ES761000002296,LOC_1152,TP_5081,1
20004581,2024-02-27,PLT101568,+34600002832,user193@ex.com,STREET_42,SHOP_135,ES761000002382,LOC_516,TP_545,0
20004580,2024-02-27,PLT107157,+34600002704,user2690@ex.com,STREET_721,SHOP_132,ES761000003428,LOC_576,TP_7632,0
20004579,2024-02-27,PLT104484,+34600000528,user4810@ex.com,STREET_1169,SHOP_101,ES761000003395,LOC_971,TP_7968,0
20004578,2024-02-27,PLT105920,+34600003149,user4531@ex.com,STREET_543,SHOP_897,ES761000000754,LOC_1088,TP_3506,0
20004577,2024-02-27,PLT102542,+34600001336,user3175@ex.com,STREET_2533,SHOP_527,ES761000000462,LOC_467,TP_1465,0
20004576,2024-02-27,PLT102492,+34600002458,user662@ex.com,STREET_2422,SHOP_776,ES761000003795,LOC_353,TP_4404,0
20004575,2024-02-27,PLT103817,+34600003992,user4409@ex.com,STREET_692,SHOP_293,ES761000003789,LOC_915,TP_469,0
20004574,2024-02-27,PLT106372,+34600003074,user3143@ex.com,STREET_1433,SHOP_399,ES761000002217,LOC_339,TP_3309,0
20004572,2024-02-27,PLT104184,+34600001581,user3389@ex.com,STREET_2080,SHOP_88,ES761000003889,LOC_436,TP_293,0
20004570,2024-02-27,PLT104089,+34600002024,user678@ex.com,STREET_2474,SHOP_412,ES761000000864,LOC_239,TP_7792,0
20004569,2024-02-27,PLT104877,+34600003551,user1164@ex.com,STREET_2976,SHOP_763,ES761000002338,LOC_196,TP_864,0
20004568,2024-02-27,PLT104007,+34600002815,user2412@ex.com,STREET_1968,SHOP_207,ES761000003067,LOC_1183,TP_4751,0
20004567,2024-02-27,PLT102023,+34600003806,user3015@ex.com,STREET_573,SHOP_638,ES761000000090,LOC_163,TP_1669,0
20004566,2024-02-27,PLT102350,+34600001503,user2094@ex.com,STREET_50,SHOP_151,ES761000002732,LOC_215,TP_2280,0
20004565,2024-02-27,PLT107184,+34600001824,user3790@ex.com,STREET_2438,SHOP_776,ES761000001079,LOC_1185,TP_3411,0
20004564,2024-02-27,PLT101568,+34600003905,user2495@ex.com,STREET_1559,SHOP_85,ES761000001702,LOC_1123,TP_2640,0
20004604,2024-02-27,PLT103693,+34600000793,user3238@ex.com,STREET_2714,SHOP_260,ES761000003430,LOC_392,TP_1518,0
20004582,2024-02-27,PLT107497,+34600001777,user1571@ex.com,STREET_1493,SHOP_893,ES761000000443,LOC_155,TP_7105,0
20004583,2024-02-27,PLT107716,+34600002807,user1411@ex.com,STREET_2963,SHOP_365,ES761000002713,LOC_175,TP_2553,0
20004573,2024-02-27,PLT100906,+34600000643,user1973@ex.com,STREET_2805,SHOP_538,ES761000001681,LOC_193,TP_7695,0
20004585,2024-02-27,PLT104987,+34600000591,user3570@ex.com,STREET_1022,SHOP_987,ES761000001452,LOC_177,TP_4585,0
20004602,2024-02-27,PLT101984,+34600001787,user2976@ex.com,STREET_104,SHOP_948,ES761000001766,LOC_584,TP_5709,0
20004584,2024-02-27,PLT106014,+34600002159,user4440@ex.com,STREET_1279,SHOP_155,ES761000003672,LOC_497,TP_2070,1
20004601,2024-02-27,PLT104021,+34600000299,user291@ex.com,STREET_2007,SHOP_259,ES761000003918,LOC_1152,TP_3581,0
20004600,2024-02-27,PLT103477,+34600002983,user438@ex.com,STREET_2215,SHOP_77,ES761000003249,LOC_670,TP_1303,0
20004599,2024-02-27,PLT100235,+34600002512,user3715@ex.com,STREET_2394,SHOP_455,ES761000003212,LOC_840,TP_7821,1
20004598,2024-02-27,PLT105072,+34600000754,user749@ex.com,STREET_865,SHOP_287,ES761000002879,LOC_1150,TP_5664,0
20004596,2024-02-27,PLT101169,+34600000706,user1951@ex.com,STREET_2214,SHOP_730,ES761000000799,LOC_567,TP_820,0
20004595,2024-02-27,PLT101980,+34600003789,user3195@ex.com,STREET_521,SHOP_830,ES761000002911,LOC_929,TP_6202,1
20004594,2024-02-27,PLT100555,+34600000544,user4796@ex.com,STREET_2692,SHOP_911,ES761000003339,LOC_424,TP_5363,0
20004597,2024-02-27,PLT106185,+34600000982,user3163@ex.com,STREET_132,SHOP_510,ES761000003751,LOC_156,TP_5672,0
20004593,2024-02-27,PLT106173,+34600003356,user575@ex.com,STREET_2176,SHOP_254,ES761000003478,LOC_203,TP_1582,0
20004586,2024-02-27,PLT102577,+34600001044,user2634@ex.com,STREET_1940,SHOP_797,ES761000003263,LOC_576,TP_1191,0
20004588,2024-02-27,PLT104289,+34600002259,user2472@ex.com,STREET_1739,SHOP_477,ES761000000637,LOC_385,TP_4812,0
20004589,2024-02-27,PLT101707,+34600001285,user4111@ex.com,STREET_2333,SHOP_581,ES761000001802,LOC_715,TP_4741,0
20004587,2024-02-27,PLT107139,+34600002302,user1384@ex.com,STREET_2740,SHOP_184,ES761000003630,LOC_853,TP_7137,0
20004591,2024-02-27,PLT101405,+34600003599,user3371@ex.com,STREET_2650,SHOP_601,ES761000003920,LOC_858,TP_3210,0
20004592,2024-02-27,PLT107819,+34600002801,user4378@ex.com,STREET_415,SHOP_179,ES761000002133,LOC_1160,TP_6126,0
20004590,2024-02-27,PLT104066,+34600002318,user811@ex.com,STREET_2030,SHOP_694,ES761000001339,LOC_909,TP_7125,0
20004676,2024-02-28,PLT102018,+34600003310,user2011@ex.com,STREET_1653,SHOP_426,ES761000003848,LOC_1105,TP_3428,0
20004669,2024-02-28,PLT100786,+34600000371,user2007@ex.com,STREET_1192,SHOP_471,ES761000002469,LOC_718,TP_3918,0
20004668,2024-02-28,PLT103906,+34600002127,user3332@ex.com,STREET_607,SHOP_307,ES761000001675,LOC_91,TP_5220,0
20004670,2024-02-28,PLT100529,+34600001049,user4161@ex.com,STREET_563,SHOP_73,ES761000002258,LOC_586,TP_7313,0
20004671,2024-02-28,PLT100068,+34600003592,user2132@ex.com,STREET_2602,SHOP_352,ES761000002813,LOC_582,TP_6245,0
20004672,2024-02-28,PLT107557,+34600000339,user4828@ex.com,STREET_1960,SHOP_117,ES761000003900,LOC_345,TP_5261,0
20004673,2024-02-28,PLT101895,+34600003082,user1234@ex.com,STREET_1664,SHOP_578,ES761000002931,LOC_790,TP_3891,0
20004674,2024-02-28,PLT103417,+34600003159,user813@ex.com,STREET_712,SHOP_373,ES761000000630,LOC_947,TP_4112,1
20004677,2024-02-28,PLT100068,+34600003996,user2990@ex.com,STREET_2688,SHOP_613,ES761000000929,LOC_868,TP_7073,0
20004686,2024-02-28,PLT106928,+34600003248,user2811@ex.com,STREET_1782,SHOP_717,ES761000001431,LOC_1135,TP_4434,0
20004679,2024-02-28,PLT104100,+34600000074,user4903@ex.com,STREET_1411,SHOP_671,ES761000000493,LOC_761,TP_2463,1
20004680,2024-02-28,PLT105826,+34600002962,user3202@ex.com,STREET_598,SHOP_720,ES761000002197,LOC_903,TP_1864,0
20004681,2024-02-28,PLT105799,+34600003260,user95@ex.com,STREET_1918,SHOP_423,ES761000001100,LOC_423,TP_990,0
20004682,2024-02-28,PLT100004,+34600000549,user3699@ex.com,STREET_2866,SHOP_409,ES761000002925,LOC_145,TP_5896,0
20004683,2024-02-28,PLT101847,+34600003740,user445@ex.com,STREET_1320,SHOP_947,ES761000003051,LOC_1183,TP_6952,0
20004684,2024-02-28,PLT102917,+34600002217,user430@ex.com,STREET_1863,SHOP_710,ES761000002708,LOC_984,TP_2043,0
20004685,2024-02-28,PLT102711,+34600001985,user1875@ex.com,STREET_620,SHOP_759,ES761000003202,LOC_309,TP_7391,0
20004687,2024-02-28,PLT107603,+34600000086,user348@ex.com,STREET_2750,SHOP_722,ES761000002413,LOC_421,TP_3612,1
20004667,2024-02-28,PLT107051,+34600001007,user1152@ex.com,STREET_1618,SHOP_611,ES761000002017,LOC_155,TP_79,0
20004678,2024-02-28,PLT104018,+34600001909,user3292@ex.com,STREET_861,SHOP_670,ES761000001893,LOC_983,TP_6172,0
20004666,2024-02-28,PLT100248,+34600003632,user917@ex.com,STREET_1475,SHOP_0,ES761000003303,LOC_911,TP_3089,0
20004675,2024-02-28,PLT103879,+34600000108,user2694@ex.com,STREET_620,SHOP_153,ES761000002809,LOC_853,TP_5666,0
20004664,2024-02-28,PLT104987,+34600001970,user1001@ex.com,STREET_1356,SHOP_587,ES761000001045,LOC_1182,TP_2437,0
20004665,2024-02-28,PLT104868,+34600000276,user24@ex.com,STREET_988,SHOP_274,ES761000000213,LOC_642,TP_6009,0
20004645,2024-02-28,PLT104475,+34600000259,user1896@ex.com,STREET_1807,SHOP_702,ES761000003775,LOC_122,TP_5326,0
20004646,2024-02-28,PLT107180,+34600001789,user517@ex.com,STREET_2536,SHOP_896,ES761000001017,LOC_724,TP_1918,0
20004647,2024-02-28,PLT103547,+34600000309,user480@ex.com,STREET_1925,SHOP_720,ES761000003142,LOC_519,TP_892,0
20004649,2024-02-28,PLT103693,+34600003290,user678@ex.com,STREET_1790,SHOP_654,ES761000002710,LOC_188,TP_6330,0
20004650,2024-02-28,PLT105057,+34600000659,user3689@ex.com,STREET_596,SHOP_733,ES761000002592,LOC_418,TP_3791,0
20004651,2024-02-28,PLT105032,+34600002569,user3382@ex.com,STREET_2720,SHOP_951,ES761000001532,LOC_842,TP_4885,1
20004652,2024-02-28,PLT101713,+34600001090,user2947@ex.com,STREET_2912,SHOP_819,ES761000000907,LOC_948,TP_638,1
20004653,2024-02-28,PLT100146,+34600003554,user3690@ex.com,STREET_2351,SHOP_105,ES761000001150,LOC_163,TP_4500,0
20004648,2024-02-28,PLT101435,+34600001004,user4504@ex.com,STREET_2072,SHOP_751,ES761000001825,LOC_1069,TP_2827,0
20004655,2024-02-28,PLT101446,+34600003629,user704@ex.com,STREET_1511,SHOP_550,ES761000000296,LOC_1043,TP_4714,0
20004656,2024-02-28,PLT105795,+34600003347,user991@ex.com,STREET_2488,SHOP_817,ES761000002441,LOC_776,TP_5705,0
20004657,2024-02-28,PLT101642,+34600001395,user2962@ex.com,STREET_2130,SHOP_636,ES761000002305,LOC_574,TP_1236,0
20004658,2024-02-28,PLT104798,+34600001136,user3026@ex.com,STREET_244,SHOP_166,ES761000001565,LOC_842,TP_5674,0
20004659,2024-02-28,PLT101446,+34600001643,user686@ex.com,STREET_2712,SHOP_120,ES761000001929,LOC_674,TP_4019,0
20004660,2024-02-28,PLT102567,+34600000050,user3218@ex.com,STREET_1533,SHOP_714,ES761000000232,LOC_405,TP_1080,0
20004661,2024-02-28,PLT102502,+34600002329,user1148@ex.com,STREET_1030,SHOP_841,ES761000000732,LOC_412,TP_6356,0
20004662,2024-02-28,PLT102292,+34600001973,user3341@ex.com,STREET_2608,SHOP_341,ES761000001647,LOC_165,TP_3750,0
20004654,2024-02-28,PLT104755,+34600001046,user2489@ex.com,STREET_2959,SHOP_636,ES761000003376,LOC_248,TP_471,0
20004663,2024-02-28,PLT107413,+34600001483,user4920@ex.com,STREET_2341,SHOP_85,ES761000003568,LOC_367,TP_4495,0
20004728,2024-02-29,PLT107965,+34600000130,user42@ex.com,STREET_2733,SHOP_876,ES761000003518,LOC_1093,TP_5292,0
20004727,2024-02-29,PLT102818,+34600001751,user3276@ex.com,STREET_2318,SHOP_963,ES761000000481,LOC_351,TP_711,0
20004726,2024-02-29,PLT105641,+34600003994,user986@ex.com,STREET_1733,SHOP_722,ES761000002618,LOC_429,TP_7993,1
20004725,2024-02-29,PLT107162,+34600000481,user1776@ex.com,STREET_227,SHOP_695,ES761000000050,LOC_533,TP_5149,0
20004720,2024-02-29,PLT107899,+34600002943,user101@ex.com,STREET_2191,SHOP_65,ES761000001249,LOC_140,TP_2617,0
20004723,2024-02-29,PLT101574,+34600000289,user4505@ex.com,STREET_1190,SHOP_897,ES761000001798,LOC_1016,TP_5861,0
20004722,2024-02-29,PLT104322,+34600000726,user3954@ex.com,STREET_2656,SHOP_126,ES761000001307,LOC_629,TP_4292,0
20004721,2024-02-29,PLT100277,+34600002225,user3808@ex.com,STREET_2932,SHOP_714,ES761000003304,LOC_1107,TP_7220,0
20004719,2024-02-29,PLT105250,+34600003172,user3967@ex.com,STREET_2383,SHOP_90,ES761000003447,LOC_766,TP_2701,0
20004729,2024-02-29,PLT106937,+34600003302,user572@ex.com,STREET_2058,SHOP_474,ES761000003686,LOC_100,TP_235,0
20004724,2024-02-29,PLT105851,+34600002522,user2682@ex.com,STREET_1304,SHOP_823,ES761000002550,LOC_1062,TP_4229,0
20004730,2024-02-29,PLT103447,+34600000336,user829@ex.com,STREET_2276,SHOP_200,ES761000001727,LOC_477,TP_2049,0
20004740,2024-02-29,PLT101554,+34600001641,user130@ex.com,STREET_1189,SHOP_776,ES761000003017,LOC_940,TP_4073,1
20004732,2024-02-29,PLT107242,+34600003367,user3346@ex.com,STREET_2405,SHOP_74,ES761000000226,LOC_977,TP_1714,0
20004733,2024-02-29,PLT104289,+34600003874,user3411@ex.com,STREET_757,SHOP_397,ES761000001447,LOC_846,TP_1695,0
20004734,2024-02-29,PLT103395,+34600002234,user844@ex.com,STREET_775,SHOP_378,ES761000001394,LOC_1096,TP_2867,0
20004735,2024-02-29,PLT107413,+34600003494,user569@ex.com,STREET_264,SHOP_385,ES761000001182,LOC_949,TP_6087,0
20004736,2024-02-29,PLT103795,+34600000769,user3111@ex.com,STREET_2871,SHOP_373,ES761000002727,LOC_917,TP_3832,0
20004737,2024-02-29,PLT104638,+34600000121,user1832@ex.com,STREET_526,SHOP_396,ES761000001931,LOC_1148,TP_2857,0
20004738,2024-02-29,PLT104908,+34600002681,user358@ex.com,STREET_1120,SHOP_691,ES761000003496,LOC_305,TP_7653,0
20004739,2024-02-29,PLT106789,+34600001938,user3794@ex.com,STREET_2822,SHOP_139,ES761000000240,LOC_842,TP_6962,0
20004718,2024-02-29,PLT107194,+34600002160,user4884@ex.com,STREET_807,SHOP_938,ES761000001050,LOC_1109,TP_4662,0
20004741,2024-02-29,PLT101416,+34600001336,user4163@ex.com,STREET_1109,SHOP_850,ES761000003196,LOC_212,TP_6419,1
20004742,2024-02-29,PLT104987,+34600000056,user4666@ex.com,STREET_1575,SHOP_620,ES761000001759,LOC_720,TP_1095,0
20004743,2024-02-29,PLT101067,+34600000474,user2735@ex.com,STREET_1842,SHOP_955,ES761000000934,LOC_602,TP_7217,0
20004744,2024-02-29,PLT107227,+34600001034,user2764@ex.com,STREET_863,SHOP_624,ES761000001074,LOC_979,TP_5941,0
20004731,2024-02-29,PLT101446,+34600002635,user1825@ex.com,STREET_395,SHOP_765,ES761000003682,LOC_483,TP_5977,0
20004717,2024-02-29,PLT102600,+34600002008,user9@ex.com,STREET_2592,SHOP_612,ES761000001341,LOC_355,TP_6237,0
20004706,2024-02-29,PLT106882,+34600002581,user4119@ex.com,STREET_1793,SHOP_567,ES761000002616,LOC_290,TP_854,0
20004715,2024-02-29,PLT103759,+34600001681,user4060@ex.com,STREET_1889,SHOP_256,ES761000002446,LOC_667,TP_904,0
20004745,2024-02-29,PLT102018,+34600003455,user1519@ex.com,STREET_801,SHOP_234,ES761000002688,LOC_235,TP_904,0
20004688,2024-02-29,PLT101781,+34600003142,user4117@ex.com,STREET_2598,SHOP_593,ES761000000409,LOC_786,TP_5504,0
20004689,2024-02-29,PLT107217,+34600003415,user4130@ex.com,STREET_2374,SHOP_812,ES761000000871,LOC_769,TP_4066,0
20004690,2024-02-29,PLT103879,+34600000967,user216@ex.com,STREET_1845,SHOP_422,ES761000000961,LOC_131,TP_3955,1
20004691,2024-02-29,PLT100470,+34600001977,user4946@ex.com,STREET_975,SHOP_986,ES761000003701,LOC_1008,TP_5383,0
20004692,2024-02-29,PLT106096,+34600002492,user4907@ex.com,STREET_1783,SHOP_287,ES761000000683,LOC_246,TP_2192,0
20004693,2024-02-29,PLT103693,+34600002868,user2975@ex.com,STREET_1407,SHOP_853,ES761000002424,LOC_445,TP_2351,0
20004694,2024-02-29,PLT107217,+34600000639,user241@ex.com,STREET_256,SHOP_542,ES761000001642,LOC_290,TP_7680,0
20004695,2024-02-29,PLT101220,+34600002751,user1734@ex.com,STREET_882,SHOP_77,ES761000003934,LOC_1120,TP_2849,0
20004696,2024-02-29,PLT100435,+34600001437,user1080@ex.com,STREET_1218,SHOP_705,ES761000003508,LOC_838,TP_874,0
20004697,2024-02-29,PLT105284,+34600003481,user4659@ex.com,STREET_1816,SHOP_80,ES761000001260,LOC_173,TP_3319,1
20004698,2024-02-29,PLT100555,+34600003853,user3656@ex.com,STREET_882,SHOP_470,ES761000002776,LOC_157,TP_1532,0
20004699,2024-02-29,PLT102310,+34600001045,user0@ex.com,STREET_1088,SHOP_621,ES761000003533,LOC_998,TP_2093,0
20004700,2024-02-29,PLT100280,+34600002139,user4517@ex.com,STREET_2174,SHOP_322,ES761000003784,LOC_431,TP_886,0
20004701,2024-02-29,PLT105859,+34600002661,user2366@ex.com,STREET_250,SHOP_73,ES761000002616,LOC_825,TP_1436,1
20004702,2024-02-29,PLT106710,+34600000942,user1981@ex.com,STREET_204,SHOP_483,ES761000002565,LOC_567,TP_2517,0
20004703,2024-02-29,PLT103180,+34600000828,user3143@ex.com,STREET_2795,SHOP_615,ES761000002367,LOC_900,TP_3824,0
20004704,2024-02-29,PLT103776,+34600003056,user3688@ex.com,STREET_525,SHOP_556,ES761000000837,LOC_302,TP_6237,0
20004705,2024-02-29,PLT107584,+34600000482,user3115@ex.com,STREET_2052,SHOP_242,ES761000003365,LOC_851,TP_4491,0
20004707,2024-02-29,PLT105857,+34600002395,user4589@ex.com,STREET_1489,SHOP_72,ES761000002070,LOC_1020,TP_5837,0
20004708,2024-02-29,PLT107807,+34600001236,user1718@ex.com,STREET_1951,SHOP_703,ES761000002121,LOC_362,TP_238,0
20004709,2024-02-29,PLT105747,+34600001061,user3010@ex.com,STREET_535,SHOP_690,ES761000003400,LOC_289,TP_6350,1
20004710,2024-02-29,PLT102567,+34600000580,user1804@ex.com,STREET_933,SHOP_915,ES761000003491,LOC_496,TP_836,0
20004711,2024-02-29,PLT101930,+34600003701,user459@ex.com,STREET_2095,SHOP_14,ES761000003090,LOC_942,TP_5976,0
20004712,2024-02-29,PLT102286,+34600001707,user4432@ex.com,STREET_2780,SHOP_920,ES761000000818,LOC_330,TP_2502,0
20004713,2024-02-29,PLT105995,+34600001676,user4443@ex.com,STREET_404,SHOP_523,ES761000003549,LOC_511,TP_1697,0
20004714,2024-02-29,PLT101356,+34600002766,user4214@ex.com,STREET_655,SHOP_667,ES761000000826,LOC_1112,TP_6702,0
20004716,2024-02-29,PLT102675,+34600002146,user1705@ex.com,STREET_622,SHOP_314,ES761000001286,LOC_792,TP_1707,0
20004746,2024-02-29,PLT106882,+34600001241,user4545@ex.com,STREET_682,SHOP_368,ES761000002134,LOC_1037,TP_112,0
